
running 1 test
[2m2025-12-05T21:55:54.288396Z[0m [34mDEBUG[0m [2mcommonware_storage::ordinal::storage[0m[2m:[0m [2m139:[0m rebuilding intervals from existing index [3mblobs[0m[2m=[0m0
[2m2025-12-05T21:55:54.288433Z[0m [34mDEBUG[0m [2mcommonware_storage::ordinal::storage[0m[2m:[0m [2m207:[0m rebuilt intervals [3mitems[0m[2m=[0m0 [3melapsed[0m[2m=[0m0ns
[2m2025-12-05T21:55:54.503065Z[0m [34mDEBUG[0m [2mcommonware_storage::ordinal::storage[0m[2m:[0m [2m139:[0m rebuilding intervals from existing index [3mblobs[0m[2m=[0m0
[2m2025-12-05T21:55:54.503090Z[0m [34mDEBUG[0m [2mcommonware_storage::ordinal::storage[0m[2m:[0m [2m207:[0m rebuilt intervals [3mitems[0m[2m=[0m0 [3melapsed[0m[2m=[0m0ns
[2m2025-12-05T21:55:54.503333Z[0m [34mDEBUG[0m [2mcommonware_storage::journal::contiguous::fixed[0m[2m:[0m [2m192:[0m no blobs found
[2m2025-12-05T21:55:54.503431Z[0m [34mDEBUG[0m [2mcommonware_storage::journal::contiguous::fixed[0m[2m:[0m [2m318:[0m syncing blob [3mblob[0m[2m=[0m0
[2m2025-12-05T21:55:54.503515Z[0m [32m INFO[0m [2msummit_finalizer::actor[0m[2m:[0m [2m115:[0m Consensus state not found in database, using provided state with epoch 0 and height 0 - epoch_num_of_blocks: 10
[2m2025-12-05T21:55:54.718479Z[0m [34mDEBUG[0m [2mcommonware_storage::ordinal::storage[0m[2m:[0m [2m139:[0m rebuilding intervals from existing index [3mblobs[0m[2m=[0m0
[2m2025-12-05T21:55:54.718505Z[0m [34mDEBUG[0m [2mcommonware_storage::ordinal::storage[0m[2m:[0m [2m207:[0m rebuilt intervals [3mitems[0m[2m=[0m0 [3melapsed[0m[2m=[0m0ns
[2m2025-12-05T21:55:54.933298Z[0m [34mDEBUG[0m [2mcommonware_storage::ordinal::storage[0m[2m:[0m [2m139:[0m rebuilding intervals from existing index [3mblobs[0m[2m=[0m0
[2m2025-12-05T21:55:54.933321Z[0m [34mDEBUG[0m [2mcommonware_storage::ordinal::storage[0m[2m:[0m [2m207:[0m rebuilt intervals [3mitems[0m[2m=[0m0 [3melapsed[0m[2m=[0m0ns
[2m2025-12-05T21:55:54.933578Z[0m [34mDEBUG[0m [2mcommonware_storage::journal::contiguous::fixed[0m[2m:[0m [2m192:[0m no blobs found
[2m2025-12-05T21:55:54.933649Z[0m [34mDEBUG[0m [2mcommonware_storage::journal::contiguous::fixed[0m[2m:[0m [2m318:[0m syncing blob [3mblob[0m[2m=[0m0
[2m2025-12-05T21:55:54.933720Z[0m [32m INFO[0m [2msummit_finalizer::actor[0m[2m:[0m [2m115:[0m Consensus state not found in database, using provided state with epoch 0 and height 0 - epoch_num_of_blocks: 10
[2m2025-12-05T21:55:55.148572Z[0m [34mDEBUG[0m [2mcommonware_storage::ordinal::storage[0m[2m:[0m [2m139:[0m rebuilding intervals from existing index [3mblobs[0m[2m=[0m0
[2m2025-12-05T21:55:55.148601Z[0m [34mDEBUG[0m [2mcommonware_storage::ordinal::storage[0m[2m:[0m [2m207:[0m rebuilt intervals [3mitems[0m[2m=[0m0 [3melapsed[0m[2m=[0m0ns
[2m2025-12-05T21:55:55.363185Z[0m [34mDEBUG[0m [2mcommonware_storage::ordinal::storage[0m[2m:[0m [2m139:[0m rebuilding intervals from existing index [3mblobs[0m[2m=[0m0
[2m2025-12-05T21:55:55.363209Z[0m [34mDEBUG[0m [2mcommonware_storage::ordinal::storage[0m[2m:[0m [2m207:[0m rebuilt intervals [3mitems[0m[2m=[0m0 [3melapsed[0m[2m=[0m0ns
[2m2025-12-05T21:55:55.363463Z[0m [34mDEBUG[0m [2mcommonware_storage::journal::contiguous::fixed[0m[2m:[0m [2m192:[0m no blobs found
[2m2025-12-05T21:55:55.363531Z[0m [34mDEBUG[0m [2mcommonware_storage::journal::contiguous::fixed[0m[2m:[0m [2m318:[0m syncing blob [3mblob[0m[2m=[0m0
[2m2025-12-05T21:55:55.363605Z[0m [32m INFO[0m [2msummit_finalizer::actor[0m[2m:[0m [2m115:[0m Consensus state not found in database, using provided state with epoch 0 and height 0 - epoch_num_of_blocks: 10
[2m2025-12-05T21:55:55.578528Z[0m [34mDEBUG[0m [2mcommonware_storage::ordinal::storage[0m[2m:[0m [2m139:[0m rebuilding intervals from existing index [3mblobs[0m[2m=[0m0
[2m2025-12-05T21:55:55.578558Z[0m [34mDEBUG[0m [2mcommonware_storage::ordinal::storage[0m[2m:[0m [2m207:[0m rebuilt intervals [3mitems[0m[2m=[0m0 [3melapsed[0m[2m=[0m0ns
[2m2025-12-05T21:55:55.793383Z[0m [34mDEBUG[0m [2mcommonware_storage::ordinal::storage[0m[2m:[0m [2m139:[0m rebuilding intervals from existing index [3mblobs[0m[2m=[0m0
[2m2025-12-05T21:55:55.793410Z[0m [34mDEBUG[0m [2mcommonware_storage::ordinal::storage[0m[2m:[0m [2m207:[0m rebuilt intervals [3mitems[0m[2m=[0m0 [3melapsed[0m[2m=[0m0ns
[2m2025-12-05T21:55:55.793648Z[0m [34mDEBUG[0m [2mcommonware_storage::journal::contiguous::fixed[0m[2m:[0m [2m192:[0m no blobs found
[2m2025-12-05T21:55:55.793726Z[0m [34mDEBUG[0m [2mcommonware_storage::journal::contiguous::fixed[0m[2m:[0m [2m318:[0m syncing blob [3mblob[0m[2m=[0m0
[2m2025-12-05T21:55:55.793802Z[0m [32m INFO[0m [2msummit_finalizer::actor[0m[2m:[0m [2m115:[0m Consensus state not found in database, using provided state with epoch 0 and height 0 - epoch_num_of_blocks: 10
[2m2025-12-05T21:55:56.008543Z[0m [34mDEBUG[0m [2mcommonware_storage::ordinal::storage[0m[2m:[0m [2m139:[0m rebuilding intervals from existing index [3mblobs[0m[2m=[0m0
[2m2025-12-05T21:55:56.008571Z[0m [34mDEBUG[0m [2mcommonware_storage::ordinal::storage[0m[2m:[0m [2m207:[0m rebuilt intervals [3mitems[0m[2m=[0m0 [3melapsed[0m[2m=[0m0ns
[2m2025-12-05T21:55:56.223439Z[0m [34mDEBUG[0m [2mcommonware_storage::ordinal::storage[0m[2m:[0m [2m139:[0m rebuilding intervals from existing index [3mblobs[0m[2m=[0m0
[2m2025-12-05T21:55:56.223466Z[0m [34mDEBUG[0m [2mcommonware_storage::ordinal::storage[0m[2m:[0m [2m207:[0m rebuilt intervals [3mitems[0m[2m=[0m0 [3melapsed[0m[2m=[0m0ns
[2m2025-12-05T21:55:56.223697Z[0m [34mDEBUG[0m [2mcommonware_storage::journal::contiguous::fixed[0m[2m:[0m [2m192:[0m no blobs found
[2m2025-12-05T21:55:56.223772Z[0m [34mDEBUG[0m [2mcommonware_storage::journal::contiguous::fixed[0m[2m:[0m [2m318:[0m syncing blob [3mblob[0m[2m=[0m0
[2m2025-12-05T21:55:56.223864Z[0m [32m INFO[0m [2msummit_finalizer::actor[0m[2m:[0m [2m115:[0m Consensus state not found in database, using provided state with epoch 0 and height 0 - epoch_num_of_blocks: 10
[2m2025-12-05T21:55:56.231629Z[0m [33m WARN[0m [2mcommonware_p2p::simulated::network[0m[2m:[0m [2m249:[0m peer set already exists [3mid[0m[2m=[0m0
[2m2025-12-05T21:55:56.231643Z[0m [33m WARN[0m [2mcommonware_p2p::simulated::network[0m[2m:[0m [2m249:[0m peer set already exists [3mid[0m[2m=[0m0
[2m2025-12-05T21:55:56.231648Z[0m [33m WARN[0m [2mcommonware_p2p::simulated::network[0m[2m:[0m [2m249:[0m peer set already exists [3mid[0m[2m=[0m0
[2m2025-12-05T21:55:56.231652Z[0m [33m WARN[0m [2mcommonware_p2p::simulated::network[0m[2m:[0m [2m249:[0m peer set already exists [3mid[0m[2m=[0m0
[2m2025-12-05T21:55:56.232862Z[0m [32m INFO[0m [2msummit_orchestrator::actor[0m[2m:[0m [2m402:[0m orchestrator: starting Simplex engine for epoch 0
[2m2025-12-05T21:55:56.232950Z[0m [32m INFO[0m [2msummit_orchestrator::actor[0m[2m:[0m [2m332:[0m entered epoch [3mepoch[0m[2m=[0m0
[2m2025-12-05T21:55:56.232974Z[0m [32m INFO[0m [2msummit_orchestrator::actor[0m[2m:[0m [2m402:[0m orchestrator: starting Simplex engine for epoch 0
[2m2025-12-05T21:55:56.232990Z[0m [32m INFO[0m [2msummit_orchestrator::actor[0m[2m:[0m [2m332:[0m entered epoch [3mepoch[0m[2m=[0m0
[2m2025-12-05T21:55:56.233004Z[0m [32m INFO[0m [2msummit_orchestrator::actor[0m[2m:[0m [2m402:[0m orchestrator: starting Simplex engine for epoch 0
[2m2025-12-05T21:55:56.233021Z[0m [32m INFO[0m [2msummit_orchestrator::actor[0m[2m:[0m [2m332:[0m entered epoch [3mepoch[0m[2m=[0m0
[2m2025-12-05T21:55:56.233035Z[0m [32m INFO[0m [2msummit_orchestrator::actor[0m[2m:[0m [2m402:[0m orchestrator: starting Simplex engine for epoch 0
[2m2025-12-05T21:55:56.233049Z[0m [32m INFO[0m [2msummit_orchestrator::actor[0m[2m:[0m [2m332:[0m entered epoch [3mepoch[0m[2m=[0m0
[2m2025-12-05T21:55:56.233286Z[0m [32m INFO[0m [2msummit_orchestrator::actor[0m[2m:[0m [2m402:[0m orchestrator: starting Simplex engine for epoch 0
[2m2025-12-05T21:55:56.233303Z[0m [32m INFO[0m [2msummit_orchestrator::actor[0m[2m:[0m [2m332:[0m entered epoch [3mepoch[0m[2m=[0m0
[2m2025-12-05T21:55:56.234471Z[0m [34mDEBUG[0m [2mcommonware_consensus::simplex::actors::voter::round[0m[2m:[0m [2m174:[0m leader elected [3mround[0m[2m=[0mRound { epoch: Epoch(0), view: View(1) } [3mleader[0m[2m=[0m478b8e507e0bb2b18c0f9e0824769e8562d10df9abe2e774896f82b4b4405266 [3mleader_idx[0m[2m=[0m1
[2m2025-12-05T21:55:56.234568Z[0m [32m INFO[0m [2mcommonware_consensus::simplex::actors::voter::actor[0m[2m:[0m [2m715:[0m consensus initialized [3mcurrent_view[0m[2m=[0m1 [3melapsed[0m[2m=[0m0ns
[2m2025-12-05T21:55:56.234623Z[0m [34mDEBUG[0m [2mcommonware_consensus::simplex::actors::voter::round[0m[2m:[0m [2m174:[0m leader elected [3mround[0m[2m=[0mRound { epoch: Epoch(0), view: View(1) } [3mleader[0m[2m=[0m478b8e507e0bb2b18c0f9e0824769e8562d10df9abe2e774896f82b4b4405266 [3mleader_idx[0m[2m=[0m1
[2m2025-12-05T21:55:56.234660Z[0m [32m INFO[0m [2mcommonware_consensus::simplex::actors::voter::actor[0m[2m:[0m [2m715:[0m consensus initialized [3mcurrent_view[0m[2m=[0m1 [3melapsed[0m[2m=[0m0ns
[2m2025-12-05T21:55:56.234716Z[0m [34mDEBUG[0m [2mcommonware_consensus::simplex::actors::voter::round[0m[2m:[0m [2m174:[0m leader elected [3mround[0m[2m=[0mRound { epoch: Epoch(0), view: View(1) } [3mleader[0m[2m=[0m478b8e507e0bb2b18c0f9e0824769e8562d10df9abe2e774896f82b4b4405266 [3mleader_idx[0m[2m=[0m1
[2m2025-12-05T21:55:56.234752Z[0m [32m INFO[0m [2mcommonware_consensus::simplex::actors::voter::actor[0m[2m:[0m [2m715:[0m consensus initialized [3mcurrent_view[0m[2m=[0m1 [3melapsed[0m[2m=[0m0ns
[2m2025-12-05T21:55:56.234792Z[0m [34mDEBUG[0m [2mcommonware_consensus::simplex::actors::voter::round[0m[2m:[0m [2m174:[0m leader elected [3mround[0m[2m=[0mRound { epoch: Epoch(0), view: View(1) } [3mleader[0m[2m=[0m478b8e507e0bb2b18c0f9e0824769e8562d10df9abe2e774896f82b4b4405266 [3mleader_idx[0m[2m=[0m1
[2m2025-12-05T21:55:56.234828Z[0m [32m INFO[0m [2mcommonware_consensus::simplex::actors::voter::actor[0m[2m:[0m [2m715:[0m consensus initialized [3mcurrent_view[0m[2m=[0m1 [3melapsed[0m[2m=[0m0ns
[2m2025-12-05T21:55:56.234937Z[0m [34mDEBUG[0m [2mcommonware_consensus::simplex::actors::voter::round[0m[2m:[0m [2m174:[0m leader elected [3mround[0m[2m=[0mRound { epoch: Epoch(0), view: View(1) } [3mleader[0m[2m=[0m478b8e507e0bb2b18c0f9e0824769e8562d10df9abe2e774896f82b4b4405266 [3mleader_idx[0m[2m=[0m1
[2m2025-12-05T21:55:56.234977Z[0m [32m INFO[0m [2mcommonware_consensus::simplex::actors::voter::actor[0m[2m:[0m [2m715:[0m consensus initialized [3mcurrent_view[0m[2m=[0m1 [3melapsed[0m[2m=[0m0ns
[2m2025-12-05T21:55:56.235488Z[0m [34mDEBUG[0m [2mcommonware_consensus::simplex::actors::voter::actor[0m[2m:[0m [2m281:[0m broadcasting nullify [3mround[0m[2m=[0mRound { epoch: Epoch(0), view: View(1) }
[2m2025-12-05T21:55:56.235908Z[0m [34mDEBUG[0m [2mcommonware_consensus::simplex::actors::voter::actor[0m[2m:[0m [2m281:[0m broadcasting nullify [3mround[0m[2m=[0mRound { epoch: Epoch(0), view: View(1) }
[2m2025-12-05T21:55:56.236338Z[0m [34mDEBUG[0m [2mcommonware_consensus::simplex::actors::voter::actor[0m[2m:[0m [2m281:[0m broadcasting nullify [3mround[0m[2m=[0mRound { epoch: Epoch(0), view: View(1) }
[2m2025-12-05T21:55:56.236376Z[0m [34mDEBUG[0m [2mcommonware_consensus::simplex::actors::voter::actor[0m[2m:[0m [2m245:[0m requested proposal from automaton [3mround[0m[2m=[0mRound { epoch: Epoch(0), view: View(1) }
[2m2025-12-05T21:55:56.236737Z[0m [34mDEBUG[0m [2mcommonware_consensus::simplex::actors::voter::actor[0m[2m:[0m [2m281:[0m broadcasting nullify [3mround[0m[2m=[0mRound { epoch: Epoch(0), view: View(1) }
[2m2025-12-05T21:55:56.237230Z[0m [34mDEBUG[0m [2mcommonware_consensus::simplex::actors::voter::actor[0m[2m:[0m [2m281:[0m broadcasting nullify [3mround[0m[2m=[0mRound { epoch: Epoch(0), view: View(1) }
[2m2025-12-05T21:55:56.237290Z[0m [34mDEBUG[0m [2msummit_application::actor[0m[2m:[0m [2m151:[0m 48 application: Handling message Propose for round (0, 1) (epoch 0, view 1), parent height: 0
[2m2025-12-05T21:55:56.239144Z[0m [33m WARN[0m [2mcommonware_consensus::simplex::actors::voter::actor[0m[2m:[0m [2m826:[0m dropped our proposal [3mround[0m[2m=[0mRound { epoch: Epoch(0), view: View(1) }
[2m2025-12-05T21:55:56.250909Z[0m [34mDEBUG[0m [2mcommonware_consensus::simplex::actors::voter::round[0m[2m:[0m [2m174:[0m leader elected [3mround[0m[2m=[0mRound { epoch: Epoch(0), view: View(2) } [3mleader[0m[2m=[0m5925ba86e2189444a6c3b437b25d2ef35daecd1abf82c5fb36060f9fc0af428c [3mleader_idx[0m[2m=[0m2
[2m2025-12-05T21:55:56.250979Z[0m [34mDEBUG[0m [2mcommonware_consensus::simplex::actors::voter::actor[0m[2m:[0m [2m479:[0m broadcasting nullification [3mround[0m[2m=[0mRound { epoch: Epoch(0), view: View(1) }
[2m2025-12-05T21:55:56.251090Z[0m [34mDEBUG[0m [2mcommonware_consensus::simplex::actors::voter::round[0m[2m:[0m [2m174:[0m leader elected [3mround[0m[2m=[0mRound { epoch: Epoch(0), view: View(2) } [3mleader[0m[2m=[0m5925ba86e2189444a6c3b437b25d2ef35daecd1abf82c5fb36060f9fc0af428c [3mleader_idx[0m[2m=[0m2
[2m2025-12-05T21:55:56.251160Z[0m [34mDEBUG[0m [2mcommonware_consensus::simplex::actors::voter::actor[0m[2m:[0m [2m479:[0m broadcasting nullification [3mround[0m[2m=[0mRound { epoch: Epoch(0), view: View(1) }
[2m2025-12-05T21:55:56.254855Z[0m [34mDEBUG[0m [2mcommonware_consensus::simplex::actors::voter::round[0m[2m:[0m [2m174:[0m leader elected [3mround[0m[2m=[0mRound { epoch: Epoch(0), view: View(2) } [3mleader[0m[2m=[0m5925ba86e2189444a6c3b437b25d2ef35daecd1abf82c5fb36060f9fc0af428c [3mleader_idx[0m[2m=[0m2
[2m2025-12-05T21:55:56.254911Z[0m [34mDEBUG[0m [2mcommonware_consensus::simplex::actors::voter::actor[0m[2m:[0m [2m479:[0m broadcasting nullification [3mround[0m[2m=[0mRound { epoch: Epoch(0), view: View(1) }
[2m2025-12-05T21:55:56.255013Z[0m [34mDEBUG[0m [2mcommonware_consensus::simplex::actors::voter::round[0m[2m:[0m [2m174:[0m leader elected [3mround[0m[2m=[0mRound { epoch: Epoch(0), view: View(2) } [3mleader[0m[2m=[0m5925ba86e2189444a6c3b437b25d2ef35daecd1abf82c5fb36060f9fc0af428c [3mleader_idx[0m[2m=[0m2
[2m2025-12-05T21:55:56.255066Z[0m [34mDEBUG[0m [2mcommonware_consensus::simplex::actors::voter::actor[0m[2m:[0m [2m479:[0m broadcasting nullification [3mround[0m[2m=[0mRound { epoch: Epoch(0), view: View(1) }
[2m2025-12-05T21:55:56.256971Z[0m [34mDEBUG[0m [2mcommonware_consensus::simplex::actors::voter::actor[0m[2m:[0m [2m245:[0m requested proposal from automaton [3mround[0m[2m=[0mRound { epoch: Epoch(0), view: View(2) }
[2m2025-12-05T21:55:56.257095Z[0m [34mDEBUG[0m [2msummit_application::actor[0m[2m:[0m [2m151:[0m 140 application: Handling message Propose for round (0, 2) (epoch 0, view 2), parent height: 0
[2m2025-12-05T21:55:56.258384Z[0m [34mDEBUG[0m [2mcommonware_consensus::simplex::actors::voter::round[0m[2m:[0m [2m174:[0m leader elected [3mround[0m[2m=[0mRound { epoch: Epoch(0), view: View(2) } [3mleader[0m[2m=[0m5925ba86e2189444a6c3b437b25d2ef35daecd1abf82c5fb36060f9fc0af428c [3mleader_idx[0m[2m=[0m2
[2m2025-12-05T21:55:56.258450Z[0m [34mDEBUG[0m [2mcommonware_consensus::simplex::actors::voter::actor[0m[2m:[0m [2m479:[0m broadcasting nullification [3mround[0m[2m=[0mRound { epoch: Epoch(0), view: View(1) }
[2m2025-12-05T21:55:56.259594Z[0m [34mDEBUG[0m [2mcommonware_consensus::simplex::actors::voter::actor[0m[2m:[0m [2m387:[0m broadcasting notarize [3mproposal[0m[2m=[0mProposal { round: Round { epoch: Epoch(0), view: View(2) }, parent: View(0), payload: 4c30f612f962fb75eb92cd45e7ad0425d34d2d4683592311dc47bf3856028e01 }
[2m2025-12-05T21:55:56.259688Z[0m [32m INFO[0m [2msummit_application::actor[0m[2m:[0m [2m202:[0m 140 Handling message Broadcast
[2m2025-12-05T21:55:56.264584Z[0m [34mDEBUG[0m [2mcommonware_consensus::simplex::actors::voter::actor[0m[2m:[0m [2m255:[0m requested proposal verification [3mproposal[0m[2m=[0mProposal { round: Round { epoch: Epoch(0), view: View(2) }, parent: View(0), payload: 4c30f612f962fb75eb92cd45e7ad0425d34d2d4683592311dc47bf3856028e01 }
[2m2025-12-05T21:55:56.264620Z[0m [34mDEBUG[0m [2msummit_application::actor[0m[2m:[0m [2m225:[0m 48 application: Handling message Verify for round (0, 2) (epoch 0, view 2), parent height: 0
[2m2025-12-05T21:55:56.264963Z[0m [34mDEBUG[0m [2msummit_syncer::actor[0m[2m:[0m [2m519:[0m requested block missing [3mround[0m[2m=[0mRound { epoch: Epoch(0), view: View(2) } [3mcommitment[0m[2m=[0m4c30f612f962fb75eb92cd45e7ad0425d34d2d4683592311dc47bf3856028e01
[2m2025-12-05T21:55:56.264978Z[0m [34mDEBUG[0m [2msummit_syncer::actor[0m[2m:[0m [2m524:[0m registering subscriber [3mround[0m[2m=[0mSome(Round { epoch: Epoch(0), view: View(2) }) [3mcommitment[0m[2m=[0m4c30f612f962fb75eb92cd45e7ad0425d34d2d4683592311dc47bf3856028e01
[2m2025-12-05T21:55:56.266248Z[0m [34mDEBUG[0m [2mcommonware_consensus::simplex::actors::voter::actor[0m[2m:[0m [2m255:[0m requested proposal verification [3mproposal[0m[2m=[0mProposal { round: Round { epoch: Epoch(0), view: View(2) }, parent: View(0), payload: 4c30f612f962fb75eb92cd45e7ad0425d34d2d4683592311dc47bf3856028e01 }
[2m2025-12-05T21:55:56.266286Z[0m [34mDEBUG[0m [2msummit_application::actor[0m[2m:[0m [2m225:[0m 155 application: Handling message Verify for round (0, 2) (epoch 0, view 2), parent height: 0
[2m2025-12-05T21:55:56.266730Z[0m [34mDEBUG[0m [2msummit_syncer::actor[0m[2m:[0m [2m519:[0m requested block missing [3mround[0m[2m=[0mRound { epoch: Epoch(0), view: View(2) } [3mcommitment[0m[2m=[0m4c30f612f962fb75eb92cd45e7ad0425d34d2d4683592311dc47bf3856028e01
[2m2025-12-05T21:55:56.266744Z[0m [34mDEBUG[0m [2msummit_syncer::actor[0m[2m:[0m [2m524:[0m registering subscriber [3mround[0m[2m=[0mSome(Round { epoch: Epoch(0), view: View(2) }) [3mcommitment[0m[2m=[0m4c30f612f962fb75eb92cd45e7ad0425d34d2d4683592311dc47bf3856028e01
[2m2025-12-05T21:55:56.267942Z[0m [34mDEBUG[0m [2mcommonware_consensus::simplex::actors::voter::actor[0m[2m:[0m [2m255:[0m requested proposal verification [3mproposal[0m[2m=[0mProposal { round: Round { epoch: Epoch(0), view: View(2) }, parent: View(0), payload: 4c30f612f962fb75eb92cd45e7ad0425d34d2d4683592311dc47bf3856028e01 }
[2m2025-12-05T21:55:56.268048Z[0m [34mDEBUG[0m [2msummit_application::actor[0m[2m:[0m [2m225:[0m 65 application: Handling message Verify for round (0, 2) (epoch 0, view 2), parent height: 0
[2m2025-12-05T21:55:56.269829Z[0m [34mDEBUG[0m [2mcommonware_consensus::simplex::actors::voter::actor[0m[2m:[0m [2m387:[0m broadcasting notarize [3mproposal[0m[2m=[0mProposal { round: Round { epoch: Epoch(0), view: View(2) }, parent: View(0), payload: 4c30f612f962fb75eb92cd45e7ad0425d34d2d4683592311dc47bf3856028e01 }
[2m2025-12-05T21:55:56.269952Z[0m [34mDEBUG[0m [2mcommonware_storage::archive::prunable::storage[0m[2m:[0m [2m115:[0m initializing archive
[2m2025-12-05T21:55:56.269963Z[0m [34mDEBUG[0m [2mcommonware_storage::archive::prunable::storage[0m[2m:[0m [2m131:[0m archive initialized
[2m2025-12-05T21:55:56.270028Z[0m [32m INFO[0m [2msummit_syncer::cache[0m[2m:[0m [2m212:[0m restored verified archive [3melapsed[0m[2m=[0m152.415µs
[2m2025-12-05T21:55:56.270080Z[0m [34mDEBUG[0m [2mcommonware_storage::archive::prunable::storage[0m[2m:[0m [2m115:[0m initializing archive
[2m2025-12-05T21:55:56.270084Z[0m [34mDEBUG[0m [2mcommonware_storage::archive::prunable::storage[0m[2m:[0m [2m131:[0m archive initialized
[2m2025-12-05T21:55:56.270122Z[0m [32m INFO[0m [2msummit_syncer::cache[0m[2m:[0m [2m212:[0m restored notarized archive [3melapsed[0m[2m=[0m84.578µs
[2m2025-12-05T21:55:56.270173Z[0m [34mDEBUG[0m [2mcommonware_storage::archive::prunable::storage[0m[2m:[0m [2m115:[0m initializing archive
[2m2025-12-05T21:55:56.270180Z[0m [34mDEBUG[0m [2mcommonware_storage::archive::prunable::storage[0m[2m:[0m [2m131:[0m archive initialized
[2m2025-12-05T21:55:56.270217Z[0m [32m INFO[0m [2msummit_syncer::cache[0m[2m:[0m [2m212:[0m restored notarizations archive [3melapsed[0m[2m=[0m89.297µs
[2m2025-12-05T21:55:56.270267Z[0m [34mDEBUG[0m [2mcommonware_storage::archive::prunable::storage[0m[2m:[0m [2m115:[0m initializing archive
[2m2025-12-05T21:55:56.270275Z[0m [34mDEBUG[0m [2mcommonware_storage::archive::prunable::storage[0m[2m:[0m [2m131:[0m archive initialized
[2m2025-12-05T21:55:56.270316Z[0m [32m INFO[0m [2msummit_syncer::cache[0m[2m:[0m [2m212:[0m restored finalizations archive [3melapsed[0m[2m=[0m93.905µs
[2m2025-12-05T21:55:56.270456Z[0m [34mDEBUG[0m [2msummit_syncer::cache[0m[2m:[0m [2m278:[0m cached [3mround[0m[2m=[0mRound { epoch: Epoch(0), view: View(2) } [3mname[0m[2m=[0m"verified"
[2m2025-12-05T21:55:56.270525Z[0m [34mDEBUG[0m [2mcommonware_consensus::simplex::actors::voter::actor[0m[2m:[0m [2m255:[0m requested proposal verification [3mproposal[0m[2m=[0mProposal { round: Round { epoch: Epoch(0), view: View(2) }, parent: View(0), payload: 4c30f612f962fb75eb92cd45e7ad0425d34d2d4683592311dc47bf3856028e01 }
[2m2025-12-05T21:55:56.270570Z[0m [34mDEBUG[0m [2msummit_application::actor[0m[2m:[0m [2m225:[0m 125 application: Handling message Verify for round (0, 2) (epoch 0, view 2), parent height: 0
[2m2025-12-05T21:55:56.271150Z[0m [34mDEBUG[0m [2msummit_syncer::actor[0m[2m:[0m [2m519:[0m requested block missing [3mround[0m[2m=[0mRound { epoch: Epoch(0), view: View(2) } [3mcommitment[0m[2m=[0m4c30f612f962fb75eb92cd45e7ad0425d34d2d4683592311dc47bf3856028e01
[2m2025-12-05T21:55:56.271164Z[0m [34mDEBUG[0m [2msummit_syncer::actor[0m[2m:[0m [2m524:[0m registering subscriber [3mround[0m[2m=[0mSome(Round { epoch: Epoch(0), view: View(2) }) [3mcommitment[0m[2m=[0m4c30f612f962fb75eb92cd45e7ad0425d34d2d4683592311dc47bf3856028e01
[2m2025-12-05T21:55:56.271585Z[0m [34mDEBUG[0m [2mcommonware_storage::archive::prunable::storage[0m[2m:[0m [2m115:[0m initializing archive
[2m2025-12-05T21:55:56.271596Z[0m [34mDEBUG[0m [2mcommonware_storage::archive::prunable::storage[0m[2m:[0m [2m131:[0m archive initialized
[2m2025-12-05T21:55:56.271634Z[0m [32m INFO[0m [2msummit_syncer::cache[0m[2m:[0m [2m212:[0m restored verified archive [3melapsed[0m[2m=[0m105.547µs
[2m2025-12-05T21:55:56.271685Z[0m [34mDEBUG[0m [2mcommonware_storage::archive::prunable::storage[0m[2m:[0m [2m115:[0m initializing archive
[2m2025-12-05T21:55:56.271690Z[0m [34mDEBUG[0m [2mcommonware_storage::archive::prunable::storage[0m[2m:[0m [2m131:[0m archive initialized
[2m2025-12-05T21:55:56.271726Z[0m [32m INFO[0m [2msummit_syncer::cache[0m[2m:[0m [2m212:[0m restored notarized archive [3melapsed[0m[2m=[0m87.343µs
[2m2025-12-05T21:55:56.271776Z[0m [34mDEBUG[0m [2mcommonware_storage::archive::prunable::storage[0m[2m:[0m [2m115:[0m initializing archive
[2m2025-12-05T21:55:56.271788Z[0m [34mDEBUG[0m [2mcommonware_storage::archive::prunable::storage[0m[2m:[0m [2m131:[0m archive initialized
[2m2025-12-05T21:55:56.271827Z[0m [32m INFO[0m [2msummit_syncer::cache[0m[2m:[0m [2m212:[0m restored notarizations archive [3melapsed[0m[2m=[0m97.322µs
[2m2025-12-05T21:55:56.271878Z[0m [34mDEBUG[0m [2mcommonware_storage::archive::prunable::storage[0m[2m:[0m [2m115:[0m initializing archive
[2m2025-12-05T21:55:56.271883Z[0m [34mDEBUG[0m [2mcommonware_storage::archive::prunable::storage[0m[2m:[0m [2m131:[0m archive initialized
[2m2025-12-05T21:55:56.271921Z[0m [32m INFO[0m [2msummit_syncer::cache[0m[2m:[0m [2m212:[0m restored finalizations archive [3melapsed[0m[2m=[0m89.617µs
[2m2025-12-05T21:55:56.272031Z[0m [34mDEBUG[0m [2msummit_syncer::cache[0m[2m:[0m [2m278:[0m cached [3mround[0m[2m=[0mRound { epoch: Epoch(0), view: View(2) } [3mname[0m[2m=[0m"verified"
[2m2025-12-05T21:55:56.272401Z[0m [34mDEBUG[0m [2mcommonware_consensus::simplex::actors::voter::actor[0m[2m:[0m [2m387:[0m broadcasting notarize [3mproposal[0m[2m=[0mProposal { round: Round { epoch: Epoch(0), view: View(2) }, parent: View(0), payload: 4c30f612f962fb75eb92cd45e7ad0425d34d2d4683592311dc47bf3856028e01 }
[2m2025-12-05T21:55:56.273274Z[0m [34mDEBUG[0m [2mcommonware_consensus::simplex::actors::voter::actor[0m[2m:[0m [2m387:[0m broadcasting notarize [3mproposal[0m[2m=[0mProposal { round: Round { epoch: Epoch(0), view: View(2) }, parent: View(0), payload: 4c30f612f962fb75eb92cd45e7ad0425d34d2d4683592311dc47bf3856028e01 }
[2m2025-12-05T21:55:56.273368Z[0m [34mDEBUG[0m [2mcommonware_storage::archive::prunable::storage[0m[2m:[0m [2m115:[0m initializing archive
[2m2025-12-05T21:55:56.273374Z[0m [34mDEBUG[0m [2mcommonware_storage::archive::prunable::storage[0m[2m:[0m [2m131:[0m archive initialized
[2m2025-12-05T21:55:56.273411Z[0m [32m INFO[0m [2msummit_syncer::cache[0m[2m:[0m [2m212:[0m restored verified archive [3melapsed[0m[2m=[0m98.073µs
[2m2025-12-05T21:55:56.273460Z[0m [34mDEBUG[0m [2mcommonware_storage::archive::prunable::storage[0m[2m:[0m [2m115:[0m initializing archive
[2m2025-12-05T21:55:56.273464Z[0m [34mDEBUG[0m [2mcommonware_storage::archive::prunable::storage[0m[2m:[0m [2m131:[0m archive initialized
[2m2025-12-05T21:55:56.273499Z[0m [32m INFO[0m [2msummit_syncer::cache[0m[2m:[0m [2m212:[0m restored notarized archive [3melapsed[0m[2m=[0m83.847µs
[2m2025-12-05T21:55:56.273548Z[0m [34mDEBUG[0m [2mcommonware_storage::archive::prunable::storage[0m[2m:[0m [2m115:[0m initializing archive
[2m2025-12-05T21:55:56.273553Z[0m [34mDEBUG[0m [2mcommonware_storage::archive::prunable::storage[0m[2m:[0m [2m131:[0m archive initialized
[2m2025-12-05T21:55:56.273589Z[0m [32m INFO[0m [2msummit_syncer::cache[0m[2m:[0m [2m212:[0m restored notarizations archive [3melapsed[0m[2m=[0m85.4µs
[2m2025-12-05T21:55:56.273641Z[0m [34mDEBUG[0m [2mcommonware_storage::archive::prunable::storage[0m[2m:[0m [2m115:[0m initializing archive
[2m2025-12-05T21:55:56.273645Z[0m [34mDEBUG[0m [2mcommonware_storage::archive::prunable::storage[0m[2m:[0m [2m131:[0m archive initialized
[2m2025-12-05T21:55:56.273684Z[0m [32m INFO[0m [2msummit_syncer::cache[0m[2m:[0m [2m212:[0m restored finalizations archive [3melapsed[0m[2m=[0m90.319µs
[2m2025-12-05T21:55:56.273799Z[0m [34mDEBUG[0m [2msummit_syncer::cache[0m[2m:[0m [2m278:[0m cached [3mround[0m[2m=[0mRound { epoch: Epoch(0), view: View(2) } [3mname[0m[2m=[0m"verified"
[2m2025-12-05T21:55:56.274636Z[0m [34mDEBUG[0m [2mcommonware_consensus::simplex::actors::voter::actor[0m[2m:[0m [2m387:[0m broadcasting notarize [3mproposal[0m[2m=[0mProposal { round: Round { epoch: Epoch(0), view: View(2) }, parent: View(0), payload: 4c30f612f962fb75eb92cd45e7ad0425d34d2d4683592311dc47bf3856028e01 }
[2m2025-12-05T21:55:56.274728Z[0m [34mDEBUG[0m [2mcommonware_storage::archive::prunable::storage[0m[2m:[0m [2m115:[0m initializing archive
[2m2025-12-05T21:55:56.274742Z[0m [34mDEBUG[0m [2mcommonware_storage::archive::prunable::storage[0m[2m:[0m [2m131:[0m archive initialized
[2m2025-12-05T21:55:56.274785Z[0m [32m INFO[0m [2msummit_syncer::cache[0m[2m:[0m [2m212:[0m restored verified archive [3melapsed[0m[2m=[0m110.146µs
[2m2025-12-05T21:55:56.274835Z[0m [34mDEBUG[0m [2mcommonware_storage::archive::prunable::storage[0m[2m:[0m [2m115:[0m initializing archive
[2m2025-12-05T21:55:56.274839Z[0m [34mDEBUG[0m [2mcommonware_storage::archive::prunable::storage[0m[2m:[0m [2m131:[0m archive initialized
[2m2025-12-05T21:55:56.274875Z[0m [32m INFO[0m [2msummit_syncer::cache[0m[2m:[0m [2m212:[0m restored notarized archive [3melapsed[0m[2m=[0m84.759µs
[2m2025-12-05T21:55:56.274923Z[0m [34mDEBUG[0m [2mcommonware_storage::archive::prunable::storage[0m[2m:[0m [2m115:[0m initializing archive
[2m2025-12-05T21:55:56.274928Z[0m [34mDEBUG[0m [2mcommonware_storage::archive::prunable::storage[0m[2m:[0m [2m131:[0m archive initialized
[2m2025-12-05T21:55:56.274964Z[0m [32m INFO[0m [2msummit_syncer::cache[0m[2m:[0m [2m212:[0m restored notarizations archive [3melapsed[0m[2m=[0m85.62µs
[2m2025-12-05T21:55:56.275017Z[0m [34mDEBUG[0m [2mcommonware_storage::archive::prunable::storage[0m[2m:[0m [2m115:[0m initializing archive
[2m2025-12-05T21:55:56.275021Z[0m [34mDEBUG[0m [2mcommonware_storage::archive::prunable::storage[0m[2m:[0m [2m131:[0m archive initialized
[2m2025-12-05T21:55:56.275057Z[0m [32m INFO[0m [2msummit_syncer::cache[0m[2m:[0m [2m212:[0m restored finalizations archive [3melapsed[0m[2m=[0m88.956µs
[2m2025-12-05T21:55:56.275166Z[0m [34mDEBUG[0m [2msummit_syncer::cache[0m[2m:[0m [2m278:[0m cached [3mround[0m[2m=[0mRound { epoch: Epoch(0), view: View(2) } [3mname[0m[2m=[0m"verified"
[2m2025-12-05T21:55:56.275516Z[0m [34mDEBUG[0m [2msummit_syncer::actor[0m[2m:[0m [2m617:[0m notarization missing on request [3mround[0m[2m=[0mRound { epoch: Epoch(0), view: View(2) }
[2m2025-12-05T21:55:56.275544Z[0m [34mDEBUG[0m [2mcommonware_resolver::p2p::engine[0m[2m:[0m [2m291:[0m serve failed [3merr[0m[2m=[0mCanceled [3mpeer[0m[2m=[0m478b8e507e0bb2b18c0f9e0824769e8562d10df9abe2e774896f82b4b4405266 [3mid[0m[2m=[0m0
[2m2025-12-05T21:55:56.275742Z[0m [34mDEBUG[0m [2msummit_syncer::actor[0m[2m:[0m [2m617:[0m notarization missing on request [3mround[0m[2m=[0mRound { epoch: Epoch(0), view: View(2) }
[2m2025-12-05T21:55:56.275766Z[0m [34mDEBUG[0m [2mcommonware_resolver::p2p::engine[0m[2m:[0m [2m291:[0m serve failed [3merr[0m[2m=[0mCanceled [3mpeer[0m[2m=[0mec8924090e507c2d8371d2fb0bf965d553e6e5756aeec6c274df3801cf2b49b9 [3mid[0m[2m=[0m0
[2m2025-12-05T21:55:56.279372Z[0m [34mDEBUG[0m [2mcommonware_consensus::simplex::actors::voter::round[0m[2m:[0m [2m174:[0m leader elected [3mround[0m[2m=[0mRound { epoch: Epoch(0), view: View(3) } [3mleader[0m[2m=[0mec8924090e507c2d8371d2fb0bf965d553e6e5756aeec6c274df3801cf2b49b9 [3mleader_idx[0m[2m=[0m3
[2m2025-12-05T21:55:56.279431Z[0m [34mDEBUG[0m [2mcommonware_consensus::simplex::actors::voter::actor[0m[2m:[0m [2m446:[0m broadcasting notarization [3mproposal[0m[2m=[0mProposal { round: Round { epoch: Epoch(0), view: View(2) }, parent: View(0), payload: 4c30f612f962fb75eb92cd45e7ad0425d34d2d4683592311dc47bf3856028e01 }
[2m2025-12-05T21:55:56.279515Z[0m [34mDEBUG[0m [2mcommonware_consensus::simplex::actors::voter::round[0m[2m:[0m [2m174:[0m leader elected [3mround[0m[2m=[0mRound { epoch: Epoch(0), view: View(3) } [3mleader[0m[2m=[0mec8924090e507c2d8371d2fb0bf965d553e6e5756aeec6c274df3801cf2b49b9 [3mleader_idx[0m[2m=[0m3
[2m2025-12-05T21:55:56.279568Z[0m [34mDEBUG[0m [2mcommonware_consensus::simplex::actors::voter::actor[0m[2m:[0m [2m446:[0m broadcasting notarization [3mproposal[0m[2m=[0mProposal { round: Round { epoch: Epoch(0), view: View(2) }, parent: View(0), payload: 4c30f612f962fb75eb92cd45e7ad0425d34d2d4683592311dc47bf3856028e01 }
[2m2025-12-05T21:55:56.280250Z[0m [34mDEBUG[0m [2mcommonware_consensus::simplex::actors::voter::actor[0m[2m:[0m [2m511:[0m broadcasting finalize [3mproposal[0m[2m=[0mProposal { round: Round { epoch: Epoch(0), view: View(2) }, parent: View(0), payload: 4c30f612f962fb75eb92cd45e7ad0425d34d2d4683592311dc47bf3856028e01 }
[2m2025-12-05T21:55:56.280621Z[0m [34mDEBUG[0m [2mcommonware_consensus::simplex::actors::voter::actor[0m[2m:[0m [2m511:[0m broadcasting finalize [3mproposal[0m[2m=[0mProposal { round: Round { epoch: Epoch(0), view: View(2) }, parent: View(0), payload: 4c30f612f962fb75eb92cd45e7ad0425d34d2d4683592311dc47bf3856028e01 }
[2m2025-12-05T21:55:56.280728Z[0m [34mDEBUG[0m [2msummit_syncer::cache[0m[2m:[0m [2m278:[0m cached [3mround[0m[2m=[0mRound { epoch: Epoch(0), view: View(2) } [3mname[0m[2m=[0m"notarization"
[2m2025-12-05T21:55:56.280865Z[0m [34mDEBUG[0m [2msummit_syncer::cache[0m[2m:[0m [2m278:[0m cached [3mround[0m[2m=[0mRound { epoch: Epoch(0), view: View(2) } [3mname[0m[2m=[0m"notarization"
[2m2025-12-05T21:55:56.281282Z[0m [34mDEBUG[0m [2msummit_syncer::cache[0m[2m:[0m [2m278:[0m cached [3mround[0m[2m=[0mRound { epoch: Epoch(0), view: View(2) } [3mname[0m[2m=[0m"notarized"
[2m2025-12-05T21:55:56.281477Z[0m [34mDEBUG[0m [2msummit_syncer::cache[0m[2m:[0m [2m278:[0m cached [3mround[0m[2m=[0mRound { epoch: Epoch(0), view: View(2) } [3mname[0m[2m=[0m"notarized"
[2m2025-12-05T21:55:56.281684Z[0m [34mDEBUG[0m [2mcommonware_consensus::simplex::actors::voter::actor[0m[2m:[0m [2m245:[0m requested proposal from automaton [3mround[0m[2m=[0mRound { epoch: Epoch(0), view: View(3) }
[2m2025-12-05T21:55:56.281765Z[0m [34mDEBUG[0m [2msummit_application::actor[0m[2m:[0m [2m151:[0m 155 application: Handling message Propose for round (0, 3) (epoch 0, view 3), parent height: 2
[2m2025-12-05T21:55:56.283537Z[0m [34mDEBUG[0m [2mcommonware_consensus::simplex::actors::voter::round[0m[2m:[0m [2m174:[0m leader elected [3mround[0m[2m=[0mRound { epoch: Epoch(0), view: View(3) } [3mleader[0m[2m=[0mec8924090e507c2d8371d2fb0bf965d553e6e5756aeec6c274df3801cf2b49b9 [3mleader_idx[0m[2m=[0m3
[2m2025-12-05T21:55:56.283597Z[0m [34mDEBUG[0m [2mcommonware_consensus::simplex::actors::voter::actor[0m[2m:[0m [2m446:[0m broadcasting notarization [3mproposal[0m[2m=[0mProposal { round: Round { epoch: Epoch(0), view: View(2) }, parent: View(0), payload: 4c30f612f962fb75eb92cd45e7ad0425d34d2d4683592311dc47bf3856028e01 }
[2m2025-12-05T21:55:56.283862Z[0m [34mDEBUG[0m [2msummit_syncer::actor[0m[2m:[0m [2m617:[0m notarization missing on request [3mround[0m[2m=[0mRound { epoch: Epoch(0), view: View(2) }
[2m2025-12-05T21:55:56.285201Z[0m [34mDEBUG[0m [2mcommonware_consensus::simplex::actors::voter::actor[0m[2m:[0m [2m511:[0m broadcasting finalize [3mproposal[0m[2m=[0mProposal { round: Round { epoch: Epoch(0), view: View(2) }, parent: View(0), payload: 4c30f612f962fb75eb92cd45e7ad0425d34d2d4683592311dc47bf3856028e01 }
[2m2025-12-05T21:55:56.285455Z[0m [34mDEBUG[0m [2mcommonware_consensus::simplex::actors::voter::round[0m[2m:[0m [2m174:[0m leader elected [3mround[0m[2m=[0mRound { epoch: Epoch(0), view: View(3) } [3mleader[0m[2m=[0mec8924090e507c2d8371d2fb0bf965d553e6e5756aeec6c274df3801cf2b49b9 [3mleader_idx[0m[2m=[0m3
[2m2025-12-05T21:55:56.285510Z[0m [34mDEBUG[0m [2mcommonware_consensus::simplex::actors::voter::actor[0m[2m:[0m [2m446:[0m broadcasting notarization [3mproposal[0m[2m=[0mProposal { round: Round { epoch: Epoch(0), view: View(2) }, parent: View(0), payload: 4c30f612f962fb75eb92cd45e7ad0425d34d2d4683592311dc47bf3856028e01 }
[2m2025-12-05T21:55:56.285557Z[0m [34mDEBUG[0m [2mcommonware_resolver::p2p::engine[0m[2m:[0m [2m291:[0m serve failed [3merr[0m[2m=[0mCanceled [3mpeer[0m[2m=[0medd0f6de342a1e6a7236d6244f23d83eedfcecd059a386c85055701498e77033 [3mid[0m[2m=[0m0
[2m2025-12-05T21:55:56.285650Z[0m [34mDEBUG[0m [2mcommonware_storage::archive::prunable::storage[0m[2m:[0m [2m115:[0m initializing archive
[2m2025-12-05T21:55:56.285656Z[0m [34mDEBUG[0m [2mcommonware_storage::archive::prunable::storage[0m[2m:[0m [2m131:[0m archive initialized
[2m2025-12-05T21:55:56.285694Z[0m [32m INFO[0m [2msummit_syncer::cache[0m[2m:[0m [2m212:[0m restored verified archive [3melapsed[0m[2m=[0m104.786µs
[2m2025-12-05T21:55:56.285751Z[0m [34mDEBUG[0m [2mcommonware_storage::archive::prunable::storage[0m[2m:[0m [2m115:[0m initializing archive
[2m2025-12-05T21:55:56.285755Z[0m [34mDEBUG[0m [2mcommonware_storage::archive::prunable::storage[0m[2m:[0m [2m131:[0m archive initialized
[2m2025-12-05T21:55:56.285797Z[0m [32m INFO[0m [2msummit_syncer::cache[0m[2m:[0m [2m212:[0m restored notarized archive [3melapsed[0m[2m=[0m97.743µs
[2m2025-12-05T21:55:56.285847Z[0m [34mDEBUG[0m [2mcommonware_storage::archive::prunable::storage[0m[2m:[0m [2m115:[0m initializing archive
[2m2025-12-05T21:55:56.285852Z[0m [34mDEBUG[0m [2mcommonware_storage::archive::prunable::storage[0m[2m:[0m [2m131:[0m archive initialized
[2m2025-12-05T21:55:56.285889Z[0m [32m INFO[0m [2msummit_syncer::cache[0m[2m:[0m [2m212:[0m restored notarizations archive [3melapsed[0m[2m=[0m87.864µs
[2m2025-12-05T21:55:56.285941Z[0m [34mDEBUG[0m [2mcommonware_storage::archive::prunable::storage[0m[2m:[0m [2m115:[0m initializing archive
[2m2025-12-05T21:55:56.285946Z[0m [34mDEBUG[0m [2mcommonware_storage::archive::prunable::storage[0m[2m:[0m [2m131:[0m archive initialized
[2m2025-12-05T21:55:56.285985Z[0m [32m INFO[0m [2msummit_syncer::cache[0m[2m:[0m [2m212:[0m restored finalizations archive [3melapsed[0m[2m=[0m91.892µs
[2m2025-12-05T21:55:56.286064Z[0m [34mDEBUG[0m [2msummit_syncer::cache[0m[2m:[0m [2m278:[0m cached [3mround[0m[2m=[0mRound { epoch: Epoch(0), view: View(2) } [3mname[0m[2m=[0m"notarization"
[2m2025-12-05T21:55:56.286759Z[0m [34mDEBUG[0m [2msummit_syncer::cache[0m[2m:[0m [2m278:[0m cached [3mround[0m[2m=[0mRound { epoch: Epoch(0), view: View(2) } [3mname[0m[2m=[0m"notarized"
[2m2025-12-05T21:55:56.287145Z[0m [34mDEBUG[0m [2mcommonware_consensus::simplex::actors::voter::actor[0m[2m:[0m [2m511:[0m broadcasting finalize [3mproposal[0m[2m=[0mProposal { round: Round { epoch: Epoch(0), view: View(2) }, parent: View(0), payload: 4c30f612f962fb75eb92cd45e7ad0425d34d2d4683592311dc47bf3856028e01 }
[2m2025-12-05T21:55:56.287299Z[0m [34mDEBUG[0m [2msummit_syncer::cache[0m[2m:[0m [2m278:[0m cached [3mround[0m[2m=[0mRound { epoch: Epoch(0), view: View(2) } [3mname[0m[2m=[0m"notarization"
[2m2025-12-05T21:55:56.288566Z[0m [34mDEBUG[0m [2msummit_syncer::cache[0m[2m:[0m [2m278:[0m cached [3mround[0m[2m=[0mRound { epoch: Epoch(0), view: View(2) } [3mname[0m[2m=[0m"notarized"
[2m2025-12-05T21:55:56.288668Z[0m [34mDEBUG[0m [2mcommonware_consensus::simplex::actors::voter::round[0m[2m:[0m [2m174:[0m leader elected [3mround[0m[2m=[0mRound { epoch: Epoch(0), view: View(3) } [3mleader[0m[2m=[0mec8924090e507c2d8371d2fb0bf965d553e6e5756aeec6c274df3801cf2b49b9 [3mleader_idx[0m[2m=[0m3
[2m2025-12-05T21:55:56.288726Z[0m [34mDEBUG[0m [2mcommonware_consensus::simplex::actors::voter::actor[0m[2m:[0m [2m446:[0m broadcasting notarization [3mproposal[0m[2m=[0mProposal { round: Round { epoch: Epoch(0), view: View(2) }, parent: View(0), payload: 4c30f612f962fb75eb92cd45e7ad0425d34d2d4683592311dc47bf3856028e01 }
[2m2025-12-05T21:55:56.289375Z[0m [34mDEBUG[0m [2mcommonware_consensus::simplex::actors::voter::actor[0m[2m:[0m [2m511:[0m broadcasting finalize [3mproposal[0m[2m=[0mProposal { round: Round { epoch: Epoch(0), view: View(2) }, parent: View(0), payload: 4c30f612f962fb75eb92cd45e7ad0425d34d2d4683592311dc47bf3856028e01 }
[2m2025-12-05T21:55:56.289617Z[0m [34mDEBUG[0m [2msummit_syncer::cache[0m[2m:[0m [2m278:[0m cached [3mround[0m[2m=[0mRound { epoch: Epoch(0), view: View(2) } [3mname[0m[2m=[0m"notarization"
[2m2025-12-05T21:55:56.289942Z[0m [34mDEBUG[0m [2msummit_syncer::cache[0m[2m:[0m [2m278:[0m cached [3mround[0m[2m=[0mRound { epoch: Epoch(0), view: View(2) } [3mname[0m[2m=[0m"notarized"
[2m2025-12-05T21:55:56.291110Z[0m [34mDEBUG[0m [2mcommonware_consensus::simplex::actors::voter::actor[0m[2m:[0m [2m387:[0m broadcasting notarize [3mproposal[0m[2m=[0mProposal { round: Round { epoch: Epoch(0), view: View(3) }, parent: View(2), payload: 49950c8ed19bd98b17f0d0df7f6a8457f5941e497fdf59e25d1e2ac71d798807 }
[2m2025-12-05T21:55:56.291148Z[0m [32m INFO[0m [2msummit_application::actor[0m[2m:[0m [2m202:[0m 155 Handling message Broadcast
[2m2025-12-05T21:55:56.298098Z[0m [34mDEBUG[0m [2mcommonware_consensus::simplex::actors::voter::actor[0m[2m:[0m [2m545:[0m broadcasting finalization [3mproposal[0m[2m=[0mProposal { round: Round { epoch: Epoch(0), view: View(2) }, parent: View(0), payload: 4c30f612f962fb75eb92cd45e7ad0425d34d2d4683592311dc47bf3856028e01 }
[2m2025-12-05T21:55:56.298251Z[0m [34mDEBUG[0m [2mcommonware_consensus::simplex::actors::voter::actor[0m[2m:[0m [2m545:[0m broadcasting finalization [3mproposal[0m[2m=[0mProposal { round: Round { epoch: Epoch(0), view: View(2) }, parent: View(0), payload: 4c30f612f962fb75eb92cd45e7ad0425d34d2d4683592311dc47bf3856028e01 }
[2m2025-12-05T21:55:56.300041Z[0m [34mDEBUG[0m [2msummit_syncer::cache[0m[2m:[0m [2m278:[0m cached [3mround[0m[2m=[0mRound { epoch: Epoch(0), view: View(2) } [3mname[0m[2m=[0m"finalization"
[2m2025-12-05T21:55:56.300242Z[0m [34mDEBUG[0m [2mcommonware_consensus::simplex::actors::voter::actor[0m[2m:[0m [2m545:[0m broadcasting finalization [3mproposal[0m[2m=[0mProposal { round: Round { epoch: Epoch(0), view: View(2) }, parent: View(0), payload: 4c30f612f962fb75eb92cd45e7ad0425d34d2d4683592311dc47bf3856028e01 }
[2m2025-12-05T21:55:56.300349Z[0m [34mDEBUG[0m [2msummit_syncer::cache[0m[2m:[0m [2m278:[0m cached [3mround[0m[2m=[0mRound { epoch: Epoch(0), view: View(2) } [3mname[0m[2m=[0m"finalization"
[2m2025-12-05T21:55:56.300835Z[0m [34mDEBUG[0m [2mcommonware_storage::archive::immutable::storage[0m[2m:[0m [2m224:[0m initialized section [3msection[0m[2m=[0m0
[2m2025-12-05T21:55:56.301391Z[0m [34mDEBUG[0m [2mcommonware_storage::ordinal::storage[0m[2m:[0m [2m253:[0m created blob [3msection[0m[2m=[0m0
[2m2025-12-05T21:55:56.309318Z[0m [34mDEBUG[0m [2mcommonware_storage::archive::immutable::storage[0m[2m:[0m [2m224:[0m initialized section [3msection[0m[2m=[0m0
[2m2025-12-05T21:55:56.309865Z[0m [34mDEBUG[0m [2mcommonware_storage::ordinal::storage[0m[2m:[0m [2m253:[0m created blob [3msection[0m[2m=[0m0
[2m2025-12-05T21:55:56.318161Z[0m [34mDEBUG[0m [2msummit_syncer::actor[0m[2m:[0m [2m454:[0m finalized block stored [3mround[0m[2m=[0mRound { epoch: Epoch(0), view: View(2) } [3mheight[0m[2m=[0m1
[2m2025-12-05T21:55:56.318315Z[0m [34mDEBUG[0m [2mcommonware_storage::archive::immutable::storage[0m[2m:[0m [2m224:[0m initialized section [3msection[0m[2m=[0m0
[2m2025-12-05T21:55:56.318860Z[0m [34mDEBUG[0m [2mcommonware_storage::ordinal::storage[0m[2m:[0m [2m253:[0m created blob [3msection[0m[2m=[0m0
[2m2025-12-05T21:55:56.327846Z[0m [34mDEBUG[0m [2mcommonware_storage::archive::immutable::storage[0m[2m:[0m [2m224:[0m initialized section [3msection[0m[2m=[0m0
[2m2025-12-05T21:55:56.328385Z[0m [34mDEBUG[0m [2mcommonware_storage::ordinal::storage[0m[2m:[0m [2m253:[0m created blob [3msection[0m[2m=[0m0
[2m2025-12-05T21:55:56.336055Z[0m [34mDEBUG[0m [2msummit_syncer::actor[0m[2m:[0m [2m454:[0m finalized block stored [3mround[0m[2m=[0mRound { epoch: Epoch(0), view: View(2) } [3mheight[0m[2m=[0m1
[2m2025-12-05T21:55:56.336522Z[0m [32m INFO[0m [2msummit_finalizer::actor[0m[2m:[0m [2m275:[0m Commiting block 0xe9235981db6a383f50161e65948c781172429ea032a2c3a5225c622a3de53a7f for height 1
[2m2025-12-05T21:55:56.336549Z[0m [32m INFO[0m [2msummit_finalizer::actor[0m[2m:[0m [2m504:[0m finalized block [3mnew_height[0m[2m=[0m1 [3mself.state.epoch[0m[2m=[0m0
[2m2025-12-05T21:55:56.336640Z[0m [32m INFO[0m [2msummit_finalizer::actor[0m[2m:[0m [2m275:[0m Commiting block 0xe9235981db6a383f50161e65948c781172429ea032a2c3a5225c622a3de53a7f for height 1
[2m2025-12-05T21:55:56.336656Z[0m [32m INFO[0m [2msummit_finalizer::actor[0m[2m:[0m [2m504:[0m finalized block [3mnew_height[0m[2m=[0m1 [3mself.state.epoch[0m[2m=[0m0
[2m2025-12-05T21:55:56.337031Z[0m [34mDEBUG[0m [2mcommonware_storage::archive::prunable::storage[0m[2m:[0m [2m251:[0m pruning archive [3mmin[0m[2m=[0m0
[2m2025-12-05T21:55:56.337042Z[0m [34mDEBUG[0m [2mcommonware_storage::archive::prunable::storage[0m[2m:[0m [2m251:[0m pruning archive [3mmin[0m[2m=[0m0
[2m2025-12-05T21:55:56.337048Z[0m [34mDEBUG[0m [2mcommonware_storage::archive::prunable::storage[0m[2m:[0m [2m251:[0m pruning archive [3mmin[0m[2m=[0m0
[2m2025-12-05T21:55:56.337053Z[0m [34mDEBUG[0m [2mcommonware_storage::archive::prunable::storage[0m[2m:[0m [2m251:[0m pruning archive [3mmin[0m[2m=[0m0
[2m2025-12-05T21:55:56.337058Z[0m [34mDEBUG[0m [2msummit_syncer::cache[0m[2m:[0m [2m60:[0m pruned archives [3mmin_view[0m[2m=[0m0
[2m2025-12-05T21:55:56.337211Z[0m [34mDEBUG[0m [2msummit_syncer::cache[0m[2m:[0m [2m278:[0m cached [3mround[0m[2m=[0mRound { epoch: Epoch(0), view: View(2) } [3mname[0m[2m=[0m"finalization"
[2m2025-12-05T21:55:56.337367Z[0m [34mDEBUG[0m [2mcommonware_storage::archive::prunable::storage[0m[2m:[0m [2m251:[0m pruning archive [3mmin[0m[2m=[0m0
[2m2025-12-05T21:55:56.337375Z[0m [34mDEBUG[0m [2mcommonware_storage::archive::prunable::storage[0m[2m:[0m [2m251:[0m pruning archive [3mmin[0m[2m=[0m0
[2m2025-12-05T21:55:56.337379Z[0m [34mDEBUG[0m [2mcommonware_storage::archive::prunable::storage[0m[2m:[0m [2m251:[0m pruning archive [3mmin[0m[2m=[0m0
[2m2025-12-05T21:55:56.337383Z[0m [34mDEBUG[0m [2mcommonware_storage::archive::prunable::storage[0m[2m:[0m [2m251:[0m pruning archive [3mmin[0m[2m=[0m0
[2m2025-12-05T21:55:56.337387Z[0m [34mDEBUG[0m [2msummit_syncer::cache[0m[2m:[0m [2m60:[0m pruned archives [3mmin_view[0m[2m=[0m0
[2m2025-12-05T21:55:56.338744Z[0m [34mDEBUG[0m [2mcommonware_storage::archive::immutable::storage[0m[2m:[0m [2m224:[0m initialized section [3msection[0m[2m=[0m0
[2m2025-12-05T21:55:56.339272Z[0m [34mDEBUG[0m [2mcommonware_storage::ordinal::storage[0m[2m:[0m [2m253:[0m created blob [3msection[0m[2m=[0m0
[2m2025-12-05T21:55:56.349031Z[0m [34mDEBUG[0m [2mcommonware_storage::archive::immutable::storage[0m[2m:[0m [2m224:[0m initialized section [3msection[0m[2m=[0m0
[2m2025-12-05T21:55:56.349563Z[0m [34mDEBUG[0m [2mcommonware_storage::ordinal::storage[0m[2m:[0m [2m253:[0m created blob [3msection[0m[2m=[0m0
[2m2025-12-05T21:55:56.357228Z[0m [34mDEBUG[0m [2msummit_syncer::actor[0m[2m:[0m [2m454:[0m finalized block stored [3mround[0m[2m=[0mRound { epoch: Epoch(0), view: View(2) } [3mheight[0m[2m=[0m1
[2m2025-12-05T21:55:56.357509Z[0m [34mDEBUG[0m [2mcommonware_consensus::simplex::actors::voter::actor[0m[2m:[0m [2m545:[0m broadcasting finalization [3mproposal[0m[2m=[0mProposal { round: Round { epoch: Epoch(0), view: View(2) }, parent: View(0), payload: 4c30f612f962fb75eb92cd45e7ad0425d34d2d4683592311dc47bf3856028e01 }
[2m2025-12-05T21:55:56.357614Z[0m [32m INFO[0m [2msummit_finalizer::actor[0m[2m:[0m [2m275:[0m Commiting block 0xe9235981db6a383f50161e65948c781172429ea032a2c3a5225c622a3de53a7f for height 1
[2m2025-12-05T21:55:56.357639Z[0m [32m INFO[0m [2msummit_finalizer::actor[0m[2m:[0m [2m504:[0m finalized block [3mnew_height[0m[2m=[0m1 [3mself.state.epoch[0m[2m=[0m0
[2m2025-12-05T21:55:56.358821Z[0m [34mDEBUG[0m [2mcommonware_consensus::simplex::actors::voter::actor[0m[2m:[0m [2m545:[0m broadcasting finalization [3mproposal[0m[2m=[0mProposal { round: Round { epoch: Epoch(0), view: View(2) }, parent: View(0), payload: 4c30f612f962fb75eb92cd45e7ad0425d34d2d4683592311dc47bf3856028e01 }
[2m2025-12-05T21:55:56.359045Z[0m [34mDEBUG[0m [2mcommonware_storage::archive::prunable::storage[0m[2m:[0m [2m251:[0m pruning archive [3mmin[0m[2m=[0m0
[2m2025-12-05T21:55:56.359056Z[0m [34mDEBUG[0m [2mcommonware_storage::archive::prunable::storage[0m[2m:[0m [2m251:[0m pruning archive [3mmin[0m[2m=[0m0
[2m2025-12-05T21:55:56.359061Z[0m [34mDEBUG[0m [2mcommonware_storage::archive::prunable::storage[0m[2m:[0m [2m251:[0m pruning archive [3mmin[0m[2m=[0m0
[2m2025-12-05T21:55:56.359065Z[0m [34mDEBUG[0m [2mcommonware_storage::archive::prunable::storage[0m[2m:[0m [2m251:[0m pruning archive [3mmin[0m[2m=[0m0
[2m2025-12-05T21:55:56.359071Z[0m [34mDEBUG[0m [2msummit_syncer::cache[0m[2m:[0m [2m60:[0m pruned archives [3mmin_view[0m[2m=[0m0
[2m2025-12-05T21:55:56.359802Z[0m [34mDEBUG[0m [2msummit_syncer::cache[0m[2m:[0m [2m278:[0m cached [3mround[0m[2m=[0mRound { epoch: Epoch(0), view: View(2) } [3mname[0m[2m=[0m"finalization"
[2m2025-12-05T21:55:56.360013Z[0m [34mDEBUG[0m [2mcommonware_storage::archive::immutable::storage[0m[2m:[0m [2m224:[0m initialized section [3msection[0m[2m=[0m0
[2m2025-12-05T21:55:56.360517Z[0m [34mDEBUG[0m [2mcommonware_storage::ordinal::storage[0m[2m:[0m [2m253:[0m created blob [3msection[0m[2m=[0m0
[2m2025-12-05T21:55:56.368946Z[0m [34mDEBUG[0m [2mcommonware_storage::archive::immutable::storage[0m[2m:[0m [2m224:[0m initialized section [3msection[0m[2m=[0m0
[2m2025-12-05T21:55:56.369488Z[0m [34mDEBUG[0m [2mcommonware_storage::ordinal::storage[0m[2m:[0m [2m253:[0m created blob [3msection[0m[2m=[0m0
[2m2025-12-05T21:55:56.377477Z[0m [34mDEBUG[0m [2msummit_syncer::actor[0m[2m:[0m [2m454:[0m finalized block stored [3mround[0m[2m=[0mRound { epoch: Epoch(0), view: View(2) } [3mheight[0m[2m=[0m1
[2m2025-12-05T21:55:56.377708Z[0m [34mDEBUG[0m [2msummit_syncer::cache[0m[2m:[0m [2m278:[0m cached [3mround[0m[2m=[0mRound { epoch: Epoch(0), view: View(2) } [3mname[0m[2m=[0m"finalization"
[2m2025-12-05T21:55:56.377920Z[0m [32m INFO[0m [2msummit_finalizer::actor[0m[2m:[0m [2m275:[0m Commiting block 0xe9235981db6a383f50161e65948c781172429ea032a2c3a5225c622a3de53a7f for height 1
[2m2025-12-05T21:55:56.377943Z[0m [32m INFO[0m [2msummit_finalizer::actor[0m[2m:[0m [2m504:[0m finalized block [3mnew_height[0m[2m=[0m1 [3mself.state.epoch[0m[2m=[0m0
[2m2025-12-05T21:55:56.378145Z[0m [34mDEBUG[0m [2mcommonware_storage::archive::prunable::storage[0m[2m:[0m [2m251:[0m pruning archive [3mmin[0m[2m=[0m0
[2m2025-12-05T21:55:56.378156Z[0m [34mDEBUG[0m [2mcommonware_storage::archive::prunable::storage[0m[2m:[0m [2m251:[0m pruning archive [3mmin[0m[2m=[0m0
[2m2025-12-05T21:55:56.378160Z[0m [34mDEBUG[0m [2mcommonware_storage::archive::prunable::storage[0m[2m:[0m [2m251:[0m pruning archive [3mmin[0m[2m=[0m0
[2m2025-12-05T21:55:56.378165Z[0m [34mDEBUG[0m [2mcommonware_storage::archive::prunable::storage[0m[2m:[0m [2m251:[0m pruning archive [3mmin[0m[2m=[0m0
[2m2025-12-05T21:55:56.378170Z[0m [34mDEBUG[0m [2msummit_syncer::cache[0m[2m:[0m [2m60:[0m pruned archives [3mmin_view[0m[2m=[0m0
[2m2025-12-05T21:55:56.378270Z[0m [34mDEBUG[0m [2mcommonware_storage::archive::immutable::storage[0m[2m:[0m [2m224:[0m initialized section [3msection[0m[2m=[0m0
[2m2025-12-05T21:55:56.378787Z[0m [34mDEBUG[0m [2mcommonware_storage::ordinal::storage[0m[2m:[0m [2m253:[0m created blob [3msection[0m[2m=[0m0
[2m2025-12-05T21:55:56.386652Z[0m [34mDEBUG[0m [2mcommonware_storage::archive::immutable::storage[0m[2m:[0m [2m224:[0m initialized section [3msection[0m[2m=[0m0
[2m2025-12-05T21:55:56.387208Z[0m [34mDEBUG[0m [2mcommonware_storage::ordinal::storage[0m[2m:[0m [2m253:[0m created blob [3msection[0m[2m=[0m0
[2m2025-12-05T21:55:56.395180Z[0m [34mDEBUG[0m [2msummit_syncer::actor[0m[2m:[0m [2m454:[0m finalized block stored [3mround[0m[2m=[0mRound { epoch: Epoch(0), view: View(2) } [3mheight[0m[2m=[0m1
[2m2025-12-05T21:55:56.395373Z[0m [32m INFO[0m [2msummit_finalizer::actor[0m[2m:[0m [2m275:[0m Commiting block 0xe9235981db6a383f50161e65948c781172429ea032a2c3a5225c622a3de53a7f for height 1
[2m2025-12-05T21:55:56.395397Z[0m [32m INFO[0m [2msummit_finalizer::actor[0m[2m:[0m [2m504:[0m finalized block [3mnew_height[0m[2m=[0m1 [3mself.state.epoch[0m[2m=[0m0
[2m2025-12-05T21:55:56.395591Z[0m [34mDEBUG[0m [2mcommonware_storage::archive::prunable::storage[0m[2m:[0m [2m251:[0m pruning archive [3mmin[0m[2m=[0m0
[2m2025-12-05T21:55:56.395600Z[0m [34mDEBUG[0m [2mcommonware_storage::archive::prunable::storage[0m[2m:[0m [2m251:[0m pruning archive [3mmin[0m[2m=[0m0
[2m2025-12-05T21:55:56.395605Z[0m [34mDEBUG[0m [2mcommonware_storage::archive::prunable::storage[0m[2m:[0m [2m251:[0m pruning archive [3mmin[0m[2m=[0m0
[2m2025-12-05T21:55:56.395610Z[0m [34mDEBUG[0m [2mcommonware_storage::archive::prunable::storage[0m[2m:[0m [2m251:[0m pruning archive [3mmin[0m[2m=[0m0
[2m2025-12-05T21:55:56.395615Z[0m [34mDEBUG[0m [2msummit_syncer::cache[0m[2m:[0m [2m60:[0m pruned archives [3mmin_view[0m[2m=[0m0
[2m2025-12-05T21:55:56.398223Z[0m [34mDEBUG[0m [2mcommonware_consensus::simplex::actors::voter::actor[0m[2m:[0m [2m255:[0m requested proposal verification [3mproposal[0m[2m=[0mProposal { round: Round { epoch: Epoch(0), view: View(3) }, parent: View(2), payload: 49950c8ed19bd98b17f0d0df7f6a8457f5941e497fdf59e25d1e2ac71d798807 }
[2m2025-12-05T21:55:56.398273Z[0m [34mDEBUG[0m [2msummit_application::actor[0m[2m:[0m [2m225:[0m 48 application: Handling message Verify for round (0, 3) (epoch 0, view 3), parent height: 2
[2m2025-12-05T21:55:56.398384Z[0m [34mDEBUG[0m [2mcommonware_consensus::simplex::actors::voter::actor[0m[2m:[0m [2m255:[0m requested proposal verification [3mproposal[0m[2m=[0mProposal { round: Round { epoch: Epoch(0), view: View(3) }, parent: View(2), payload: 49950c8ed19bd98b17f0d0df7f6a8457f5941e497fdf59e25d1e2ac71d798807 }
[2m2025-12-05T21:55:56.398452Z[0m [34mDEBUG[0m [2msummit_application::actor[0m[2m:[0m [2m225:[0m 65 application: Handling message Verify for round (0, 3) (epoch 0, view 3), parent height: 2
[2m2025-12-05T21:55:56.398725Z[0m [34mDEBUG[0m [2msummit_syncer::actor[0m[2m:[0m [2m519:[0m requested block missing [3mround[0m[2m=[0mRound { epoch: Epoch(0), view: View(3) } [3mcommitment[0m[2m=[0m49950c8ed19bd98b17f0d0df7f6a8457f5941e497fdf59e25d1e2ac71d798807
[2m2025-12-05T21:55:56.398739Z[0m [34mDEBUG[0m [2msummit_syncer::actor[0m[2m:[0m [2m524:[0m registering subscriber [3mround[0m[2m=[0mSome(Round { epoch: Epoch(0), view: View(3) }) [3mcommitment[0m[2m=[0m49950c8ed19bd98b17f0d0df7f6a8457f5941e497fdf59e25d1e2ac71d798807
[2m2025-12-05T21:55:56.400732Z[0m [34mDEBUG[0m [2mcommonware_consensus::simplex::actors::voter::actor[0m[2m:[0m [2m387:[0m broadcasting notarize [3mproposal[0m[2m=[0mProposal { round: Round { epoch: Epoch(0), view: View(3) }, parent: View(2), payload: 49950c8ed19bd98b17f0d0df7f6a8457f5941e497fdf59e25d1e2ac71d798807 }
[2m2025-12-05T21:55:56.400825Z[0m [34mDEBUG[0m [2mcommonware_consensus::simplex::actors::voter::actor[0m[2m:[0m [2m255:[0m requested proposal verification [3mproposal[0m[2m=[0mProposal { round: Round { epoch: Epoch(0), view: View(3) }, parent: View(2), payload: 49950c8ed19bd98b17f0d0df7f6a8457f5941e497fdf59e25d1e2ac71d798807 }
[2m2025-12-05T21:55:56.401002Z[0m [34mDEBUG[0m [2msummit_syncer::cache[0m[2m:[0m [2m278:[0m cached [3mround[0m[2m=[0mRound { epoch: Epoch(0), view: View(3) } [3mname[0m[2m=[0m"verified"
[2m2025-12-05T21:55:56.401179Z[0m [34mDEBUG[0m [2msummit_application::actor[0m[2m:[0m [2m225:[0m 125 application: Handling message Verify for round (0, 3) (epoch 0, view 3), parent height: 2
[2m2025-12-05T21:55:56.402015Z[0m [34mDEBUG[0m [2mcommonware_consensus::simplex::actors::voter::actor[0m[2m:[0m [2m387:[0m broadcasting notarize [3mproposal[0m[2m=[0mProposal { round: Round { epoch: Epoch(0), view: View(3) }, parent: View(2), payload: 49950c8ed19bd98b17f0d0df7f6a8457f5941e497fdf59e25d1e2ac71d798807 }
[2m2025-12-05T21:55:56.403084Z[0m [34mDEBUG[0m [2msummit_syncer::cache[0m[2m:[0m [2m278:[0m cached [3mround[0m[2m=[0mRound { epoch: Epoch(0), view: View(3) } [3mname[0m[2m=[0m"verified"
[2m2025-12-05T21:55:56.403255Z[0m [34mDEBUG[0m [2mcommonware_consensus::simplex::actors::voter::actor[0m[2m:[0m [2m255:[0m requested proposal verification [3mproposal[0m[2m=[0mProposal { round: Round { epoch: Epoch(0), view: View(3) }, parent: View(2), payload: 49950c8ed19bd98b17f0d0df7f6a8457f5941e497fdf59e25d1e2ac71d798807 }
[2m2025-12-05T21:55:56.403525Z[0m [34mDEBUG[0m [2msummit_application::actor[0m[2m:[0m [2m225:[0m 140 application: Handling message Verify for round (0, 3) (epoch 0, view 3), parent height: 2
[2m2025-12-05T21:55:56.404043Z[0m [34mDEBUG[0m [2mcommonware_consensus::simplex::actors::voter::actor[0m[2m:[0m [2m387:[0m broadcasting notarize [3mproposal[0m[2m=[0mProposal { round: Round { epoch: Epoch(0), view: View(3) }, parent: View(2), payload: 49950c8ed19bd98b17f0d0df7f6a8457f5941e497fdf59e25d1e2ac71d798807 }
[2m2025-12-05T21:55:56.404167Z[0m [34mDEBUG[0m [2msummit_syncer::cache[0m[2m:[0m [2m278:[0m cached [3mround[0m[2m=[0mRound { epoch: Epoch(0), view: View(3) } [3mname[0m[2m=[0m"verified"
[2m2025-12-05T21:55:56.404583Z[0m [34mDEBUG[0m [2msummit_syncer::cache[0m[2m:[0m [2m278:[0m cached [3mround[0m[2m=[0mRound { epoch: Epoch(0), view: View(3) } [3mname[0m[2m=[0m"verified"
[2m2025-12-05T21:55:56.404961Z[0m [34mDEBUG[0m [2mcommonware_consensus::simplex::actors::voter::actor[0m[2m:[0m [2m387:[0m broadcasting notarize [3mproposal[0m[2m=[0mProposal { round: Round { epoch: Epoch(0), view: View(3) }, parent: View(2), payload: 49950c8ed19bd98b17f0d0df7f6a8457f5941e497fdf59e25d1e2ac71d798807 }
[2m2025-12-05T21:55:56.409051Z[0m [34mDEBUG[0m [2msummit_syncer::actor[0m[2m:[0m [2m617:[0m notarization missing on request [3mround[0m[2m=[0mRound { epoch: Epoch(0), view: View(3) }
[2m2025-12-05T21:55:56.409078Z[0m [34mDEBUG[0m [2mcommonware_resolver::p2p::engine[0m[2m:[0m [2m291:[0m serve failed [3merr[0m[2m=[0mCanceled [3mpeer[0m[2m=[0m478b8e507e0bb2b18c0f9e0824769e8562d10df9abe2e774896f82b4b4405266 [3mid[0m[2m=[0m1
[2m2025-12-05T21:55:56.411919Z[0m [34mDEBUG[0m [2mcommonware_consensus::simplex::actors::voter::round[0m[2m:[0m [2m174:[0m leader elected [3mround[0m[2m=[0mRound { epoch: Epoch(0), view: View(4) } [3mleader[0m[2m=[0medd0f6de342a1e6a7236d6244f23d83eedfcecd059a386c85055701498e77033 [3mleader_idx[0m[2m=[0m4
[2m2025-12-05T21:55:56.411978Z[0m [34mDEBUG[0m [2mcommonware_consensus::simplex::actors::voter::actor[0m[2m:[0m [2m446:[0m broadcasting notarization [3mproposal[0m[2m=[0mProposal { round: Round { epoch: Epoch(0), view: View(3) }, parent: View(2), payload: 49950c8ed19bd98b17f0d0df7f6a8457f5941e497fdf59e25d1e2ac71d798807 }
[2m2025-12-05T21:55:56.413829Z[0m [34mDEBUG[0m [2mcommonware_consensus::simplex::actors::voter::actor[0m[2m:[0m [2m511:[0m broadcasting finalize [3mproposal[0m[2m=[0mProposal { round: Round { epoch: Epoch(0), view: View(3) }, parent: View(2), payload: 49950c8ed19bd98b17f0d0df7f6a8457f5941e497fdf59e25d1e2ac71d798807 }
[2m2025-12-05T21:55:56.413956Z[0m [34mDEBUG[0m [2mcommonware_consensus::simplex::actors::voter::round[0m[2m:[0m [2m174:[0m leader elected [3mround[0m[2m=[0mRound { epoch: Epoch(0), view: View(4) } [3mleader[0m[2m=[0medd0f6de342a1e6a7236d6244f23d83eedfcecd059a386c85055701498e77033 [3mleader_idx[0m[2m=[0m4
[2m2025-12-05T21:55:56.414014Z[0m [34mDEBUG[0m [2mcommonware_consensus::simplex::actors::voter::actor[0m[2m:[0m [2m446:[0m broadcasting notarization [3mproposal[0m[2m=[0mProposal { round: Round { epoch: Epoch(0), view: View(3) }, parent: View(2), payload: 49950c8ed19bd98b17f0d0df7f6a8457f5941e497fdf59e25d1e2ac71d798807 }
[2m2025-12-05T21:55:56.414118Z[0m [34mDEBUG[0m [2msummit_syncer::cache[0m[2m:[0m [2m278:[0m cached [3mround[0m[2m=[0mRound { epoch: Epoch(0), view: View(3) } [3mname[0m[2m=[0m"notarization"
[2m2025-12-05T21:55:56.415642Z[0m [34mDEBUG[0m [2msummit_syncer::cache[0m[2m:[0m [2m278:[0m cached [3mround[0m[2m=[0mRound { epoch: Epoch(0), view: View(3) } [3mname[0m[2m=[0m"notarized"
[2m2025-12-05T21:55:56.416018Z[0m [34mDEBUG[0m [2mcommonware_consensus::simplex::actors::voter::actor[0m[2m:[0m [2m511:[0m broadcasting finalize [3mproposal[0m[2m=[0mProposal { round: Round { epoch: Epoch(0), view: View(3) }, parent: View(2), payload: 49950c8ed19bd98b17f0d0df7f6a8457f5941e497fdf59e25d1e2ac71d798807 }
[2m2025-12-05T21:55:56.417134Z[0m [34mDEBUG[0m [2mcommonware_consensus::simplex::actors::voter::round[0m[2m:[0m [2m174:[0m leader elected [3mround[0m[2m=[0mRound { epoch: Epoch(0), view: View(4) } [3mleader[0m[2m=[0medd0f6de342a1e6a7236d6244f23d83eedfcecd059a386c85055701498e77033 [3mleader_idx[0m[2m=[0m4
[2m2025-12-05T21:55:56.417192Z[0m [34mDEBUG[0m [2mcommonware_consensus::simplex::actors::voter::actor[0m[2m:[0m [2m446:[0m broadcasting notarization [3mproposal[0m[2m=[0mProposal { round: Round { epoch: Epoch(0), view: View(3) }, parent: View(2), payload: 49950c8ed19bd98b17f0d0df7f6a8457f5941e497fdf59e25d1e2ac71d798807 }
[2m2025-12-05T21:55:56.418271Z[0m [34mDEBUG[0m [2msummit_syncer::cache[0m[2m:[0m [2m278:[0m cached [3mround[0m[2m=[0mRound { epoch: Epoch(0), view: View(3) } [3mname[0m[2m=[0m"notarization"
[2m2025-12-05T21:55:56.418364Z[0m [34mDEBUG[0m [2mcommonware_consensus::simplex::actors::voter::round[0m[2m:[0m [2m174:[0m leader elected [3mround[0m[2m=[0mRound { epoch: Epoch(0), view: View(4) } [3mleader[0m[2m=[0medd0f6de342a1e6a7236d6244f23d83eedfcecd059a386c85055701498e77033 [3mleader_idx[0m[2m=[0m4
[2m2025-12-05T21:55:56.418419Z[0m [34mDEBUG[0m [2mcommonware_consensus::simplex::actors::voter::actor[0m[2m:[0m [2m446:[0m broadcasting notarization [3mproposal[0m[2m=[0mProposal { round: Round { epoch: Epoch(0), view: View(3) }, parent: View(2), payload: 49950c8ed19bd98b17f0d0df7f6a8457f5941e497fdf59e25d1e2ac71d798807 }
[2m2025-12-05T21:55:56.418928Z[0m [34mDEBUG[0m [2mcommonware_consensus::simplex::actors::voter::round[0m[2m:[0m [2m174:[0m leader elected [3mround[0m[2m=[0mRound { epoch: Epoch(0), view: View(4) } [3mleader[0m[2m=[0medd0f6de342a1e6a7236d6244f23d83eedfcecd059a386c85055701498e77033 [3mleader_idx[0m[2m=[0m4
[2m2025-12-05T21:55:56.418985Z[0m [34mDEBUG[0m [2mcommonware_consensus::simplex::actors::voter::actor[0m[2m:[0m [2m446:[0m broadcasting notarization [3mproposal[0m[2m=[0mProposal { round: Round { epoch: Epoch(0), view: View(3) }, parent: View(2), payload: 49950c8ed19bd98b17f0d0df7f6a8457f5941e497fdf59e25d1e2ac71d798807 }
[2m2025-12-05T21:55:56.419405Z[0m [34mDEBUG[0m [2msummit_syncer::cache[0m[2m:[0m [2m278:[0m cached [3mround[0m[2m=[0mRound { epoch: Epoch(0), view: View(3) } [3mname[0m[2m=[0m"notarized"
[2m2025-12-05T21:55:56.419804Z[0m [34mDEBUG[0m [2mcommonware_consensus::simplex::actors::voter::actor[0m[2m:[0m [2m511:[0m broadcasting finalize [3mproposal[0m[2m=[0mProposal { round: Round { epoch: Epoch(0), view: View(3) }, parent: View(2), payload: 49950c8ed19bd98b17f0d0df7f6a8457f5941e497fdf59e25d1e2ac71d798807 }
[2m2025-12-05T21:55:56.420293Z[0m [34mDEBUG[0m [2mcommonware_consensus::simplex::actors::voter::actor[0m[2m:[0m [2m511:[0m broadcasting finalize [3mproposal[0m[2m=[0mProposal { round: Round { epoch: Epoch(0), view: View(3) }, parent: View(2), payload: 49950c8ed19bd98b17f0d0df7f6a8457f5941e497fdf59e25d1e2ac71d798807 }
[2m2025-12-05T21:55:56.420411Z[0m [34mDEBUG[0m [2msummit_syncer::cache[0m[2m:[0m [2m278:[0m cached [3mround[0m[2m=[0mRound { epoch: Epoch(0), view: View(3) } [3mname[0m[2m=[0m"notarization"
[2m2025-12-05T21:55:56.420794Z[0m [34mDEBUG[0m [2mcommonware_consensus::simplex::actors::voter::actor[0m[2m:[0m [2m511:[0m broadcasting finalize [3mproposal[0m[2m=[0mProposal { round: Round { epoch: Epoch(0), view: View(3) }, parent: View(2), payload: 49950c8ed19bd98b17f0d0df7f6a8457f5941e497fdf59e25d1e2ac71d798807 }
[2m2025-12-05T21:55:56.421069Z[0m [34mDEBUG[0m [2msummit_syncer::cache[0m[2m:[0m [2m278:[0m cached [3mround[0m[2m=[0mRound { epoch: Epoch(0), view: View(3) } [3mname[0m[2m=[0m"notarization"
[2m2025-12-05T21:55:56.421238Z[0m [34mDEBUG[0m [2msummit_syncer::cache[0m[2m:[0m [2m278:[0m cached [3mround[0m[2m=[0mRound { epoch: Epoch(0), view: View(3) } [3mname[0m[2m=[0m"notarization"
[2m2025-12-05T21:55:56.421684Z[0m [34mDEBUG[0m [2msummit_syncer::cache[0m[2m:[0m [2m278:[0m cached [3mround[0m[2m=[0mRound { epoch: Epoch(0), view: View(3) } [3mname[0m[2m=[0m"notarized"
[2m2025-12-05T21:55:56.421812Z[0m [34mDEBUG[0m [2msummit_syncer::cache[0m[2m:[0m [2m278:[0m cached [3mround[0m[2m=[0mRound { epoch: Epoch(0), view: View(3) } [3mname[0m[2m=[0m"notarized"
[2m2025-12-05T21:55:56.421949Z[0m [34mDEBUG[0m [2msummit_syncer::cache[0m[2m:[0m [2m278:[0m cached [3mround[0m[2m=[0mRound { epoch: Epoch(0), view: View(3) } [3mname[0m[2m=[0m"notarized"
[2m2025-12-05T21:55:56.422270Z[0m [34mDEBUG[0m [2mcommonware_consensus::simplex::actors::voter::actor[0m[2m:[0m [2m245:[0m requested proposal from automaton [3mround[0m[2m=[0mRound { epoch: Epoch(0), view: View(4) }
[2m2025-12-05T21:55:56.422340Z[0m [34mDEBUG[0m [2msummit_application::actor[0m[2m:[0m [2m151:[0m 125 application: Handling message Propose for round (0, 4) (epoch 0, view 4), parent height: 3
[2m2025-12-05T21:55:56.423664Z[0m [34mDEBUG[0m [2mcommonware_consensus::simplex::actors::voter::actor[0m[2m:[0m [2m387:[0m broadcasting notarize [3mproposal[0m[2m=[0mProposal { round: Round { epoch: Epoch(0), view: View(4) }, parent: View(3), payload: 7450b94f8080b5825f5017dcc35ac087797559475561e5030006cb7714419925 }
[2m2025-12-05T21:55:56.423848Z[0m [32m INFO[0m [2msummit_application::actor[0m[2m:[0m [2m202:[0m 125 Handling message Broadcast
[2m2025-12-05T21:55:56.428360Z[0m [34mDEBUG[0m [2mcommonware_consensus::simplex::actors::voter::actor[0m[2m:[0m [2m545:[0m broadcasting finalization [3mproposal[0m[2m=[0mProposal { round: Round { epoch: Epoch(0), view: View(3) }, parent: View(2), payload: 49950c8ed19bd98b17f0d0df7f6a8457f5941e497fdf59e25d1e2ac71d798807 }
[2m2025-12-05T21:55:56.429296Z[0m [34mDEBUG[0m [2msummit_syncer::cache[0m[2m:[0m [2m278:[0m cached [3mround[0m[2m=[0mRound { epoch: Epoch(0), view: View(3) } [3mname[0m[2m=[0m"finalization"
[2m2025-12-05T21:55:56.448190Z[0m [34mDEBUG[0m [2msummit_syncer::actor[0m[2m:[0m [2m454:[0m finalized block stored [3mround[0m[2m=[0mRound { epoch: Epoch(0), view: View(3) } [3mheight[0m[2m=[0m2
[2m2025-12-05T21:55:56.449476Z[0m [33m WARN[0m [2msummit_finalizer::actor[0m[2m:[0m [2m325:[0m Height: 2 contains invalid eth payload. Not executing but keeping part of chain
[2m2025-12-05T21:55:56.449515Z[0m [32m INFO[0m [2msummit_finalizer::actor[0m[2m:[0m [2m504:[0m finalized block [3mnew_height[0m[2m=[0m2 [3mself.state.epoch[0m[2m=[0m0
[2m2025-12-05T21:55:56.449835Z[0m [34mDEBUG[0m [2mcommonware_consensus::simplex::actors::voter::actor[0m[2m:[0m [2m545:[0m broadcasting finalization [3mproposal[0m[2m=[0mProposal { round: Round { epoch: Epoch(0), view: View(3) }, parent: View(2), payload: 49950c8ed19bd98b17f0d0df7f6a8457f5941e497fdf59e25d1e2ac71d798807 }
[2m2025-12-05T21:55:56.450138Z[0m [34mDEBUG[0m [2msummit_syncer::cache[0m[2m:[0m [2m60:[0m pruned archives [3mmin_view[0m[2m=[0m0
[2m2025-12-05T21:55:56.452037Z[0m [34mDEBUG[0m [2mcommonware_consensus::simplex::actors::voter::actor[0m[2m:[0m [2m545:[0m broadcasting finalization [3mproposal[0m[2m=[0mProposal { round: Round { epoch: Epoch(0), view: View(3) }, parent: View(2), payload: 49950c8ed19bd98b17f0d0df7f6a8457f5941e497fdf59e25d1e2ac71d798807 }
[2m2025-12-05T21:55:56.454236Z[0m [34mDEBUG[0m [2mcommonware_consensus::simplex::actors::voter::actor[0m[2m:[0m [2m545:[0m broadcasting finalization [3mproposal[0m[2m=[0mProposal { round: Round { epoch: Epoch(0), view: View(3) }, parent: View(2), payload: 49950c8ed19bd98b17f0d0df7f6a8457f5941e497fdf59e25d1e2ac71d798807 }
[2m2025-12-05T21:55:56.454469Z[0m [34mDEBUG[0m [2mcommonware_consensus::simplex::actors::voter::actor[0m[2m:[0m [2m545:[0m broadcasting finalization [3mproposal[0m[2m=[0mProposal { round: Round { epoch: Epoch(0), view: View(3) }, parent: View(2), payload: 49950c8ed19bd98b17f0d0df7f6a8457f5941e497fdf59e25d1e2ac71d798807 }
[2m2025-12-05T21:55:56.454666Z[0m [34mDEBUG[0m [2msummit_syncer::cache[0m[2m:[0m [2m278:[0m cached [3mround[0m[2m=[0mRound { epoch: Epoch(0), view: View(3) } [3mname[0m[2m=[0m"finalization"
[2m2025-12-05T21:55:56.478631Z[0m [34mDEBUG[0m [2msummit_syncer::actor[0m[2m:[0m [2m454:[0m finalized block stored [3mround[0m[2m=[0mRound { epoch: Epoch(0), view: View(3) } [3mheight[0m[2m=[0m2
[2m2025-12-05T21:55:56.479079Z[0m [34mDEBUG[0m [2msummit_syncer::cache[0m[2m:[0m [2m278:[0m cached [3mround[0m[2m=[0mRound { epoch: Epoch(0), view: View(3) } [3mname[0m[2m=[0m"finalization"
[2m2025-12-05T21:55:56.479302Z[0m [34mDEBUG[0m [2msummit_syncer::cache[0m[2m:[0m [2m278:[0m cached [3mround[0m[2m=[0mRound { epoch: Epoch(0), view: View(3) } [3mname[0m[2m=[0m"finalization"
[2m2025-12-05T21:55:56.479358Z[0m [33m WARN[0m [2msummit_finalizer::actor[0m[2m:[0m [2m325:[0m Height: 2 contains invalid eth payload. Not executing but keeping part of chain
[2m2025-12-05T21:55:56.479375Z[0m [32m INFO[0m [2msummit_finalizer::actor[0m[2m:[0m [2m504:[0m finalized block [3mnew_height[0m[2m=[0m2 [3mself.state.epoch[0m[2m=[0m0
[2m2025-12-05T21:55:56.479596Z[0m [34mDEBUG[0m [2msummit_syncer::cache[0m[2m:[0m [2m278:[0m cached [3mround[0m[2m=[0mRound { epoch: Epoch(0), view: View(3) } [3mname[0m[2m=[0m"finalization"
[2m2025-12-05T21:55:56.479774Z[0m [34mDEBUG[0m [2msummit_syncer::cache[0m[2m:[0m [2m60:[0m pruned archives [3mmin_view[0m[2m=[0m0
[2m2025-12-05T21:55:56.496450Z[0m [34mDEBUG[0m [2msummit_syncer::actor[0m[2m:[0m [2m454:[0m finalized block stored [3mround[0m[2m=[0mRound { epoch: Epoch(0), view: View(3) } [3mheight[0m[2m=[0m2
[2m2025-12-05T21:55:56.513706Z[0m [34mDEBUG[0m [2msummit_syncer::actor[0m[2m:[0m [2m454:[0m finalized block stored [3mround[0m[2m=[0mRound { epoch: Epoch(0), view: View(3) } [3mheight[0m[2m=[0m2
[2m2025-12-05T21:55:56.513839Z[0m [33m WARN[0m [2msummit_finalizer::actor[0m[2m:[0m [2m325:[0m Height: 2 contains invalid eth payload. Not executing but keeping part of chain
[2m2025-12-05T21:55:56.513868Z[0m [32m INFO[0m [2msummit_finalizer::actor[0m[2m:[0m [2m504:[0m finalized block [3mnew_height[0m[2m=[0m2 [3mself.state.epoch[0m[2m=[0m0
[2m2025-12-05T21:55:56.513972Z[0m [33m WARN[0m [2msummit_finalizer::actor[0m[2m:[0m [2m325:[0m Height: 2 contains invalid eth payload. Not executing but keeping part of chain
[2m2025-12-05T21:55:56.513984Z[0m [32m INFO[0m [2msummit_finalizer::actor[0m[2m:[0m [2m504:[0m finalized block [3mnew_height[0m[2m=[0m2 [3mself.state.epoch[0m[2m=[0m0
[2m2025-12-05T21:55:56.529382Z[0m [34mDEBUG[0m [2msummit_syncer::actor[0m[2m:[0m [2m454:[0m finalized block stored [3mround[0m[2m=[0mRound { epoch: Epoch(0), view: View(3) } [3mheight[0m[2m=[0m2
[2m2025-12-05T21:55:56.529507Z[0m [33m WARN[0m [2msummit_finalizer::actor[0m[2m:[0m [2m325:[0m Height: 2 contains invalid eth payload. Not executing but keeping part of chain
[2m2025-12-05T21:55:56.529530Z[0m [32m INFO[0m [2msummit_finalizer::actor[0m[2m:[0m [2m504:[0m finalized block [3mnew_height[0m[2m=[0m2 [3mself.state.epoch[0m[2m=[0m0
[2m2025-12-05T21:55:56.529742Z[0m [34mDEBUG[0m [2msummit_syncer::cache[0m[2m:[0m [2m60:[0m pruned archives [3mmin_view[0m[2m=[0m0
[2m2025-12-05T21:55:56.529999Z[0m [34mDEBUG[0m [2msummit_syncer::cache[0m[2m:[0m [2m60:[0m pruned archives [3mmin_view[0m[2m=[0m0
[2m2025-12-05T21:55:56.530251Z[0m [34mDEBUG[0m [2msummit_syncer::cache[0m[2m:[0m [2m60:[0m pruned archives [3mmin_view[0m[2m=[0m0
[2m2025-12-05T21:55:56.532398Z[0m [34mDEBUG[0m [2mcommonware_consensus::simplex::actors::voter::actor[0m[2m:[0m [2m255:[0m requested proposal verification [3mproposal[0m[2m=[0mProposal { round: Round { epoch: Epoch(0), view: View(4) }, parent: View(3), payload: 7450b94f8080b5825f5017dcc35ac087797559475561e5030006cb7714419925 }
[2m2025-12-05T21:55:56.532555Z[0m [34mDEBUG[0m [2msummit_application::actor[0m[2m:[0m [2m225:[0m 65 application: Handling message Verify for round (0, 4) (epoch 0, view 4), parent height: 3
[2m2025-12-05T21:55:56.533340Z[0m [34mDEBUG[0m [2mcommonware_consensus::simplex::actors::voter::actor[0m[2m:[0m [2m387:[0m broadcasting notarize [3mproposal[0m[2m=[0mProposal { round: Round { epoch: Epoch(0), view: View(4) }, parent: View(3), payload: 7450b94f8080b5825f5017dcc35ac087797559475561e5030006cb7714419925 }
[2m2025-12-05T21:55:56.533483Z[0m [34mDEBUG[0m [2msummit_syncer::cache[0m[2m:[0m [2m278:[0m cached [3mround[0m[2m=[0mRound { epoch: Epoch(0), view: View(4) } [3mname[0m[2m=[0m"verified"
[2m2025-12-05T21:55:56.535215Z[0m [34mDEBUG[0m [2mcommonware_consensus::simplex::actors::voter::actor[0m[2m:[0m [2m255:[0m requested proposal verification [3mproposal[0m[2m=[0mProposal { round: Round { epoch: Epoch(0), view: View(4) }, parent: View(3), payload: 7450b94f8080b5825f5017dcc35ac087797559475561e5030006cb7714419925 }
[2m2025-12-05T21:55:56.535357Z[0m [34mDEBUG[0m [2msummit_application::actor[0m[2m:[0m [2m225:[0m 48 application: Handling message Verify for round (0, 4) (epoch 0, view 4), parent height: 3
[2m2025-12-05T21:55:56.537280Z[0m [34mDEBUG[0m [2mcommonware_consensus::simplex::actors::voter::actor[0m[2m:[0m [2m255:[0m requested proposal verification [3mproposal[0m[2m=[0mProposal { round: Round { epoch: Epoch(0), view: View(4) }, parent: View(3), payload: 7450b94f8080b5825f5017dcc35ac087797559475561e5030006cb7714419925 }
[2m2025-12-05T21:55:56.537445Z[0m [34mDEBUG[0m [2msummit_application::actor[0m[2m:[0m [2m225:[0m 140 application: Handling message Verify for round (0, 4) (epoch 0, view 4), parent height: 3
[2m2025-12-05T21:55:56.538367Z[0m [34mDEBUG[0m [2mcommonware_consensus::simplex::actors::voter::actor[0m[2m:[0m [2m387:[0m broadcasting notarize [3mproposal[0m[2m=[0mProposal { round: Round { epoch: Epoch(0), view: View(4) }, parent: View(3), payload: 7450b94f8080b5825f5017dcc35ac087797559475561e5030006cb7714419925 }
[2m2025-12-05T21:55:56.538535Z[0m [34mDEBUG[0m [2msummit_syncer::cache[0m[2m:[0m [2m278:[0m cached [3mround[0m[2m=[0mRound { epoch: Epoch(0), view: View(4) } [3mname[0m[2m=[0m"verified"
[2m2025-12-05T21:55:56.540097Z[0m [34mDEBUG[0m [2mcommonware_consensus::simplex::actors::voter::actor[0m[2m:[0m [2m387:[0m broadcasting notarize [3mproposal[0m[2m=[0mProposal { round: Round { epoch: Epoch(0), view: View(4) }, parent: View(3), payload: 7450b94f8080b5825f5017dcc35ac087797559475561e5030006cb7714419925 }
[2m2025-12-05T21:55:56.540211Z[0m [34mDEBUG[0m [2msummit_syncer::cache[0m[2m:[0m [2m278:[0m cached [3mround[0m[2m=[0mRound { epoch: Epoch(0), view: View(4) } [3mname[0m[2m=[0m"verified"
[2m2025-12-05T21:55:56.544077Z[0m [34mDEBUG[0m [2mcommonware_consensus::simplex::actors::voter::round[0m[2m:[0m [2m174:[0m leader elected [3mround[0m[2m=[0mRound { epoch: Epoch(0), view: View(5) } [3mleader[0m[2m=[0m1c0c1c72c52dbd38c741a2c1989e02a41b388348011566b914a1ed6932b8f880 [3mleader_idx[0m[2m=[0m0
[2m2025-12-05T21:55:56.544139Z[0m [34mDEBUG[0m [2mcommonware_consensus::simplex::actors::voter::actor[0m[2m:[0m [2m446:[0m broadcasting notarization [3mproposal[0m[2m=[0mProposal { round: Round { epoch: Epoch(0), view: View(4) }, parent: View(3), payload: 7450b94f8080b5825f5017dcc35ac087797559475561e5030006cb7714419925 }
[2m2025-12-05T21:55:56.544708Z[0m [34mDEBUG[0m [2mcommonware_consensus::simplex::actors::voter::actor[0m[2m:[0m [2m511:[0m broadcasting finalize [3mproposal[0m[2m=[0mProposal { round: Round { epoch: Epoch(0), view: View(4) }, parent: View(3), payload: 7450b94f8080b5825f5017dcc35ac087797559475561e5030006cb7714419925 }
[2m2025-12-05T21:55:56.545011Z[0m [34mDEBUG[0m [2msummit_syncer::cache[0m[2m:[0m [2m278:[0m cached [3mround[0m[2m=[0mRound { epoch: Epoch(0), view: View(4) } [3mname[0m[2m=[0m"notarization"
[2m2025-12-05T21:55:56.545516Z[0m [34mDEBUG[0m [2msummit_syncer::cache[0m[2m:[0m [2m278:[0m cached [3mround[0m[2m=[0mRound { epoch: Epoch(0), view: View(4) } [3mname[0m[2m=[0m"notarized"
[2m2025-12-05T21:55:56.548621Z[0m [34mDEBUG[0m [2mcommonware_consensus::simplex::actors::voter::round[0m[2m:[0m [2m174:[0m leader elected [3mround[0m[2m=[0mRound { epoch: Epoch(0), view: View(5) } [3mleader[0m[2m=[0m1c0c1c72c52dbd38c741a2c1989e02a41b388348011566b914a1ed6932b8f880 [3mleader_idx[0m[2m=[0m0
[2m2025-12-05T21:55:56.548684Z[0m [34mDEBUG[0m [2mcommonware_consensus::simplex::actors::voter::actor[0m[2m:[0m [2m446:[0m broadcasting notarization [3mproposal[0m[2m=[0mProposal { round: Round { epoch: Epoch(0), view: View(4) }, parent: View(3), payload: 7450b94f8080b5825f5017dcc35ac087797559475561e5030006cb7714419925 }
[2m2025-12-05T21:55:56.548763Z[0m [34mDEBUG[0m [2mcommonware_consensus::simplex::actors::voter::round[0m[2m:[0m [2m174:[0m leader elected [3mround[0m[2m=[0mRound { epoch: Epoch(0), view: View(5) } [3mleader[0m[2m=[0m1c0c1c72c52dbd38c741a2c1989e02a41b388348011566b914a1ed6932b8f880 [3mleader_idx[0m[2m=[0m0
[2m2025-12-05T21:55:56.548823Z[0m [34mDEBUG[0m [2mcommonware_consensus::simplex::actors::voter::actor[0m[2m:[0m [2m446:[0m broadcasting notarization [3mproposal[0m[2m=[0mProposal { round: Round { epoch: Epoch(0), view: View(4) }, parent: View(3), payload: 7450b94f8080b5825f5017dcc35ac087797559475561e5030006cb7714419925 }
[2m2025-12-05T21:55:56.549000Z[0m [34mDEBUG[0m [2mcommonware_consensus::simplex::actors::voter::round[0m[2m:[0m [2m174:[0m leader elected [3mround[0m[2m=[0mRound { epoch: Epoch(0), view: View(5) } [3mleader[0m[2m=[0m1c0c1c72c52dbd38c741a2c1989e02a41b388348011566b914a1ed6932b8f880 [3mleader_idx[0m[2m=[0m0
[2m2025-12-05T21:55:56.549075Z[0m [34mDEBUG[0m [2mcommonware_consensus::simplex::actors::voter::actor[0m[2m:[0m [2m446:[0m broadcasting notarization [3mproposal[0m[2m=[0mProposal { round: Round { epoch: Epoch(0), view: View(4) }, parent: View(3), payload: 7450b94f8080b5825f5017dcc35ac087797559475561e5030006cb7714419925 }
[2m2025-12-05T21:55:56.549909Z[0m [34mDEBUG[0m [2mcommonware_consensus::simplex::actors::voter::actor[0m[2m:[0m [2m511:[0m broadcasting finalize [3mproposal[0m[2m=[0mProposal { round: Round { epoch: Epoch(0), view: View(4) }, parent: View(3), payload: 7450b94f8080b5825f5017dcc35ac087797559475561e5030006cb7714419925 }
[2m2025-12-05T21:55:56.550275Z[0m [34mDEBUG[0m [2mcommonware_consensus::simplex::actors::voter::actor[0m[2m:[0m [2m511:[0m broadcasting finalize [3mproposal[0m[2m=[0mProposal { round: Round { epoch: Epoch(0), view: View(4) }, parent: View(3), payload: 7450b94f8080b5825f5017dcc35ac087797559475561e5030006cb7714419925 }
[2m2025-12-05T21:55:56.550664Z[0m [34mDEBUG[0m [2mcommonware_consensus::simplex::actors::voter::actor[0m[2m:[0m [2m511:[0m broadcasting finalize [3mproposal[0m[2m=[0mProposal { round: Round { epoch: Epoch(0), view: View(4) }, parent: View(3), payload: 7450b94f8080b5825f5017dcc35ac087797559475561e5030006cb7714419925 }
[2m2025-12-05T21:55:56.550851Z[0m [34mDEBUG[0m [2msummit_syncer::cache[0m[2m:[0m [2m278:[0m cached [3mround[0m[2m=[0mRound { epoch: Epoch(0), view: View(4) } [3mname[0m[2m=[0m"notarization"
[2m2025-12-05T21:55:56.550948Z[0m [34mDEBUG[0m [2msummit_syncer::cache[0m[2m:[0m [2m278:[0m cached [3mround[0m[2m=[0mRound { epoch: Epoch(0), view: View(4) } [3mname[0m[2m=[0m"notarization"
[2m2025-12-05T21:55:56.551077Z[0m [34mDEBUG[0m [2msummit_syncer::cache[0m[2m:[0m [2m278:[0m cached [3mround[0m[2m=[0mRound { epoch: Epoch(0), view: View(4) } [3mname[0m[2m=[0m"notarization"
[2m2025-12-05T21:55:56.551677Z[0m [34mDEBUG[0m [2msummit_syncer::cache[0m[2m:[0m [2m278:[0m cached [3mround[0m[2m=[0mRound { epoch: Epoch(0), view: View(4) } [3mname[0m[2m=[0m"notarized"
[2m2025-12-05T21:55:56.551776Z[0m [34mDEBUG[0m [2msummit_syncer::cache[0m[2m:[0m [2m278:[0m cached [3mround[0m[2m=[0mRound { epoch: Epoch(0), view: View(4) } [3mname[0m[2m=[0m"notarized"
[2m2025-12-05T21:55:56.551903Z[0m [34mDEBUG[0m [2msummit_syncer::cache[0m[2m:[0m [2m278:[0m cached [3mround[0m[2m=[0mRound { epoch: Epoch(0), view: View(4) } [3mname[0m[2m=[0m"notarized"
[2m2025-12-05T21:55:56.552017Z[0m [34mDEBUG[0m [2mcommonware_consensus::simplex::actors::voter::actor[0m[2m:[0m [2m245:[0m requested proposal from automaton [3mround[0m[2m=[0mRound { epoch: Epoch(0), view: View(5) }
[2m2025-12-05T21:55:56.552042Z[0m [34mDEBUG[0m [2msummit_application::actor[0m[2m:[0m [2m151:[0m 65 application: Handling message Propose for round (0, 5) (epoch 0, view 5), parent height: 4
[2m2025-12-05T21:55:56.552823Z[0m [34mDEBUG[0m [2mcommonware_consensus::simplex::actors::voter::actor[0m[2m:[0m [2m387:[0m broadcasting notarize [3mproposal[0m[2m=[0mProposal { round: Round { epoch: Epoch(0), view: View(5) }, parent: View(4), payload: 5da2efdabb953b281a4115d9d7dd22b75e86970d1eb02aa0f15c655975ac40fb }
[2m2025-12-05T21:55:56.552893Z[0m [32m INFO[0m [2msummit_application::actor[0m[2m:[0m [2m202:[0m 65 Handling message Broadcast
[2m2025-12-05T21:55:56.554573Z[0m [34mDEBUG[0m [2mcommonware_consensus::simplex::actors::voter::round[0m[2m:[0m [2m312:[0m setting verified proposal from certificate [3mproposal[0m[2m=[0mProposal { round: Round { epoch: Epoch(0), view: View(4) }, parent: View(3), payload: 7450b94f8080b5825f5017dcc35ac087797559475561e5030006cb7714419925 }
[2m2025-12-05T21:55:56.554590Z[0m [34mDEBUG[0m [2mcommonware_consensus::simplex::actors::voter::round[0m[2m:[0m [2m174:[0m leader elected [3mround[0m[2m=[0mRound { epoch: Epoch(0), view: View(5) } [3mleader[0m[2m=[0m1c0c1c72c52dbd38c741a2c1989e02a41b388348011566b914a1ed6932b8f880 [3mleader_idx[0m[2m=[0m0
[2m2025-12-05T21:55:56.554968Z[0m [34mDEBUG[0m [2mcommonware_consensus::simplex::actors::voter::actor[0m[2m:[0m [2m387:[0m broadcasting notarize [3mproposal[0m[2m=[0mProposal { round: Round { epoch: Epoch(0), view: View(4) }, parent: View(3), payload: 7450b94f8080b5825f5017dcc35ac087797559475561e5030006cb7714419925 }
[2m2025-12-05T21:55:56.555214Z[0m [34mDEBUG[0m [2mcommonware_consensus::simplex::actors::voter::actor[0m[2m:[0m [2m446:[0m broadcasting notarization [3mproposal[0m[2m=[0mProposal { round: Round { epoch: Epoch(0), view: View(4) }, parent: View(3), payload: 7450b94f8080b5825f5017dcc35ac087797559475561e5030006cb7714419925 }
[2m2025-12-05T21:55:56.556080Z[0m [34mDEBUG[0m [2mcommonware_consensus::simplex::actors::voter::actor[0m[2m:[0m [2m511:[0m broadcasting finalize [3mproposal[0m[2m=[0mProposal { round: Round { epoch: Epoch(0), view: View(4) }, parent: View(3), payload: 7450b94f8080b5825f5017dcc35ac087797559475561e5030006cb7714419925 }
[2m2025-12-05T21:55:56.556299Z[0m [34mDEBUG[0m [2msummit_syncer::cache[0m[2m:[0m [2m278:[0m cached [3mround[0m[2m=[0mRound { epoch: Epoch(0), view: View(4) } [3mname[0m[2m=[0m"notarization"
[2m2025-12-05T21:55:56.557000Z[0m [34mDEBUG[0m [2msummit_syncer::cache[0m[2m:[0m [2m278:[0m cached [3mround[0m[2m=[0mRound { epoch: Epoch(0), view: View(4) } [3mname[0m[2m=[0m"notarized"
[2m2025-12-05T21:55:56.559852Z[0m [34mDEBUG[0m [2mcommonware_consensus::simplex::actors::voter::actor[0m[2m:[0m [2m545:[0m broadcasting finalization [3mproposal[0m[2m=[0mProposal { round: Round { epoch: Epoch(0), view: View(4) }, parent: View(3), payload: 7450b94f8080b5825f5017dcc35ac087797559475561e5030006cb7714419925 }
[2m2025-12-05T21:55:56.561060Z[0m [34mDEBUG[0m [2msummit_syncer::cache[0m[2m:[0m [2m278:[0m cached [3mround[0m[2m=[0mRound { epoch: Epoch(0), view: View(4) } [3mname[0m[2m=[0m"finalization"
[2m2025-12-05T21:55:56.562217Z[0m [34mDEBUG[0m [2mcommonware_consensus::simplex::actors::voter::actor[0m[2m:[0m [2m545:[0m broadcasting finalization [3mproposal[0m[2m=[0mProposal { round: Round { epoch: Epoch(0), view: View(4) }, parent: View(3), payload: 7450b94f8080b5825f5017dcc35ac087797559475561e5030006cb7714419925 }
[2m2025-12-05T21:55:56.580810Z[0m [34mDEBUG[0m [2msummit_syncer::actor[0m[2m:[0m [2m454:[0m finalized block stored [3mround[0m[2m=[0mRound { epoch: Epoch(0), view: View(4) } [3mheight[0m[2m=[0m3
[2m2025-12-05T21:55:56.581106Z[0m [32m INFO[0m [2msummit_finalizer::actor[0m[2m:[0m [2m275:[0m Commiting block 0xf416d554ffdbfc068010a56243ce5f16634d0f6fe93edd94eb9c00919917a575 for height 3
[2m2025-12-05T21:55:56.581133Z[0m [32m INFO[0m [2msummit_finalizer::actor[0m[2m:[0m [2m504:[0m finalized block [3mnew_height[0m[2m=[0m3 [3mself.state.epoch[0m[2m=[0m0
[2m2025-12-05T21:55:56.581606Z[0m [34mDEBUG[0m [2msummit_syncer::cache[0m[2m:[0m [2m278:[0m cached [3mround[0m[2m=[0mRound { epoch: Epoch(0), view: View(4) } [3mname[0m[2m=[0m"finalization"
[2m2025-12-05T21:55:56.581828Z[0m [34mDEBUG[0m [2msummit_syncer::cache[0m[2m:[0m [2m60:[0m pruned archives [3mmin_view[0m[2m=[0m0
[2m2025-12-05T21:55:56.582974Z[0m [34mDEBUG[0m [2mcommonware_consensus::simplex::actors::voter::actor[0m[2m:[0m [2m545:[0m broadcasting finalization [3mproposal[0m[2m=[0mProposal { round: Round { epoch: Epoch(0), view: View(4) }, parent: View(3), payload: 7450b94f8080b5825f5017dcc35ac087797559475561e5030006cb7714419925 }
[2m2025-12-05T21:55:56.603242Z[0m [34mDEBUG[0m [2msummit_syncer::actor[0m[2m:[0m [2m454:[0m finalized block stored [3mround[0m[2m=[0mRound { epoch: Epoch(0), view: View(4) } [3mheight[0m[2m=[0m3
[2m2025-12-05T21:55:56.603571Z[0m [32m INFO[0m [2msummit_finalizer::actor[0m[2m:[0m [2m275:[0m Commiting block 0xf416d554ffdbfc068010a56243ce5f16634d0f6fe93edd94eb9c00919917a575 for height 3
[2m2025-12-05T21:55:56.603597Z[0m [32m INFO[0m [2msummit_finalizer::actor[0m[2m:[0m [2m504:[0m finalized block [3mnew_height[0m[2m=[0m3 [3mself.state.epoch[0m[2m=[0m0
[2m2025-12-05T21:55:56.603970Z[0m [34mDEBUG[0m [2msummit_syncer::cache[0m[2m:[0m [2m60:[0m pruned archives [3mmin_view[0m[2m=[0m0
[2m2025-12-05T21:55:56.604267Z[0m [34mDEBUG[0m [2msummit_syncer::cache[0m[2m:[0m [2m278:[0m cached [3mround[0m[2m=[0mRound { epoch: Epoch(0), view: View(4) } [3mname[0m[2m=[0m"finalization"
[2m2025-12-05T21:55:56.621825Z[0m [34mDEBUG[0m [2msummit_syncer::actor[0m[2m:[0m [2m454:[0m finalized block stored [3mround[0m[2m=[0mRound { epoch: Epoch(0), view: View(4) } [3mheight[0m[2m=[0m3
[2m2025-12-05T21:55:56.621956Z[0m [32m INFO[0m [2msummit_finalizer::actor[0m[2m:[0m [2m275:[0m Commiting block 0xf416d554ffdbfc068010a56243ce5f16634d0f6fe93edd94eb9c00919917a575 for height 3
[2m2025-12-05T21:55:56.621981Z[0m [32m INFO[0m [2msummit_finalizer::actor[0m[2m:[0m [2m504:[0m finalized block [3mnew_height[0m[2m=[0m3 [3mself.state.epoch[0m[2m=[0m0
[2m2025-12-05T21:55:56.622202Z[0m [34mDEBUG[0m [2msummit_syncer::cache[0m[2m:[0m [2m60:[0m pruned archives [3mmin_view[0m[2m=[0m0
[2m2025-12-05T21:55:56.623524Z[0m [34mDEBUG[0m [2mcommonware_consensus::simplex::actors::voter::actor[0m[2m:[0m [2m545:[0m broadcasting finalization [3mproposal[0m[2m=[0mProposal { round: Round { epoch: Epoch(0), view: View(4) }, parent: View(3), payload: 7450b94f8080b5825f5017dcc35ac087797559475561e5030006cb7714419925 }
[2m2025-12-05T21:55:56.623942Z[0m [34mDEBUG[0m [2msummit_syncer::cache[0m[2m:[0m [2m278:[0m cached [3mround[0m[2m=[0mRound { epoch: Epoch(0), view: View(4) } [3mname[0m[2m=[0m"finalization"
[2m2025-12-05T21:55:56.641863Z[0m [34mDEBUG[0m [2msummit_syncer::actor[0m[2m:[0m [2m454:[0m finalized block stored [3mround[0m[2m=[0mRound { epoch: Epoch(0), view: View(4) } [3mheight[0m[2m=[0m3
[2m2025-12-05T21:55:56.642000Z[0m [32m INFO[0m [2msummit_finalizer::actor[0m[2m:[0m [2m275:[0m Commiting block 0xf416d554ffdbfc068010a56243ce5f16634d0f6fe93edd94eb9c00919917a575 for height 3
[2m2025-12-05T21:55:56.642029Z[0m [32m INFO[0m [2msummit_finalizer::actor[0m[2m:[0m [2m504:[0m finalized block [3mnew_height[0m[2m=[0m3 [3mself.state.epoch[0m[2m=[0m0
[2m2025-12-05T21:55:56.642258Z[0m [34mDEBUG[0m [2msummit_syncer::cache[0m[2m:[0m [2m60:[0m pruned archives [3mmin_view[0m[2m=[0m0
[2m2025-12-05T21:55:56.643505Z[0m [34mDEBUG[0m [2mcommonware_consensus::simplex::actors::voter::actor[0m[2m:[0m [2m255:[0m requested proposal verification [3mproposal[0m[2m=[0mProposal { round: Round { epoch: Epoch(0), view: View(5) }, parent: View(4), payload: 5da2efdabb953b281a4115d9d7dd22b75e86970d1eb02aa0f15c655975ac40fb }
[2m2025-12-05T21:55:56.643546Z[0m [34mDEBUG[0m [2msummit_application::actor[0m[2m:[0m [2m225:[0m 125 application: Handling message Verify for round (0, 5) (epoch 0, view 5), parent height: 4
[2m2025-12-05T21:55:56.643810Z[0m [34mDEBUG[0m [2msummit_syncer::actor[0m[2m:[0m [2m519:[0m requested block missing [3mround[0m[2m=[0mRound { epoch: Epoch(0), view: View(5) } [3mcommitment[0m[2m=[0m5da2efdabb953b281a4115d9d7dd22b75e86970d1eb02aa0f15c655975ac40fb
[2m2025-12-05T21:55:56.643826Z[0m [34mDEBUG[0m [2msummit_syncer::actor[0m[2m:[0m [2m524:[0m registering subscriber [3mround[0m[2m=[0mSome(Round { epoch: Epoch(0), view: View(5) }) [3mcommitment[0m[2m=[0m5da2efdabb953b281a4115d9d7dd22b75e86970d1eb02aa0f15c655975ac40fb
[2m2025-12-05T21:55:56.645039Z[0m [34mDEBUG[0m [2mcommonware_consensus::simplex::actors::voter::actor[0m[2m:[0m [2m255:[0m requested proposal verification [3mproposal[0m[2m=[0mProposal { round: Round { epoch: Epoch(0), view: View(5) }, parent: View(4), payload: 5da2efdabb953b281a4115d9d7dd22b75e86970d1eb02aa0f15c655975ac40fb }
[2m2025-12-05T21:55:56.655921Z[0m [34mDEBUG[0m [2msummit_application::actor[0m[2m:[0m [2m225:[0m 155 application: Handling message Verify for round (0, 5) (epoch 0, view 5), parent height: 4
[2m2025-12-05T21:55:56.656629Z[0m [34mDEBUG[0m [2msummit_syncer::actor[0m[2m:[0m [2m519:[0m requested block missing [3mround[0m[2m=[0mRound { epoch: Epoch(0), view: View(5) } [3mcommitment[0m[2m=[0m5da2efdabb953b281a4115d9d7dd22b75e86970d1eb02aa0f15c655975ac40fb
[2m2025-12-05T21:55:56.656643Z[0m [34mDEBUG[0m [2msummit_syncer::actor[0m[2m:[0m [2m524:[0m registering subscriber [3mround[0m[2m=[0mSome(Round { epoch: Epoch(0), view: View(5) }) [3mcommitment[0m[2m=[0m5da2efdabb953b281a4115d9d7dd22b75e86970d1eb02aa0f15c655975ac40fb
[2m2025-12-05T21:55:56.657876Z[0m [34mDEBUG[0m [2mcommonware_consensus::simplex::actors::voter::actor[0m[2m:[0m [2m255:[0m requested proposal verification [3mproposal[0m[2m=[0mProposal { round: Round { epoch: Epoch(0), view: View(5) }, parent: View(4), payload: 5da2efdabb953b281a4115d9d7dd22b75e86970d1eb02aa0f15c655975ac40fb }
[2m2025-12-05T21:55:56.658124Z[0m [34mDEBUG[0m [2msummit_application::actor[0m[2m:[0m [2m225:[0m 140 application: Handling message Verify for round (0, 5) (epoch 0, view 5), parent height: 4
[2m2025-12-05T21:55:56.658886Z[0m [34mDEBUG[0m [2mcommonware_consensus::simplex::actors::voter::actor[0m[2m:[0m [2m387:[0m broadcasting notarize [3mproposal[0m[2m=[0mProposal { round: Round { epoch: Epoch(0), view: View(5) }, parent: View(4), payload: 5da2efdabb953b281a4115d9d7dd22b75e86970d1eb02aa0f15c655975ac40fb }
[2m2025-12-05T21:55:56.659168Z[0m [34mDEBUG[0m [2msummit_syncer::cache[0m[2m:[0m [2m278:[0m cached [3mround[0m[2m=[0mRound { epoch: Epoch(0), view: View(5) } [3mname[0m[2m=[0m"verified"
[2m2025-12-05T21:55:56.660528Z[0m [34mDEBUG[0m [2mcommonware_consensus::simplex::actors::voter::actor[0m[2m:[0m [2m545:[0m broadcasting finalization [3mproposal[0m[2m=[0mProposal { round: Round { epoch: Epoch(0), view: View(4) }, parent: View(3), payload: 7450b94f8080b5825f5017dcc35ac087797559475561e5030006cb7714419925 }
[2m2025-12-05T21:55:56.661693Z[0m [34mDEBUG[0m [2msummit_syncer::cache[0m[2m:[0m [2m278:[0m cached [3mround[0m[2m=[0mRound { epoch: Epoch(0), view: View(4) } [3mname[0m[2m=[0m"finalization"
[2m2025-12-05T21:55:56.662974Z[0m [34mDEBUG[0m [2mcommonware_consensus::simplex::actors::voter::actor[0m[2m:[0m [2m255:[0m requested proposal verification [3mproposal[0m[2m=[0mProposal { round: Round { epoch: Epoch(0), view: View(5) }, parent: View(4), payload: 5da2efdabb953b281a4115d9d7dd22b75e86970d1eb02aa0f15c655975ac40fb }
[2m2025-12-05T21:55:56.663470Z[0m [34mDEBUG[0m [2mcommonware_consensus::simplex::actors::voter::actor[0m[2m:[0m [2m387:[0m broadcasting notarize [3mproposal[0m[2m=[0mProposal { round: Round { epoch: Epoch(0), view: View(5) }, parent: View(4), payload: 5da2efdabb953b281a4115d9d7dd22b75e86970d1eb02aa0f15c655975ac40fb }
[2m2025-12-05T21:55:56.663612Z[0m [34mDEBUG[0m [2msummit_syncer::cache[0m[2m:[0m [2m278:[0m cached [3mround[0m[2m=[0mRound { epoch: Epoch(0), view: View(5) } [3mname[0m[2m=[0m"verified"
[2m2025-12-05T21:55:56.682847Z[0m [34mDEBUG[0m [2msummit_syncer::actor[0m[2m:[0m [2m454:[0m finalized block stored [3mround[0m[2m=[0mRound { epoch: Epoch(0), view: View(4) } [3mheight[0m[2m=[0m3
[2m2025-12-05T21:55:56.682954Z[0m [34mDEBUG[0m [2msummit_application::actor[0m[2m:[0m [2m225:[0m 48 application: Handling message Verify for round (0, 5) (epoch 0, view 5), parent height: 4
[2m2025-12-05T21:55:56.683514Z[0m [32m INFO[0m [2msummit_finalizer::actor[0m[2m:[0m [2m275:[0m Commiting block 0xf416d554ffdbfc068010a56243ce5f16634d0f6fe93edd94eb9c00919917a575 for height 3
[2m2025-12-05T21:55:56.683540Z[0m [32m INFO[0m [2msummit_finalizer::actor[0m[2m:[0m [2m504:[0m finalized block [3mnew_height[0m[2m=[0m3 [3mself.state.epoch[0m[2m=[0m0
[2m2025-12-05T21:55:56.683788Z[0m [34mDEBUG[0m [2msummit_syncer::cache[0m[2m:[0m [2m60:[0m pruned archives [3mmin_view[0m[2m=[0m0
[2m2025-12-05T21:55:56.684417Z[0m [34mDEBUG[0m [2msummit_syncer::cache[0m[2m:[0m [2m278:[0m cached [3mround[0m[2m=[0mRound { epoch: Epoch(0), view: View(5) } [3mname[0m[2m=[0m"verified"
[2m2025-12-05T21:55:56.684843Z[0m [34mDEBUG[0m [2mcommonware_consensus::simplex::actors::voter::actor[0m[2m:[0m [2m387:[0m broadcasting notarize [3mproposal[0m[2m=[0mProposal { round: Round { epoch: Epoch(0), view: View(5) }, parent: View(4), payload: 5da2efdabb953b281a4115d9d7dd22b75e86970d1eb02aa0f15c655975ac40fb }
[2m2025-12-05T21:55:56.685664Z[0m [34mDEBUG[0m [2mcommonware_consensus::simplex::actors::voter::actor[0m[2m:[0m [2m387:[0m broadcasting notarize [3mproposal[0m[2m=[0mProposal { round: Round { epoch: Epoch(0), view: View(5) }, parent: View(4), payload: 5da2efdabb953b281a4115d9d7dd22b75e86970d1eb02aa0f15c655975ac40fb }
[2m2025-12-05T21:55:56.685787Z[0m [34mDEBUG[0m [2msummit_syncer::cache[0m[2m:[0m [2m278:[0m cached [3mround[0m[2m=[0mRound { epoch: Epoch(0), view: View(5) } [3mname[0m[2m=[0m"verified"
[2m2025-12-05T21:55:56.688370Z[0m [34mDEBUG[0m [2msummit_syncer::actor[0m[2m:[0m [2m617:[0m notarization missing on request [3mround[0m[2m=[0mRound { epoch: Epoch(0), view: View(5) }
[2m2025-12-05T21:55:56.688403Z[0m [34mDEBUG[0m [2mcommonware_resolver::p2p::engine[0m[2m:[0m [2m291:[0m serve failed [3merr[0m[2m=[0mCanceled [3mpeer[0m[2m=[0mec8924090e507c2d8371d2fb0bf965d553e6e5756aeec6c274df3801cf2b49b9 [3mid[0m[2m=[0m1
[2m2025-12-05T21:55:56.688751Z[0m [34mDEBUG[0m [2msummit_syncer::actor[0m[2m:[0m [2m617:[0m notarization missing on request [3mround[0m[2m=[0mRound { epoch: Epoch(0), view: View(5) }
[2m2025-12-05T21:55:56.688832Z[0m [34mDEBUG[0m [2mcommonware_resolver::p2p::engine[0m[2m:[0m [2m291:[0m serve failed [3merr[0m[2m=[0mCanceled [3mpeer[0m[2m=[0medd0f6de342a1e6a7236d6244f23d83eedfcecd059a386c85055701498e77033 [3mid[0m[2m=[0m1
[2m2025-12-05T21:55:56.691589Z[0m [34mDEBUG[0m [2mcommonware_consensus::simplex::actors::voter::round[0m[2m:[0m [2m174:[0m leader elected [3mround[0m[2m=[0mRound { epoch: Epoch(0), view: View(6) } [3mleader[0m[2m=[0m478b8e507e0bb2b18c0f9e0824769e8562d10df9abe2e774896f82b4b4405266 [3mleader_idx[0m[2m=[0m1
[2m2025-12-05T21:55:56.691651Z[0m [34mDEBUG[0m [2mcommonware_consensus::simplex::actors::voter::actor[0m[2m:[0m [2m446:[0m broadcasting notarization [3mproposal[0m[2m=[0mProposal { round: Round { epoch: Epoch(0), view: View(5) }, parent: View(4), payload: 5da2efdabb953b281a4115d9d7dd22b75e86970d1eb02aa0f15c655975ac40fb }
[2m2025-12-05T21:55:56.692761Z[0m [34mDEBUG[0m [2mcommonware_consensus::simplex::actors::voter::actor[0m[2m:[0m [2m511:[0m broadcasting finalize [3mproposal[0m[2m=[0mProposal { round: Round { epoch: Epoch(0), view: View(5) }, parent: View(4), payload: 5da2efdabb953b281a4115d9d7dd22b75e86970d1eb02aa0f15c655975ac40fb }
[2m2025-12-05T21:55:56.692976Z[0m [34mDEBUG[0m [2msummit_syncer::cache[0m[2m:[0m [2m278:[0m cached [3mround[0m[2m=[0mRound { epoch: Epoch(0), view: View(5) } [3mname[0m[2m=[0m"notarization"
[2m2025-12-05T21:55:56.694239Z[0m [34mDEBUG[0m [2mcommonware_consensus::simplex::actors::voter::round[0m[2m:[0m [2m174:[0m leader elected [3mround[0m[2m=[0mRound { epoch: Epoch(0), view: View(6) } [3mleader[0m[2m=[0m478b8e507e0bb2b18c0f9e0824769e8562d10df9abe2e774896f82b4b4405266 [3mleader_idx[0m[2m=[0m1
[2m2025-12-05T21:55:56.694299Z[0m [34mDEBUG[0m [2mcommonware_consensus::simplex::actors::voter::actor[0m[2m:[0m [2m446:[0m broadcasting notarization [3mproposal[0m[2m=[0mProposal { round: Round { epoch: Epoch(0), view: View(5) }, parent: View(4), payload: 5da2efdabb953b281a4115d9d7dd22b75e86970d1eb02aa0f15c655975ac40fb }
[2m2025-12-05T21:55:56.694461Z[0m [34mDEBUG[0m [2msummit_syncer::cache[0m[2m:[0m [2m278:[0m cached [3mround[0m[2m=[0mRound { epoch: Epoch(0), view: View(5) } [3mname[0m[2m=[0m"notarized"
[2m2025-12-05T21:55:56.695732Z[0m [34mDEBUG[0m [2mcommonware_consensus::simplex::actors::voter::round[0m[2m:[0m [2m174:[0m leader elected [3mround[0m[2m=[0mRound { epoch: Epoch(0), view: View(6) } [3mleader[0m[2m=[0m478b8e507e0bb2b18c0f9e0824769e8562d10df9abe2e774896f82b4b4405266 [3mleader_idx[0m[2m=[0m1
[2m2025-12-05T21:55:56.695827Z[0m [34mDEBUG[0m [2mcommonware_consensus::simplex::actors::voter::actor[0m[2m:[0m [2m446:[0m broadcasting notarization [3mproposal[0m[2m=[0mProposal { round: Round { epoch: Epoch(0), view: View(5) }, parent: View(4), payload: 5da2efdabb953b281a4115d9d7dd22b75e86970d1eb02aa0f15c655975ac40fb }
[2m2025-12-05T21:55:56.696399Z[0m [34mDEBUG[0m [2mcommonware_consensus::simplex::actors::voter::actor[0m[2m:[0m [2m511:[0m broadcasting finalize [3mproposal[0m[2m=[0mProposal { round: Round { epoch: Epoch(0), view: View(5) }, parent: View(4), payload: 5da2efdabb953b281a4115d9d7dd22b75e86970d1eb02aa0f15c655975ac40fb }
[2m2025-12-05T21:55:56.697088Z[0m [34mDEBUG[0m [2mcommonware_consensus::simplex::actors::voter::actor[0m[2m:[0m [2m511:[0m broadcasting finalize [3mproposal[0m[2m=[0mProposal { round: Round { epoch: Epoch(0), view: View(5) }, parent: View(4), payload: 5da2efdabb953b281a4115d9d7dd22b75e86970d1eb02aa0f15c655975ac40fb }
[2m2025-12-05T21:55:56.697246Z[0m [34mDEBUG[0m [2msummit_syncer::cache[0m[2m:[0m [2m278:[0m cached [3mround[0m[2m=[0mRound { epoch: Epoch(0), view: View(5) } [3mname[0m[2m=[0m"notarization"
[2m2025-12-05T21:55:56.697811Z[0m [34mDEBUG[0m [2msummit_syncer::cache[0m[2m:[0m [2m278:[0m cached [3mround[0m[2m=[0mRound { epoch: Epoch(0), view: View(5) } [3mname[0m[2m=[0m"notarization"
[2m2025-12-05T21:55:56.698161Z[0m [34mDEBUG[0m [2msummit_syncer::cache[0m[2m:[0m [2m278:[0m cached [3mround[0m[2m=[0mRound { epoch: Epoch(0), view: View(5) } [3mname[0m[2m=[0m"notarized"
[2m2025-12-05T21:55:56.699422Z[0m [34mDEBUG[0m [2msummit_syncer::cache[0m[2m:[0m [2m278:[0m cached [3mround[0m[2m=[0mRound { epoch: Epoch(0), view: View(5) } [3mname[0m[2m=[0m"notarized"
[2m2025-12-05T21:55:56.699575Z[0m [34mDEBUG[0m [2mcommonware_consensus::simplex::actors::voter::round[0m[2m:[0m [2m174:[0m leader elected [3mround[0m[2m=[0mRound { epoch: Epoch(0), view: View(6) } [3mleader[0m[2m=[0m478b8e507e0bb2b18c0f9e0824769e8562d10df9abe2e774896f82b4b4405266 [3mleader_idx[0m[2m=[0m1
[2m2025-12-05T21:55:56.699636Z[0m [34mDEBUG[0m [2mcommonware_consensus::simplex::actors::voter::actor[0m[2m:[0m [2m446:[0m broadcasting notarization [3mproposal[0m[2m=[0mProposal { round: Round { epoch: Epoch(0), view: View(5) }, parent: View(4), payload: 5da2efdabb953b281a4115d9d7dd22b75e86970d1eb02aa0f15c655975ac40fb }
[2m2025-12-05T21:55:56.699932Z[0m [34mDEBUG[0m [2mcommonware_consensus::simplex::actors::voter::actor[0m[2m:[0m [2m245:[0m requested proposal from automaton [3mround[0m[2m=[0mRound { epoch: Epoch(0), view: View(6) }
[2m2025-12-05T21:55:56.700685Z[0m [34mDEBUG[0m [2mcommonware_consensus::simplex::actors::voter::actor[0m[2m:[0m [2m511:[0m broadcasting finalize [3mproposal[0m[2m=[0mProposal { round: Round { epoch: Epoch(0), view: View(5) }, parent: View(4), payload: 5da2efdabb953b281a4115d9d7dd22b75e86970d1eb02aa0f15c655975ac40fb }
[2m2025-12-05T21:55:56.700749Z[0m [34mDEBUG[0m [2msummit_application::actor[0m[2m:[0m [2m151:[0m 48 application: Handling message Propose for round (0, 6) (epoch 0, view 6), parent height: 5
[2m2025-12-05T21:55:56.701928Z[0m [34mDEBUG[0m [2msummit_syncer::cache[0m[2m:[0m [2m278:[0m cached [3mround[0m[2m=[0mRound { epoch: Epoch(0), view: View(5) } [3mname[0m[2m=[0m"notarization"
[2m2025-12-05T21:55:56.702407Z[0m [34mDEBUG[0m [2mcommonware_consensus::simplex::actors::voter::round[0m[2m:[0m [2m174:[0m leader elected [3mround[0m[2m=[0mRound { epoch: Epoch(0), view: View(6) } [3mleader[0m[2m=[0m478b8e507e0bb2b18c0f9e0824769e8562d10df9abe2e774896f82b4b4405266 [3mleader_idx[0m[2m=[0m1
[2m2025-12-05T21:55:56.702493Z[0m [34mDEBUG[0m [2mcommonware_consensus::simplex::actors::voter::actor[0m[2m:[0m [2m446:[0m broadcasting notarization [3mproposal[0m[2m=[0mProposal { round: Round { epoch: Epoch(0), view: View(5) }, parent: View(4), payload: 5da2efdabb953b281a4115d9d7dd22b75e86970d1eb02aa0f15c655975ac40fb }
[2m2025-12-05T21:55:56.702953Z[0m [34mDEBUG[0m [2msummit_syncer::cache[0m[2m:[0m [2m278:[0m cached [3mround[0m[2m=[0mRound { epoch: Epoch(0), view: View(5) } [3mname[0m[2m=[0m"notarized"
[2m2025-12-05T21:55:56.704000Z[0m [34mDEBUG[0m [2mcommonware_consensus::simplex::actors::voter::actor[0m[2m:[0m [2m511:[0m broadcasting finalize [3mproposal[0m[2m=[0mProposal { round: Round { epoch: Epoch(0), view: View(5) }, parent: View(4), payload: 5da2efdabb953b281a4115d9d7dd22b75e86970d1eb02aa0f15c655975ac40fb }
[2m2025-12-05T21:55:56.704277Z[0m [34mDEBUG[0m [2msummit_syncer::cache[0m[2m:[0m [2m278:[0m cached [3mround[0m[2m=[0mRound { epoch: Epoch(0), view: View(5) } [3mname[0m[2m=[0m"notarization"
[2m2025-12-05T21:55:56.704550Z[0m [34mDEBUG[0m [2msummit_syncer::cache[0m[2m:[0m [2m278:[0m cached [3mround[0m[2m=[0mRound { epoch: Epoch(0), view: View(5) } [3mname[0m[2m=[0m"notarized"
[2m2025-12-05T21:55:56.705484Z[0m [34mDEBUG[0m [2mcommonware_consensus::simplex::actors::voter::actor[0m[2m:[0m [2m387:[0m broadcasting notarize [3mproposal[0m[2m=[0mProposal { round: Round { epoch: Epoch(0), view: View(6) }, parent: View(5), payload: 235a960708df35baaf09801aa11014955921a6bdd4cbac076bbc3f004d60d9a3 }
[2m2025-12-05T21:55:56.705565Z[0m [32m INFO[0m [2msummit_application::actor[0m[2m:[0m [2m202:[0m 48 Handling message Broadcast
[2m2025-12-05T21:55:56.710967Z[0m [34mDEBUG[0m [2mcommonware_consensus::simplex::actors::voter::actor[0m[2m:[0m [2m545:[0m broadcasting finalization [3mproposal[0m[2m=[0mProposal { round: Round { epoch: Epoch(0), view: View(5) }, parent: View(4), payload: 5da2efdabb953b281a4115d9d7dd22b75e86970d1eb02aa0f15c655975ac40fb }
[2m2025-12-05T21:55:56.711095Z[0m [34mDEBUG[0m [2mcommonware_consensus::simplex::actors::voter::actor[0m[2m:[0m [2m545:[0m broadcasting finalization [3mproposal[0m[2m=[0mProposal { round: Round { epoch: Epoch(0), view: View(5) }, parent: View(4), payload: 5da2efdabb953b281a4115d9d7dd22b75e86970d1eb02aa0f15c655975ac40fb }
[2m2025-12-05T21:55:56.712741Z[0m [34mDEBUG[0m [2msummit_syncer::cache[0m[2m:[0m [2m278:[0m cached [3mround[0m[2m=[0mRound { epoch: Epoch(0), view: View(5) } [3mname[0m[2m=[0m"finalization"
[2m2025-12-05T21:55:56.712823Z[0m [34mDEBUG[0m [2msummit_syncer::cache[0m[2m:[0m [2m278:[0m cached [3mround[0m[2m=[0mRound { epoch: Epoch(0), view: View(5) } [3mname[0m[2m=[0m"finalization"
[2m2025-12-05T21:55:56.732624Z[0m [34mDEBUG[0m [2msummit_syncer::actor[0m[2m:[0m [2m454:[0m finalized block stored [3mround[0m[2m=[0mRound { epoch: Epoch(0), view: View(5) } [3mheight[0m[2m=[0m4
[2m2025-12-05T21:55:56.751560Z[0m [34mDEBUG[0m [2msummit_syncer::actor[0m[2m:[0m [2m454:[0m finalized block stored [3mround[0m[2m=[0mRound { epoch: Epoch(0), view: View(5) } [3mheight[0m[2m=[0m4
[2m2025-12-05T21:55:56.751747Z[0m [33m WARN[0m [2msummit_finalizer::actor[0m[2m:[0m [2m325:[0m Height: 4 contains invalid eth payload. Not executing but keeping part of chain
[2m2025-12-05T21:55:56.751768Z[0m [32m INFO[0m [2msummit_finalizer::actor[0m[2m:[0m [2m504:[0m finalized block [3mnew_height[0m[2m=[0m4 [3mself.state.epoch[0m[2m=[0m0
[2m2025-12-05T21:55:56.753160Z[0m [33m WARN[0m [2msummit_finalizer::actor[0m[2m:[0m [2m325:[0m Height: 4 contains invalid eth payload. Not executing but keeping part of chain
[2m2025-12-05T21:55:56.753177Z[0m [32m INFO[0m [2msummit_finalizer::actor[0m[2m:[0m [2m504:[0m finalized block [3mnew_height[0m[2m=[0m4 [3mself.state.epoch[0m[2m=[0m0
[2m2025-12-05T21:55:56.753441Z[0m [34mDEBUG[0m [2msummit_syncer::cache[0m[2m:[0m [2m60:[0m pruned archives [3mmin_view[0m[2m=[0m0
[2m2025-12-05T21:55:56.753639Z[0m [34mDEBUG[0m [2msummit_syncer::cache[0m[2m:[0m [2m60:[0m pruned archives [3mmin_view[0m[2m=[0m0
[2m2025-12-05T21:55:56.753820Z[0m [34mDEBUG[0m [2mcommonware_consensus::simplex::actors::voter::actor[0m[2m:[0m [2m545:[0m broadcasting finalization [3mproposal[0m[2m=[0mProposal { round: Round { epoch: Epoch(0), view: View(5) }, parent: View(4), payload: 5da2efdabb953b281a4115d9d7dd22b75e86970d1eb02aa0f15c655975ac40fb }
[2m2025-12-05T21:55:56.755108Z[0m [34mDEBUG[0m [2mcommonware_consensus::simplex::actors::voter::actor[0m[2m:[0m [2m545:[0m broadcasting finalization [3mproposal[0m[2m=[0mProposal { round: Round { epoch: Epoch(0), view: View(5) }, parent: View(4), payload: 5da2efdabb953b281a4115d9d7dd22b75e86970d1eb02aa0f15c655975ac40fb }
[2m2025-12-05T21:55:56.755607Z[0m [34mDEBUG[0m [2msummit_syncer::cache[0m[2m:[0m [2m278:[0m cached [3mround[0m[2m=[0mRound { epoch: Epoch(0), view: View(5) } [3mname[0m[2m=[0m"finalization"
[2m2025-12-05T21:55:56.775980Z[0m [34mDEBUG[0m [2msummit_syncer::actor[0m[2m:[0m [2m454:[0m finalized block stored [3mround[0m[2m=[0mRound { epoch: Epoch(0), view: View(5) } [3mheight[0m[2m=[0m4
[2m2025-12-05T21:55:56.776159Z[0m [34mDEBUG[0m [2msummit_syncer::cache[0m[2m:[0m [2m278:[0m cached [3mround[0m[2m=[0mRound { epoch: Epoch(0), view: View(5) } [3mname[0m[2m=[0m"finalization"
[2m2025-12-05T21:55:56.776428Z[0m [33m WARN[0m [2msummit_finalizer::actor[0m[2m:[0m [2m325:[0m Height: 4 contains invalid eth payload. Not executing but keeping part of chain
[2m2025-12-05T21:55:56.776448Z[0m [32m INFO[0m [2msummit_finalizer::actor[0m[2m:[0m [2m504:[0m finalized block [3mnew_height[0m[2m=[0m4 [3mself.state.epoch[0m[2m=[0m0
[2m2025-12-05T21:55:56.776729Z[0m [34mDEBUG[0m [2msummit_syncer::cache[0m[2m:[0m [2m60:[0m pruned archives [3mmin_view[0m[2m=[0m0
[2m2025-12-05T21:55:56.794631Z[0m [34mDEBUG[0m [2msummit_syncer::actor[0m[2m:[0m [2m454:[0m finalized block stored [3mround[0m[2m=[0mRound { epoch: Epoch(0), view: View(5) } [3mheight[0m[2m=[0m4
[2m2025-12-05T21:55:56.794901Z[0m [33m WARN[0m [2msummit_finalizer::actor[0m[2m:[0m [2m325:[0m Height: 4 contains invalid eth payload. Not executing but keeping part of chain
[2m2025-12-05T21:55:56.794923Z[0m [32m INFO[0m [2msummit_finalizer::actor[0m[2m:[0m [2m504:[0m finalized block [3mnew_height[0m[2m=[0m4 [3mself.state.epoch[0m[2m=[0m0
[2m2025-12-05T21:55:56.796359Z[0m [34mDEBUG[0m [2msummit_syncer::cache[0m[2m:[0m [2m60:[0m pruned archives [3mmin_view[0m[2m=[0m0
[2m2025-12-05T21:55:56.796522Z[0m [34mDEBUG[0m [2mcommonware_consensus::simplex::actors::voter::actor[0m[2m:[0m [2m545:[0m broadcasting finalization [3mproposal[0m[2m=[0mProposal { round: Round { epoch: Epoch(0), view: View(5) }, parent: View(4), payload: 5da2efdabb953b281a4115d9d7dd22b75e86970d1eb02aa0f15c655975ac40fb }
[2m2025-12-05T21:55:56.797283Z[0m [34mDEBUG[0m [2msummit_syncer::cache[0m[2m:[0m [2m278:[0m cached [3mround[0m[2m=[0mRound { epoch: Epoch(0), view: View(5) } [3mname[0m[2m=[0m"finalization"
[2m2025-12-05T21:55:56.815250Z[0m [34mDEBUG[0m [2msummit_syncer::actor[0m[2m:[0m [2m454:[0m finalized block stored [3mround[0m[2m=[0mRound { epoch: Epoch(0), view: View(5) } [3mheight[0m[2m=[0m4
[2m2025-12-05T21:55:56.815516Z[0m [33m WARN[0m [2msummit_finalizer::actor[0m[2m:[0m [2m325:[0m Height: 4 contains invalid eth payload. Not executing but keeping part of chain
[2m2025-12-05T21:55:56.815537Z[0m [32m INFO[0m [2msummit_finalizer::actor[0m[2m:[0m [2m504:[0m finalized block [3mnew_height[0m[2m=[0m4 [3mself.state.epoch[0m[2m=[0m0
[2m2025-12-05T21:55:56.815745Z[0m [34mDEBUG[0m [2msummit_syncer::cache[0m[2m:[0m [2m60:[0m pruned archives [3mmin_view[0m[2m=[0m0
[2m2025-12-05T21:55:56.816990Z[0m [34mDEBUG[0m [2mcommonware_consensus::simplex::actors::voter::actor[0m[2m:[0m [2m255:[0m requested proposal verification [3mproposal[0m[2m=[0mProposal { round: Round { epoch: Epoch(0), view: View(6) }, parent: View(5), payload: 235a960708df35baaf09801aa11014955921a6bdd4cbac076bbc3f004d60d9a3 }
[2m2025-12-05T21:55:56.817031Z[0m [34mDEBUG[0m [2msummit_application::actor[0m[2m:[0m [2m225:[0m 155 application: Handling message Verify for round (0, 6) (epoch 0, view 6), parent height: 5
[2m2025-12-05T21:55:56.817208Z[0m [34mDEBUG[0m [2msummit_syncer::actor[0m[2m:[0m [2m519:[0m requested block missing [3mround[0m[2m=[0mRound { epoch: Epoch(0), view: View(6) } [3mcommitment[0m[2m=[0m235a960708df35baaf09801aa11014955921a6bdd4cbac076bbc3f004d60d9a3
[2m2025-12-05T21:55:56.817222Z[0m [34mDEBUG[0m [2msummit_syncer::actor[0m[2m:[0m [2m524:[0m registering subscriber [3mround[0m[2m=[0mSome(Round { epoch: Epoch(0), view: View(6) }) [3mcommitment[0m[2m=[0m235a960708df35baaf09801aa11014955921a6bdd4cbac076bbc3f004d60d9a3
[2m2025-12-05T21:55:56.818712Z[0m [34mDEBUG[0m [2mcommonware_consensus::simplex::actors::voter::actor[0m[2m:[0m [2m255:[0m requested proposal verification [3mproposal[0m[2m=[0mProposal { round: Round { epoch: Epoch(0), view: View(6) }, parent: View(5), payload: 235a960708df35baaf09801aa11014955921a6bdd4cbac076bbc3f004d60d9a3 }
[2m2025-12-05T21:55:56.818749Z[0m [34mDEBUG[0m [2msummit_application::actor[0m[2m:[0m [2m225:[0m 140 application: Handling message Verify for round (0, 6) (epoch 0, view 6), parent height: 5
[2m2025-12-05T21:55:56.819558Z[0m [34mDEBUG[0m [2msummit_syncer::actor[0m[2m:[0m [2m519:[0m requested block missing [3mround[0m[2m=[0mRound { epoch: Epoch(0), view: View(6) } [3mcommitment[0m[2m=[0m235a960708df35baaf09801aa11014955921a6bdd4cbac076bbc3f004d60d9a3
[2m2025-12-05T21:55:56.819572Z[0m [34mDEBUG[0m [2msummit_syncer::actor[0m[2m:[0m [2m524:[0m registering subscriber [3mround[0m[2m=[0mSome(Round { epoch: Epoch(0), view: View(6) }) [3mcommitment[0m[2m=[0m235a960708df35baaf09801aa11014955921a6bdd4cbac076bbc3f004d60d9a3
[2m2025-12-05T21:55:56.820728Z[0m [34mDEBUG[0m [2mcommonware_consensus::simplex::actors::voter::actor[0m[2m:[0m [2m255:[0m requested proposal verification [3mproposal[0m[2m=[0mProposal { round: Round { epoch: Epoch(0), view: View(6) }, parent: View(5), payload: 235a960708df35baaf09801aa11014955921a6bdd4cbac076bbc3f004d60d9a3 }
[2m2025-12-05T21:55:56.820940Z[0m [34mDEBUG[0m [2msummit_application::actor[0m[2m:[0m [2m225:[0m 125 application: Handling message Verify for round (0, 6) (epoch 0, view 6), parent height: 5
[2m2025-12-05T21:55:56.821374Z[0m [34mDEBUG[0m [2mcommonware_consensus::simplex::actors::voter::actor[0m[2m:[0m [2m387:[0m broadcasting notarize [3mproposal[0m[2m=[0mProposal { round: Round { epoch: Epoch(0), view: View(6) }, parent: View(5), payload: 235a960708df35baaf09801aa11014955921a6bdd4cbac076bbc3f004d60d9a3 }
[2m2025-12-05T21:55:56.821573Z[0m [34mDEBUG[0m [2msummit_syncer::cache[0m[2m:[0m [2m278:[0m cached [3mround[0m[2m=[0mRound { epoch: Epoch(0), view: View(6) } [3mname[0m[2m=[0m"verified"
[2m2025-12-05T21:55:56.822257Z[0m [34mDEBUG[0m [2mcommonware_consensus::simplex::actors::voter::actor[0m[2m:[0m [2m387:[0m broadcasting notarize [3mproposal[0m[2m=[0mProposal { round: Round { epoch: Epoch(0), view: View(6) }, parent: View(5), payload: 235a960708df35baaf09801aa11014955921a6bdd4cbac076bbc3f004d60d9a3 }
[2m2025-12-05T21:55:56.822376Z[0m [34mDEBUG[0m [2msummit_syncer::cache[0m[2m:[0m [2m278:[0m cached [3mround[0m[2m=[0mRound { epoch: Epoch(0), view: View(6) } [3mname[0m[2m=[0m"verified"
[2m2025-12-05T21:55:56.824423Z[0m [34mDEBUG[0m [2mcommonware_consensus::simplex::actors::voter::actor[0m[2m:[0m [2m255:[0m requested proposal verification [3mproposal[0m[2m=[0mProposal { round: Round { epoch: Epoch(0), view: View(6) }, parent: View(5), payload: 235a960708df35baaf09801aa11014955921a6bdd4cbac076bbc3f004d60d9a3 }
[2m2025-12-05T21:55:56.824866Z[0m [34mDEBUG[0m [2mcommonware_consensus::simplex::actors::voter::actor[0m[2m:[0m [2m387:[0m broadcasting notarize [3mproposal[0m[2m=[0mProposal { round: Round { epoch: Epoch(0), view: View(6) }, parent: View(5), payload: 235a960708df35baaf09801aa11014955921a6bdd4cbac076bbc3f004d60d9a3 }
[2m2025-12-05T21:55:56.824978Z[0m [34mDEBUG[0m [2msummit_syncer::cache[0m[2m:[0m [2m278:[0m cached [3mround[0m[2m=[0mRound { epoch: Epoch(0), view: View(6) } [3mname[0m[2m=[0m"verified"
[2m2025-12-05T21:55:56.825060Z[0m [34mDEBUG[0m [2msummit_application::actor[0m[2m:[0m [2m225:[0m 65 application: Handling message Verify for round (0, 6) (epoch 0, view 6), parent height: 5
[2m2025-12-05T21:55:56.826193Z[0m [34mDEBUG[0m [2msummit_syncer::cache[0m[2m:[0m [2m278:[0m cached [3mround[0m[2m=[0mRound { epoch: Epoch(0), view: View(6) } [3mname[0m[2m=[0m"verified"
[2m2025-12-05T21:55:56.826558Z[0m [34mDEBUG[0m [2mcommonware_consensus::simplex::actors::voter::actor[0m[2m:[0m [2m387:[0m broadcasting notarize [3mproposal[0m[2m=[0mProposal { round: Round { epoch: Epoch(0), view: View(6) }, parent: View(5), payload: 235a960708df35baaf09801aa11014955921a6bdd4cbac076bbc3f004d60d9a3 }
[2m2025-12-05T21:55:56.829270Z[0m [34mDEBUG[0m [2msummit_syncer::actor[0m[2m:[0m [2m617:[0m notarization missing on request [3mround[0m[2m=[0mRound { epoch: Epoch(0), view: View(6) }
[2m2025-12-05T21:55:56.829306Z[0m [34mDEBUG[0m [2mcommonware_resolver::p2p::engine[0m[2m:[0m [2m291:[0m serve failed [3merr[0m[2m=[0mCanceled [3mpeer[0m[2m=[0mec8924090e507c2d8371d2fb0bf965d553e6e5756aeec6c274df3801cf2b49b9 [3mid[0m[2m=[0m2
[2m2025-12-05T21:55:56.829509Z[0m [34mDEBUG[0m [2msummit_syncer::actor[0m[2m:[0m [2m617:[0m notarization missing on request [3mround[0m[2m=[0mRound { epoch: Epoch(0), view: View(6) }
[2m2025-12-05T21:55:56.829533Z[0m [34mDEBUG[0m [2mcommonware_resolver::p2p::engine[0m[2m:[0m [2m291:[0m serve failed [3merr[0m[2m=[0mCanceled [3mpeer[0m[2m=[0m5925ba86e2189444a6c3b437b25d2ef35daecd1abf82c5fb36060f9fc0af428c [3mid[0m[2m=[0m0
[2m2025-12-05T21:55:56.832625Z[0m [34mDEBUG[0m [2mcommonware_consensus::simplex::actors::voter::round[0m[2m:[0m [2m174:[0m leader elected [3mround[0m[2m=[0mRound { epoch: Epoch(0), view: View(7) } [3mleader[0m[2m=[0m5925ba86e2189444a6c3b437b25d2ef35daecd1abf82c5fb36060f9fc0af428c [3mleader_idx[0m[2m=[0m2
[2m2025-12-05T21:55:56.832683Z[0m [34mDEBUG[0m [2mcommonware_consensus::simplex::actors::voter::actor[0m[2m:[0m [2m446:[0m broadcasting notarization [3mproposal[0m[2m=[0mProposal { round: Round { epoch: Epoch(0), view: View(6) }, parent: View(5), payload: 235a960708df35baaf09801aa11014955921a6bdd4cbac076bbc3f004d60d9a3 }
[2m2025-12-05T21:55:56.833931Z[0m [34mDEBUG[0m [2mcommonware_consensus::simplex::actors::voter::round[0m[2m:[0m [2m174:[0m leader elected [3mround[0m[2m=[0mRound { epoch: Epoch(0), view: View(7) } [3mleader[0m[2m=[0m5925ba86e2189444a6c3b437b25d2ef35daecd1abf82c5fb36060f9fc0af428c [3mleader_idx[0m[2m=[0m2
[2m2025-12-05T21:55:56.833987Z[0m [34mDEBUG[0m [2mcommonware_consensus::simplex::actors::voter::actor[0m[2m:[0m [2m446:[0m broadcasting notarization [3mproposal[0m[2m=[0mProposal { round: Round { epoch: Epoch(0), view: View(6) }, parent: View(5), payload: 235a960708df35baaf09801aa11014955921a6bdd4cbac076bbc3f004d60d9a3 }
[2m2025-12-05T21:55:56.834580Z[0m [34mDEBUG[0m [2mcommonware_consensus::simplex::actors::voter::actor[0m[2m:[0m [2m511:[0m broadcasting finalize [3mproposal[0m[2m=[0mProposal { round: Round { epoch: Epoch(0), view: View(6) }, parent: View(5), payload: 235a960708df35baaf09801aa11014955921a6bdd4cbac076bbc3f004d60d9a3 }
[2m2025-12-05T21:55:56.834769Z[0m [34mDEBUG[0m [2msummit_syncer::cache[0m[2m:[0m [2m278:[0m cached [3mround[0m[2m=[0mRound { epoch: Epoch(0), view: View(6) } [3mname[0m[2m=[0m"notarization"
[2m2025-12-05T21:55:56.835457Z[0m [34mDEBUG[0m [2mcommonware_consensus::simplex::actors::voter::actor[0m[2m:[0m [2m511:[0m broadcasting finalize [3mproposal[0m[2m=[0mProposal { round: Round { epoch: Epoch(0), view: View(6) }, parent: View(5), payload: 235a960708df35baaf09801aa11014955921a6bdd4cbac076bbc3f004d60d9a3 }
[2m2025-12-05T21:55:56.835623Z[0m [34mDEBUG[0m [2msummit_syncer::cache[0m[2m:[0m [2m278:[0m cached [3mround[0m[2m=[0mRound { epoch: Epoch(0), view: View(6) } [3mname[0m[2m=[0m"notarization"
[2m2025-12-05T21:55:56.835766Z[0m [34mDEBUG[0m [2msummit_syncer::cache[0m[2m:[0m [2m278:[0m cached [3mround[0m[2m=[0mRound { epoch: Epoch(0), view: View(6) } [3mname[0m[2m=[0m"notarized"
[2m2025-12-05T21:55:56.836937Z[0m [34mDEBUG[0m [2mcommonware_consensus::simplex::actors::voter::round[0m[2m:[0m [2m174:[0m leader elected [3mround[0m[2m=[0mRound { epoch: Epoch(0), view: View(7) } [3mleader[0m[2m=[0m5925ba86e2189444a6c3b437b25d2ef35daecd1abf82c5fb36060f9fc0af428c [3mleader_idx[0m[2m=[0m2
[2m2025-12-05T21:55:56.836993Z[0m [34mDEBUG[0m [2mcommonware_consensus::simplex::actors::voter::actor[0m[2m:[0m [2m446:[0m broadcasting notarization [3mproposal[0m[2m=[0mProposal { round: Round { epoch: Epoch(0), view: View(6) }, parent: View(5), payload: 235a960708df35baaf09801aa11014955921a6bdd4cbac076bbc3f004d60d9a3 }
[2m2025-12-05T21:55:56.838218Z[0m [34mDEBUG[0m [2msummit_syncer::cache[0m[2m:[0m [2m278:[0m cached [3mround[0m[2m=[0mRound { epoch: Epoch(0), view: View(6) } [3mname[0m[2m=[0m"notarized"
[2m2025-12-05T21:55:56.838523Z[0m [34mDEBUG[0m [2mcommonware_consensus::simplex::actors::voter::round[0m[2m:[0m [2m174:[0m leader elected [3mround[0m[2m=[0mRound { epoch: Epoch(0), view: View(7) } [3mleader[0m[2m=[0m5925ba86e2189444a6c3b437b25d2ef35daecd1abf82c5fb36060f9fc0af428c [3mleader_idx[0m[2m=[0m2
[2m2025-12-05T21:55:56.838582Z[0m [34mDEBUG[0m [2mcommonware_consensus::simplex::actors::voter::actor[0m[2m:[0m [2m446:[0m broadcasting notarization [3mproposal[0m[2m=[0mProposal { round: Round { epoch: Epoch(0), view: View(6) }, parent: View(5), payload: 235a960708df35baaf09801aa11014955921a6bdd4cbac076bbc3f004d60d9a3 }
[2m2025-12-05T21:55:56.839060Z[0m [34mDEBUG[0m [2mcommonware_consensus::simplex::actors::voter::actor[0m[2m:[0m [2m511:[0m broadcasting finalize [3mproposal[0m[2m=[0mProposal { round: Round { epoch: Epoch(0), view: View(6) }, parent: View(5), payload: 235a960708df35baaf09801aa11014955921a6bdd4cbac076bbc3f004d60d9a3 }
[2m2025-12-05T21:55:56.839568Z[0m [34mDEBUG[0m [2msummit_syncer::cache[0m[2m:[0m [2m278:[0m cached [3mround[0m[2m=[0mRound { epoch: Epoch(0), view: View(6) } [3mname[0m[2m=[0m"notarization"
[2m2025-12-05T21:55:56.839986Z[0m [34mDEBUG[0m [2mcommonware_consensus::simplex::actors::voter::actor[0m[2m:[0m [2m511:[0m broadcasting finalize [3mproposal[0m[2m=[0mProposal { round: Round { epoch: Epoch(0), view: View(6) }, parent: View(5), payload: 235a960708df35baaf09801aa11014955921a6bdd4cbac076bbc3f004d60d9a3 }
[2m2025-12-05T21:55:56.841239Z[0m [34mDEBUG[0m [2msummit_syncer::cache[0m[2m:[0m [2m278:[0m cached [3mround[0m[2m=[0mRound { epoch: Epoch(0), view: View(6) } [3mname[0m[2m=[0m"notarization"
[2m2025-12-05T21:55:56.841341Z[0m [34mDEBUG[0m [2mcommonware_consensus::simplex::actors::voter::round[0m[2m:[0m [2m174:[0m leader elected [3mround[0m[2m=[0mRound { epoch: Epoch(0), view: View(7) } [3mleader[0m[2m=[0m5925ba86e2189444a6c3b437b25d2ef35daecd1abf82c5fb36060f9fc0af428c [3mleader_idx[0m[2m=[0m2
[2m2025-12-05T21:55:56.841396Z[0m [34mDEBUG[0m [2mcommonware_consensus::simplex::actors::voter::actor[0m[2m:[0m [2m446:[0m broadcasting notarization [3mproposal[0m[2m=[0mProposal { round: Round { epoch: Epoch(0), view: View(6) }, parent: View(5), payload: 235a960708df35baaf09801aa11014955921a6bdd4cbac076bbc3f004d60d9a3 }
[2m2025-12-05T21:55:56.841677Z[0m [34mDEBUG[0m [2msummit_syncer::cache[0m[2m:[0m [2m278:[0m cached [3mround[0m[2m=[0mRound { epoch: Epoch(0), view: View(6) } [3mname[0m[2m=[0m"notarized"
[2m2025-12-05T21:55:56.842258Z[0m [34mDEBUG[0m [2msummit_syncer::cache[0m[2m:[0m [2m278:[0m cached [3mround[0m[2m=[0mRound { epoch: Epoch(0), view: View(6) } [3mname[0m[2m=[0m"notarized"
[2m2025-12-05T21:55:56.842880Z[0m [34mDEBUG[0m [2mcommonware_consensus::simplex::actors::voter::actor[0m[2m:[0m [2m511:[0m broadcasting finalize [3mproposal[0m[2m=[0mProposal { round: Round { epoch: Epoch(0), view: View(6) }, parent: View(5), payload: 235a960708df35baaf09801aa11014955921a6bdd4cbac076bbc3f004d60d9a3 }
[2m2025-12-05T21:55:56.843032Z[0m [34mDEBUG[0m [2msummit_syncer::cache[0m[2m:[0m [2m278:[0m cached [3mround[0m[2m=[0mRound { epoch: Epoch(0), view: View(6) } [3mname[0m[2m=[0m"notarization"
[2m2025-12-05T21:55:56.843305Z[0m [34mDEBUG[0m [2msummit_syncer::cache[0m[2m:[0m [2m278:[0m cached [3mround[0m[2m=[0mRound { epoch: Epoch(0), view: View(6) } [3mname[0m[2m=[0m"notarized"
[2m2025-12-05T21:55:56.843399Z[0m [34mDEBUG[0m [2mcommonware_consensus::simplex::actors::voter::actor[0m[2m:[0m [2m245:[0m requested proposal from automaton [3mround[0m[2m=[0mRound { epoch: Epoch(0), view: View(7) }
[2m2025-12-05T21:55:56.843476Z[0m [34mDEBUG[0m [2msummit_application::actor[0m[2m:[0m [2m151:[0m 140 application: Handling message Propose for round (0, 7) (epoch 0, view 7), parent height: 6
[2m2025-12-05T21:55:56.844710Z[0m [34mDEBUG[0m [2mcommonware_consensus::simplex::actors::voter::actor[0m[2m:[0m [2m387:[0m broadcasting notarize [3mproposal[0m[2m=[0mProposal { round: Round { epoch: Epoch(0), view: View(7) }, parent: View(6), payload: 6cc5f12928a36002d0d9c7798167cb0bdf611abdef0c3c1e794bd0becda33d84 }
[2m2025-12-05T21:55:56.844846Z[0m [32m INFO[0m [2msummit_application::actor[0m[2m:[0m [2m202:[0m 140 Handling message Broadcast
[2m2025-12-05T21:55:56.848751Z[0m [34mDEBUG[0m [2mcommonware_consensus::simplex::actors::voter::actor[0m[2m:[0m [2m545:[0m broadcasting finalization [3mproposal[0m[2m=[0mProposal { round: Round { epoch: Epoch(0), view: View(6) }, parent: View(5), payload: 235a960708df35baaf09801aa11014955921a6bdd4cbac076bbc3f004d60d9a3 }
[2m2025-12-05T21:55:56.849387Z[0m [34mDEBUG[0m [2msummit_syncer::cache[0m[2m:[0m [2m278:[0m cached [3mround[0m[2m=[0mRound { epoch: Epoch(0), view: View(6) } [3mname[0m[2m=[0m"finalization"
[2m2025-12-05T21:55:56.867842Z[0m [34mDEBUG[0m [2msummit_syncer::actor[0m[2m:[0m [2m454:[0m finalized block stored [3mround[0m[2m=[0mRound { epoch: Epoch(0), view: View(6) } [3mheight[0m[2m=[0m5
[2m2025-12-05T21:55:56.868251Z[0m [32m INFO[0m [2msummit_finalizer::actor[0m[2m:[0m [2m275:[0m Commiting block 0xea4c74dffc056cb8801bd7b78179d780fa4db9e9bbdd39a477962741b727f004 for height 5
[2m2025-12-05T21:55:56.868297Z[0m [32m INFO[0m [2msummit_finalizer::actor[0m[2m:[0m [2m504:[0m finalized block [3mnew_height[0m[2m=[0m5 [3mself.state.epoch[0m[2m=[0m0
[2m2025-12-05T21:55:56.868696Z[0m [34mDEBUG[0m [2msummit_syncer::cache[0m[2m:[0m [2m60:[0m pruned archives [3mmin_view[0m[2m=[0m0
[2m2025-12-05T21:55:56.870170Z[0m [34mDEBUG[0m [2mcommonware_consensus::simplex::actors::voter::actor[0m[2m:[0m [2m545:[0m broadcasting finalization [3mproposal[0m[2m=[0mProposal { round: Round { epoch: Epoch(0), view: View(6) }, parent: View(5), payload: 235a960708df35baaf09801aa11014955921a6bdd4cbac076bbc3f004d60d9a3 }
[2m2025-12-05T21:55:56.871989Z[0m [34mDEBUG[0m [2msummit_syncer::cache[0m[2m:[0m [2m278:[0m cached [3mround[0m[2m=[0mRound { epoch: Epoch(0), view: View(6) } [3mname[0m[2m=[0m"finalization"
[2m2025-12-05T21:55:56.872290Z[0m [34mDEBUG[0m [2mcommonware_consensus::simplex::actors::voter::actor[0m[2m:[0m [2m545:[0m broadcasting finalization [3mproposal[0m[2m=[0mProposal { round: Round { epoch: Epoch(0), view: View(6) }, parent: View(5), payload: 235a960708df35baaf09801aa11014955921a6bdd4cbac076bbc3f004d60d9a3 }
[2m2025-12-05T21:55:56.891999Z[0m [34mDEBUG[0m [2msummit_syncer::actor[0m[2m:[0m [2m454:[0m finalized block stored [3mround[0m[2m=[0mRound { epoch: Epoch(0), view: View(6) } [3mheight[0m[2m=[0m5
[2m2025-12-05T21:55:56.892257Z[0m [32m INFO[0m [2msummit_finalizer::actor[0m[2m:[0m [2m275:[0m Commiting block 0xea4c74dffc056cb8801bd7b78179d780fa4db9e9bbdd39a477962741b727f004 for height 5
[2m2025-12-05T21:55:56.892288Z[0m [32m INFO[0m [2msummit_finalizer::actor[0m[2m:[0m [2m504:[0m finalized block [3mnew_height[0m[2m=[0m5 [3mself.state.epoch[0m[2m=[0m0
[2m2025-12-05T21:55:56.892933Z[0m [34mDEBUG[0m [2msummit_syncer::cache[0m[2m:[0m [2m60:[0m pruned archives [3mmin_view[0m[2m=[0m0
[2m2025-12-05T21:55:56.893298Z[0m [34mDEBUG[0m [2msummit_syncer::cache[0m[2m:[0m [2m278:[0m cached [3mround[0m[2m=[0mRound { epoch: Epoch(0), view: View(6) } [3mname[0m[2m=[0m"finalization"
[2m2025-12-05T21:55:56.894646Z[0m [34mDEBUG[0m [2mcommonware_consensus::simplex::actors::voter::actor[0m[2m:[0m [2m545:[0m broadcasting finalization [3mproposal[0m[2m=[0mProposal { round: Round { epoch: Epoch(0), view: View(6) }, parent: View(5), payload: 235a960708df35baaf09801aa11014955921a6bdd4cbac076bbc3f004d60d9a3 }
[2m2025-12-05T21:55:56.914017Z[0m [34mDEBUG[0m [2msummit_syncer::actor[0m[2m:[0m [2m454:[0m finalized block stored [3mround[0m[2m=[0mRound { epoch: Epoch(0), view: View(6) } [3mheight[0m[2m=[0m5
[2m2025-12-05T21:55:56.914248Z[0m [32m INFO[0m [2msummit_finalizer::actor[0m[2m:[0m [2m275:[0m Commiting block 0xea4c74dffc056cb8801bd7b78179d780fa4db9e9bbdd39a477962741b727f004 for height 5
[2m2025-12-05T21:55:56.914280Z[0m [32m INFO[0m [2msummit_finalizer::actor[0m[2m:[0m [2m504:[0m finalized block [3mnew_height[0m[2m=[0m5 [3mself.state.epoch[0m[2m=[0m0
[2m2025-12-05T21:55:56.914657Z[0m [34mDEBUG[0m [2msummit_syncer::cache[0m[2m:[0m [2m60:[0m pruned archives [3mmin_view[0m[2m=[0m0
[2m2025-12-05T21:55:56.916342Z[0m [34mDEBUG[0m [2msummit_syncer::cache[0m[2m:[0m [2m278:[0m cached [3mround[0m[2m=[0mRound { epoch: Epoch(0), view: View(6) } [3mname[0m[2m=[0m"finalization"
[2m2025-12-05T21:55:56.916501Z[0m [34mDEBUG[0m [2mcommonware_consensus::simplex::actors::voter::actor[0m[2m:[0m [2m545:[0m broadcasting finalization [3mproposal[0m[2m=[0mProposal { round: Round { epoch: Epoch(0), view: View(6) }, parent: View(5), payload: 235a960708df35baaf09801aa11014955921a6bdd4cbac076bbc3f004d60d9a3 }
[2m2025-12-05T21:55:56.934972Z[0m [34mDEBUG[0m [2msummit_syncer::actor[0m[2m:[0m [2m454:[0m finalized block stored [3mround[0m[2m=[0mRound { epoch: Epoch(0), view: View(6) } [3mheight[0m[2m=[0m5
[2m2025-12-05T21:55:56.935212Z[0m [32m INFO[0m [2msummit_finalizer::actor[0m[2m:[0m [2m275:[0m Commiting block 0xea4c74dffc056cb8801bd7b78179d780fa4db9e9bbdd39a477962741b727f004 for height 5
[2m2025-12-05T21:55:56.935253Z[0m [32m INFO[0m [2msummit_finalizer::actor[0m[2m:[0m [2m504:[0m finalized block [3mnew_height[0m[2m=[0m5 [3mself.state.epoch[0m[2m=[0m0
[2m2025-12-05T21:55:56.935399Z[0m [34mDEBUG[0m [2msummit_syncer::cache[0m[2m:[0m [2m278:[0m cached [3mround[0m[2m=[0mRound { epoch: Epoch(0), view: View(6) } [3mname[0m[2m=[0m"finalization"
[2m2025-12-05T21:55:56.935615Z[0m [34mDEBUG[0m [2msummit_syncer::cache[0m[2m:[0m [2m60:[0m pruned archives [3mmin_view[0m[2m=[0m0
[2m2025-12-05T21:55:56.953593Z[0m [34mDEBUG[0m [2msummit_syncer::actor[0m[2m:[0m [2m454:[0m finalized block stored [3mround[0m[2m=[0mRound { epoch: Epoch(0), view: View(6) } [3mheight[0m[2m=[0m5
[2m2025-12-05T21:55:56.953726Z[0m [32m INFO[0m [2msummit_finalizer::actor[0m[2m:[0m [2m275:[0m Commiting block 0xea4c74dffc056cb8801bd7b78179d780fa4db9e9bbdd39a477962741b727f004 for height 5
[2m2025-12-05T21:55:56.953757Z[0m [32m INFO[0m [2msummit_finalizer::actor[0m[2m:[0m [2m504:[0m finalized block [3mnew_height[0m[2m=[0m5 [3mself.state.epoch[0m[2m=[0m0
[2m2025-12-05T21:55:56.953974Z[0m [34mDEBUG[0m [2msummit_syncer::cache[0m[2m:[0m [2m60:[0m pruned archives [3mmin_view[0m[2m=[0m0
[2m2025-12-05T21:55:56.955287Z[0m [34mDEBUG[0m [2mcommonware_consensus::simplex::actors::voter::actor[0m[2m:[0m [2m255:[0m requested proposal verification [3mproposal[0m[2m=[0mProposal { round: Round { epoch: Epoch(0), view: View(7) }, parent: View(6), payload: 6cc5f12928a36002d0d9c7798167cb0bdf611abdef0c3c1e794bd0becda33d84 }
[2m2025-12-05T21:55:56.955346Z[0m [34mDEBUG[0m [2msummit_application::actor[0m[2m:[0m [2m225:[0m 48 application: Handling message Verify for round (0, 7) (epoch 0, view 7), parent height: 6
[2m2025-12-05T21:55:56.956480Z[0m [34mDEBUG[0m [2mcommonware_consensus::simplex::actors::voter::actor[0m[2m:[0m [2m255:[0m requested proposal verification [3mproposal[0m[2m=[0mProposal { round: Round { epoch: Epoch(0), view: View(7) }, parent: View(6), payload: 6cc5f12928a36002d0d9c7798167cb0bdf611abdef0c3c1e794bd0becda33d84 }
[2m2025-12-05T21:55:56.956606Z[0m [34mDEBUG[0m [2msummit_application::actor[0m[2m:[0m [2m225:[0m 125 application: Handling message Verify for round (0, 7) (epoch 0, view 7), parent height: 6
[2m2025-12-05T21:55:56.956865Z[0m [34mDEBUG[0m [2msummit_syncer::actor[0m[2m:[0m [2m519:[0m requested block missing [3mround[0m[2m=[0mRound { epoch: Epoch(0), view: View(7) } [3mcommitment[0m[2m=[0m6cc5f12928a36002d0d9c7798167cb0bdf611abdef0c3c1e794bd0becda33d84
[2m2025-12-05T21:55:56.956880Z[0m [34mDEBUG[0m [2msummit_syncer::actor[0m[2m:[0m [2m524:[0m registering subscriber [3mround[0m[2m=[0mSome(Round { epoch: Epoch(0), view: View(7) }) [3mcommitment[0m[2m=[0m6cc5f12928a36002d0d9c7798167cb0bdf611abdef0c3c1e794bd0becda33d84
[2m2025-12-05T21:55:56.957159Z[0m [34mDEBUG[0m [2msummit_syncer::actor[0m[2m:[0m [2m519:[0m requested block missing [3mround[0m[2m=[0mRound { epoch: Epoch(0), view: View(7) } [3mcommitment[0m[2m=[0m6cc5f12928a36002d0d9c7798167cb0bdf611abdef0c3c1e794bd0becda33d84
[2m2025-12-05T21:55:56.957172Z[0m [34mDEBUG[0m [2msummit_syncer::actor[0m[2m:[0m [2m524:[0m registering subscriber [3mround[0m[2m=[0mSome(Round { epoch: Epoch(0), view: View(7) }) [3mcommitment[0m[2m=[0m6cc5f12928a36002d0d9c7798167cb0bdf611abdef0c3c1e794bd0becda33d84
[2m2025-12-05T21:55:56.957686Z[0m [34mDEBUG[0m [2mcommonware_consensus::simplex::actors::voter::actor[0m[2m:[0m [2m387:[0m broadcasting notarize [3mproposal[0m[2m=[0mProposal { round: Round { epoch: Epoch(0), view: View(7) }, parent: View(6), payload: 6cc5f12928a36002d0d9c7798167cb0bdf611abdef0c3c1e794bd0becda33d84 }
[2m2025-12-05T21:55:56.957826Z[0m [34mDEBUG[0m [2msummit_syncer::cache[0m[2m:[0m [2m278:[0m cached [3mround[0m[2m=[0mRound { epoch: Epoch(0), view: View(7) } [3mname[0m[2m=[0m"verified"
[2m2025-12-05T21:55:56.959640Z[0m [34mDEBUG[0m [2mcommonware_consensus::simplex::actors::voter::actor[0m[2m:[0m [2m255:[0m requested proposal verification [3mproposal[0m[2m=[0mProposal { round: Round { epoch: Epoch(0), view: View(7) }, parent: View(6), payload: 6cc5f12928a36002d0d9c7798167cb0bdf611abdef0c3c1e794bd0becda33d84 }
[2m2025-12-05T21:55:56.959908Z[0m [34mDEBUG[0m [2msummit_application::actor[0m[2m:[0m [2m225:[0m 65 application: Handling message Verify for round (0, 7) (epoch 0, view 7), parent height: 6
[2m2025-12-05T21:55:56.961466Z[0m [34mDEBUG[0m [2mcommonware_consensus::simplex::actors::voter::actor[0m[2m:[0m [2m255:[0m requested proposal verification [3mproposal[0m[2m=[0mProposal { round: Round { epoch: Epoch(0), view: View(7) }, parent: View(6), payload: 6cc5f12928a36002d0d9c7798167cb0bdf611abdef0c3c1e794bd0becda33d84 }
[2m2025-12-05T21:55:56.961636Z[0m [34mDEBUG[0m [2msummit_application::actor[0m[2m:[0m [2m225:[0m 155 application: Handling message Verify for round (0, 7) (epoch 0, view 7), parent height: 6
[2m2025-12-05T21:55:56.962096Z[0m [34mDEBUG[0m [2msummit_syncer::cache[0m[2m:[0m [2m278:[0m cached [3mround[0m[2m=[0mRound { epoch: Epoch(0), view: View(7) } [3mname[0m[2m=[0m"verified"
[2m2025-12-05T21:55:56.962465Z[0m [34mDEBUG[0m [2mcommonware_consensus::simplex::actors::voter::actor[0m[2m:[0m [2m387:[0m broadcasting notarize [3mproposal[0m[2m=[0mProposal { round: Round { epoch: Epoch(0), view: View(7) }, parent: View(6), payload: 6cc5f12928a36002d0d9c7798167cb0bdf611abdef0c3c1e794bd0becda33d84 }
[2m2025-12-05T21:55:56.962776Z[0m [34mDEBUG[0m [2msummit_syncer::cache[0m[2m:[0m [2m278:[0m cached [3mround[0m[2m=[0mRound { epoch: Epoch(0), view: View(7) } [3mname[0m[2m=[0m"verified"
[2m2025-12-05T21:55:56.963156Z[0m [34mDEBUG[0m [2mcommonware_consensus::simplex::actors::voter::actor[0m[2m:[0m [2m387:[0m broadcasting notarize [3mproposal[0m[2m=[0mProposal { round: Round { epoch: Epoch(0), view: View(7) }, parent: View(6), payload: 6cc5f12928a36002d0d9c7798167cb0bdf611abdef0c3c1e794bd0becda33d84 }
[2m2025-12-05T21:55:56.964216Z[0m [34mDEBUG[0m [2mcommonware_consensus::simplex::actors::voter::actor[0m[2m:[0m [2m387:[0m broadcasting notarize [3mproposal[0m[2m=[0mProposal { round: Round { epoch: Epoch(0), view: View(7) }, parent: View(6), payload: 6cc5f12928a36002d0d9c7798167cb0bdf611abdef0c3c1e794bd0becda33d84 }
[2m2025-12-05T21:55:56.964361Z[0m [34mDEBUG[0m [2msummit_syncer::cache[0m[2m:[0m [2m278:[0m cached [3mround[0m[2m=[0mRound { epoch: Epoch(0), view: View(7) } [3mname[0m[2m=[0m"verified"
[2m2025-12-05T21:55:56.967297Z[0m [34mDEBUG[0m [2msummit_syncer::actor[0m[2m:[0m [2m617:[0m notarization missing on request [3mround[0m[2m=[0mRound { epoch: Epoch(0), view: View(7) }
[2m2025-12-05T21:55:56.967325Z[0m [34mDEBUG[0m [2mcommonware_resolver::p2p::engine[0m[2m:[0m [2m291:[0m serve failed [3merr[0m[2m=[0mCanceled [3mpeer[0m[2m=[0m478b8e507e0bb2b18c0f9e0824769e8562d10df9abe2e774896f82b4b4405266 [3mid[0m[2m=[0m2
[2m2025-12-05T21:55:56.968980Z[0m [34mDEBUG[0m [2msummit_syncer::actor[0m[2m:[0m [2m617:[0m notarization missing on request [3mround[0m[2m=[0mRound { epoch: Epoch(0), view: View(7) }
[2m2025-12-05T21:55:56.969076Z[0m [34mDEBUG[0m [2mcommonware_resolver::p2p::engine[0m[2m:[0m [2m291:[0m serve failed [3merr[0m[2m=[0mCanceled [3mpeer[0m[2m=[0medd0f6de342a1e6a7236d6244f23d83eedfcecd059a386c85055701498e77033 [3mid[0m[2m=[0m2
[2m2025-12-05T21:55:56.970889Z[0m [34mDEBUG[0m [2mcommonware_consensus::simplex::actors::voter::round[0m[2m:[0m [2m174:[0m leader elected [3mround[0m[2m=[0mRound { epoch: Epoch(0), view: View(8) } [3mleader[0m[2m=[0mec8924090e507c2d8371d2fb0bf965d553e6e5756aeec6c274df3801cf2b49b9 [3mleader_idx[0m[2m=[0m3
[2m2025-12-05T21:55:56.970947Z[0m [34mDEBUG[0m [2mcommonware_consensus::simplex::actors::voter::actor[0m[2m:[0m [2m446:[0m broadcasting notarization [3mproposal[0m[2m=[0mProposal { round: Round { epoch: Epoch(0), view: View(7) }, parent: View(6), payload: 6cc5f12928a36002d0d9c7798167cb0bdf611abdef0c3c1e794bd0becda33d84 }
[2m2025-12-05T21:55:56.972565Z[0m [34mDEBUG[0m [2mcommonware_consensus::simplex::actors::voter::actor[0m[2m:[0m [2m511:[0m broadcasting finalize [3mproposal[0m[2m=[0mProposal { round: Round { epoch: Epoch(0), view: View(7) }, parent: View(6), payload: 6cc5f12928a36002d0d9c7798167cb0bdf611abdef0c3c1e794bd0becda33d84 }
[2m2025-12-05T21:55:56.972792Z[0m [34mDEBUG[0m [2msummit_syncer::cache[0m[2m:[0m [2m278:[0m cached [3mround[0m[2m=[0mRound { epoch: Epoch(0), view: View(7) } [3mname[0m[2m=[0m"notarization"
[2m2025-12-05T21:55:56.972873Z[0m [34mDEBUG[0m [2mcommonware_consensus::simplex::actors::voter::round[0m[2m:[0m [2m174:[0m leader elected [3mround[0m[2m=[0mRound { epoch: Epoch(0), view: View(8) } [3mleader[0m[2m=[0mec8924090e507c2d8371d2fb0bf965d553e6e5756aeec6c274df3801cf2b49b9 [3mleader_idx[0m[2m=[0m3
[2m2025-12-05T21:55:56.972926Z[0m [34mDEBUG[0m [2mcommonware_consensus::simplex::actors::voter::actor[0m[2m:[0m [2m446:[0m broadcasting notarization [3mproposal[0m[2m=[0mProposal { round: Round { epoch: Epoch(0), view: View(7) }, parent: View(6), payload: 6cc5f12928a36002d0d9c7798167cb0bdf611abdef0c3c1e794bd0becda33d84 }
[2m2025-12-05T21:55:56.973552Z[0m [34mDEBUG[0m [2mcommonware_consensus::simplex::actors::voter::actor[0m[2m:[0m [2m511:[0m broadcasting finalize [3mproposal[0m[2m=[0mProposal { round: Round { epoch: Epoch(0), view: View(7) }, parent: View(6), payload: 6cc5f12928a36002d0d9c7798167cb0bdf611abdef0c3c1e794bd0becda33d84 }
[2m2025-12-05T21:55:56.973756Z[0m [34mDEBUG[0m [2msummit_syncer::cache[0m[2m:[0m [2m278:[0m cached [3mround[0m[2m=[0mRound { epoch: Epoch(0), view: View(7) } [3mname[0m[2m=[0m"notarized"
[2m2025-12-05T21:55:56.973921Z[0m [34mDEBUG[0m [2msummit_syncer::cache[0m[2m:[0m [2m278:[0m cached [3mround[0m[2m=[0mRound { epoch: Epoch(0), view: View(7) } [3mname[0m[2m=[0m"notarization"
[2m2025-12-05T21:55:56.974315Z[0m [34mDEBUG[0m [2msummit_syncer::cache[0m[2m:[0m [2m278:[0m cached [3mround[0m[2m=[0mRound { epoch: Epoch(0), view: View(7) } [3mname[0m[2m=[0m"notarized"
[2m2025-12-05T21:55:56.975440Z[0m [34mDEBUG[0m [2mcommonware_consensus::simplex::actors::voter::round[0m[2m:[0m [2m174:[0m leader elected [3mround[0m[2m=[0mRound { epoch: Epoch(0), view: View(8) } [3mleader[0m[2m=[0mec8924090e507c2d8371d2fb0bf965d553e6e5756aeec6c274df3801cf2b49b9 [3mleader_idx[0m[2m=[0m3
[2m2025-12-05T21:55:56.975497Z[0m [34mDEBUG[0m [2mcommonware_consensus::simplex::actors::voter::actor[0m[2m:[0m [2m446:[0m broadcasting notarization [3mproposal[0m[2m=[0mProposal { round: Round { epoch: Epoch(0), view: View(7) }, parent: View(6), payload: 6cc5f12928a36002d0d9c7798167cb0bdf611abdef0c3c1e794bd0becda33d84 }
[2m2025-12-05T21:55:56.976424Z[0m [34mDEBUG[0m [2mcommonware_consensus::simplex::actors::voter::actor[0m[2m:[0m [2m511:[0m broadcasting finalize [3mproposal[0m[2m=[0mProposal { round: Round { epoch: Epoch(0), view: View(7) }, parent: View(6), payload: 6cc5f12928a36002d0d9c7798167cb0bdf611abdef0c3c1e794bd0becda33d84 }
[2m2025-12-05T21:55:56.976658Z[0m [34mDEBUG[0m [2msummit_syncer::cache[0m[2m:[0m [2m278:[0m cached [3mround[0m[2m=[0mRound { epoch: Epoch(0), view: View(7) } [3mname[0m[2m=[0m"notarization"
[2m2025-12-05T21:55:56.978896Z[0m [34mDEBUG[0m [2mcommonware_consensus::simplex::actors::voter::round[0m[2m:[0m [2m174:[0m leader elected [3mround[0m[2m=[0mRound { epoch: Epoch(0), view: View(8) } [3mleader[0m[2m=[0mec8924090e507c2d8371d2fb0bf965d553e6e5756aeec6c274df3801cf2b49b9 [3mleader_idx[0m[2m=[0m3
[2m2025-12-05T21:55:56.978957Z[0m [34mDEBUG[0m [2mcommonware_consensus::simplex::actors::voter::actor[0m[2m:[0m [2m446:[0m broadcasting notarization [3mproposal[0m[2m=[0mProposal { round: Round { epoch: Epoch(0), view: View(7) }, parent: View(6), payload: 6cc5f12928a36002d0d9c7798167cb0bdf611abdef0c3c1e794bd0becda33d84 }
[2m2025-12-05T21:55:56.979075Z[0m [34mDEBUG[0m [2mcommonware_consensus::simplex::actors::voter::round[0m[2m:[0m [2m174:[0m leader elected [3mround[0m[2m=[0mRound { epoch: Epoch(0), view: View(8) } [3mleader[0m[2m=[0mec8924090e507c2d8371d2fb0bf965d553e6e5756aeec6c274df3801cf2b49b9 [3mleader_idx[0m[2m=[0m3
[2m2025-12-05T21:55:56.979130Z[0m [34mDEBUG[0m [2mcommonware_consensus::simplex::actors::voter::actor[0m[2m:[0m [2m446:[0m broadcasting notarization [3mproposal[0m[2m=[0mProposal { round: Round { epoch: Epoch(0), view: View(7) }, parent: View(6), payload: 6cc5f12928a36002d0d9c7798167cb0bdf611abdef0c3c1e794bd0becda33d84 }
[2m2025-12-05T21:55:56.979246Z[0m [34mDEBUG[0m [2msummit_syncer::cache[0m[2m:[0m [2m278:[0m cached [3mround[0m[2m=[0mRound { epoch: Epoch(0), view: View(7) } [3mname[0m[2m=[0m"notarized"
[2m2025-12-05T21:55:56.980041Z[0m [34mDEBUG[0m [2mcommonware_consensus::simplex::actors::voter::actor[0m[2m:[0m [2m511:[0m broadcasting finalize [3mproposal[0m[2m=[0mProposal { round: Round { epoch: Epoch(0), view: View(7) }, parent: View(6), payload: 6cc5f12928a36002d0d9c7798167cb0bdf611abdef0c3c1e794bd0becda33d84 }
[2m2025-12-05T21:55:56.980525Z[0m [34mDEBUG[0m [2mcommonware_consensus::simplex::actors::voter::actor[0m[2m:[0m [2m511:[0m broadcasting finalize [3mproposal[0m[2m=[0mProposal { round: Round { epoch: Epoch(0), view: View(7) }, parent: View(6), payload: 6cc5f12928a36002d0d9c7798167cb0bdf611abdef0c3c1e794bd0becda33d84 }
[2m2025-12-05T21:55:56.980656Z[0m [34mDEBUG[0m [2msummit_syncer::cache[0m[2m:[0m [2m278:[0m cached [3mround[0m[2m=[0mRound { epoch: Epoch(0), view: View(7) } [3mname[0m[2m=[0m"notarization"
[2m2025-12-05T21:55:56.980824Z[0m [34mDEBUG[0m [2msummit_syncer::cache[0m[2m:[0m [2m278:[0m cached [3mround[0m[2m=[0mRound { epoch: Epoch(0), view: View(7) } [3mname[0m[2m=[0m"notarization"
[2m2025-12-05T21:55:56.981181Z[0m [34mDEBUG[0m [2msummit_syncer::cache[0m[2m:[0m [2m278:[0m cached [3mround[0m[2m=[0mRound { epoch: Epoch(0), view: View(7) } [3mname[0m[2m=[0m"notarized"
[2m2025-12-05T21:55:56.981322Z[0m [34mDEBUG[0m [2msummit_syncer::cache[0m[2m:[0m [2m278:[0m cached [3mround[0m[2m=[0mRound { epoch: Epoch(0), view: View(7) } [3mname[0m[2m=[0m"notarized"
[2m2025-12-05T21:55:56.981501Z[0m [34mDEBUG[0m [2mcommonware_consensus::simplex::actors::voter::actor[0m[2m:[0m [2m245:[0m requested proposal from automaton [3mround[0m[2m=[0mRound { epoch: Epoch(0), view: View(8) }
[2m2025-12-05T21:55:56.981541Z[0m [34mDEBUG[0m [2msummit_application::actor[0m[2m:[0m [2m151:[0m 155 application: Handling message Propose for round (0, 8) (epoch 0, view 8), parent height: 7
[2m2025-12-05T21:55:56.983138Z[0m [34mDEBUG[0m [2mcommonware_consensus::simplex::actors::voter::actor[0m[2m:[0m [2m387:[0m broadcasting notarize [3mproposal[0m[2m=[0mProposal { round: Round { epoch: Epoch(0), view: View(8) }, parent: View(7), payload: 7bb58b67600792b3994c137cf5276af1b06c97551359a97fddf71ed1724658de }
[2m2025-12-05T21:55:56.983244Z[0m [32m INFO[0m [2msummit_application::actor[0m[2m:[0m [2m202:[0m 155 Handling message Broadcast
[2m2025-12-05T21:55:56.988124Z[0m [34mDEBUG[0m [2mcommonware_consensus::simplex::actors::voter::actor[0m[2m:[0m [2m545:[0m broadcasting finalization [3mproposal[0m[2m=[0mProposal { round: Round { epoch: Epoch(0), view: View(7) }, parent: View(6), payload: 6cc5f12928a36002d0d9c7798167cb0bdf611abdef0c3c1e794bd0becda33d84 }
[2m2025-12-05T21:55:56.989936Z[0m [34mDEBUG[0m [2mcommonware_consensus::simplex::actors::voter::actor[0m[2m:[0m [2m545:[0m broadcasting finalization [3mproposal[0m[2m=[0mProposal { round: Round { epoch: Epoch(0), view: View(7) }, parent: View(6), payload: 6cc5f12928a36002d0d9c7798167cb0bdf611abdef0c3c1e794bd0becda33d84 }
[2m2025-12-05T21:55:56.991341Z[0m [34mDEBUG[0m [2msummit_syncer::cache[0m[2m:[0m [2m278:[0m cached [3mround[0m[2m=[0mRound { epoch: Epoch(0), view: View(7) } [3mname[0m[2m=[0m"finalization"
[2m2025-12-05T21:55:56.991615Z[0m [34mDEBUG[0m [2mcommonware_consensus::simplex::actors::voter::actor[0m[2m:[0m [2m545:[0m broadcasting finalization [3mproposal[0m[2m=[0mProposal { round: Round { epoch: Epoch(0), view: View(7) }, parent: View(6), payload: 6cc5f12928a36002d0d9c7798167cb0bdf611abdef0c3c1e794bd0becda33d84 }
[2m2025-12-05T21:55:56.993026Z[0m [34mDEBUG[0m [2msummit_syncer::cache[0m[2m:[0m [2m278:[0m cached [3mround[0m[2m=[0mRound { epoch: Epoch(0), view: View(7) } [3mname[0m[2m=[0m"finalization"
[2m2025-12-05T21:55:57.010546Z[0m [34mDEBUG[0m [2msummit_syncer::actor[0m[2m:[0m [2m454:[0m finalized block stored [3mround[0m[2m=[0mRound { epoch: Epoch(0), view: View(7) } [3mheight[0m[2m=[0m6
[2m2025-12-05T21:55:57.010821Z[0m [34mDEBUG[0m [2mcommonware_consensus::simplex::actors::voter::actor[0m[2m:[0m [2m545:[0m broadcasting finalization [3mproposal[0m[2m=[0mProposal { round: Round { epoch: Epoch(0), view: View(7) }, parent: View(6), payload: 6cc5f12928a36002d0d9c7798167cb0bdf611abdef0c3c1e794bd0becda33d84 }
[2m2025-12-05T21:55:57.012171Z[0m [33m WARN[0m [2msummit_finalizer::actor[0m[2m:[0m [2m325:[0m Height: 6 contains invalid eth payload. Not executing but keeping part of chain
[2m2025-12-05T21:55:57.012192Z[0m [32m INFO[0m [2msummit_finalizer::actor[0m[2m:[0m [2m504:[0m finalized block [3mnew_height[0m[2m=[0m6 [3mself.state.epoch[0m[2m=[0m0
[2m2025-12-05T21:55:57.012660Z[0m [34mDEBUG[0m [2msummit_syncer::cache[0m[2m:[0m [2m278:[0m cached [3mround[0m[2m=[0mRound { epoch: Epoch(0), view: View(7) } [3mname[0m[2m=[0m"finalization"
[2m2025-12-05T21:55:57.012858Z[0m [34mDEBUG[0m [2msummit_syncer::cache[0m[2m:[0m [2m60:[0m pruned archives [3mmin_view[0m[2m=[0m0
[2m2025-12-05T21:55:57.030586Z[0m [34mDEBUG[0m [2msummit_syncer::actor[0m[2m:[0m [2m454:[0m finalized block stored [3mround[0m[2m=[0mRound { epoch: Epoch(0), view: View(7) } [3mheight[0m[2m=[0m6
[2m2025-12-05T21:55:57.030862Z[0m [34mDEBUG[0m [2mcommonware_consensus::simplex::actors::voter::actor[0m[2m:[0m [2m545:[0m broadcasting finalization [3mproposal[0m[2m=[0mProposal { round: Round { epoch: Epoch(0), view: View(7) }, parent: View(6), payload: 6cc5f12928a36002d0d9c7798167cb0bdf611abdef0c3c1e794bd0becda33d84 }
[2m2025-12-05T21:55:57.030991Z[0m [33m WARN[0m [2msummit_finalizer::actor[0m[2m:[0m [2m325:[0m Height: 6 contains invalid eth payload. Not executing but keeping part of chain
[2m2025-12-05T21:55:57.031011Z[0m [32m INFO[0m [2msummit_finalizer::actor[0m[2m:[0m [2m504:[0m finalized block [3mnew_height[0m[2m=[0m6 [3mself.state.epoch[0m[2m=[0m0
[2m2025-12-05T21:55:57.031306Z[0m [34mDEBUG[0m [2msummit_syncer::cache[0m[2m:[0m [2m278:[0m cached [3mround[0m[2m=[0mRound { epoch: Epoch(0), view: View(7) } [3mname[0m[2m=[0m"finalization"
[2m2025-12-05T21:55:57.052739Z[0m [34mDEBUG[0m [2msummit_syncer::actor[0m[2m:[0m [2m454:[0m finalized block stored [3mround[0m[2m=[0mRound { epoch: Epoch(0), view: View(7) } [3mheight[0m[2m=[0m6
[2m2025-12-05T21:55:57.053024Z[0m [34mDEBUG[0m [2msummit_syncer::cache[0m[2m:[0m [2m60:[0m pruned archives [3mmin_view[0m[2m=[0m0
[2m2025-12-05T21:55:57.053277Z[0m [33m WARN[0m [2msummit_finalizer::actor[0m[2m:[0m [2m325:[0m Height: 6 contains invalid eth payload. Not executing but keeping part of chain
[2m2025-12-05T21:55:57.053299Z[0m [32m INFO[0m [2msummit_finalizer::actor[0m[2m:[0m [2m504:[0m finalized block [3mnew_height[0m[2m=[0m6 [3mself.state.epoch[0m[2m=[0m0
[2m2025-12-05T21:55:57.053721Z[0m [34mDEBUG[0m [2msummit_syncer::cache[0m[2m:[0m [2m60:[0m pruned archives [3mmin_view[0m[2m=[0m0
[2m2025-12-05T21:55:57.053858Z[0m [34mDEBUG[0m [2msummit_syncer::cache[0m[2m:[0m [2m278:[0m cached [3mround[0m[2m=[0mRound { epoch: Epoch(0), view: View(7) } [3mname[0m[2m=[0m"finalization"
[2m2025-12-05T21:55:57.071527Z[0m [34mDEBUG[0m [2msummit_syncer::actor[0m[2m:[0m [2m454:[0m finalized block stored [3mround[0m[2m=[0mRound { epoch: Epoch(0), view: View(7) } [3mheight[0m[2m=[0m6
[2m2025-12-05T21:55:57.071817Z[0m [33m WARN[0m [2msummit_finalizer::actor[0m[2m:[0m [2m325:[0m Height: 6 contains invalid eth payload. Not executing but keeping part of chain
[2m2025-12-05T21:55:57.071839Z[0m [32m INFO[0m [2msummit_finalizer::actor[0m[2m:[0m [2m504:[0m finalized block [3mnew_height[0m[2m=[0m6 [3mself.state.epoch[0m[2m=[0m0
[2m2025-12-05T21:55:57.089125Z[0m [34mDEBUG[0m [2msummit_syncer::actor[0m[2m:[0m [2m454:[0m finalized block stored [3mround[0m[2m=[0mRound { epoch: Epoch(0), view: View(7) } [3mheight[0m[2m=[0m6
[2m2025-12-05T21:55:57.089383Z[0m [34mDEBUG[0m [2msummit_syncer::cache[0m[2m:[0m [2m60:[0m pruned archives [3mmin_view[0m[2m=[0m0
[2m2025-12-05T21:55:57.089523Z[0m [33m WARN[0m [2msummit_finalizer::actor[0m[2m:[0m [2m325:[0m Height: 6 contains invalid eth payload. Not executing but keeping part of chain
[2m2025-12-05T21:55:57.089545Z[0m [32m INFO[0m [2msummit_finalizer::actor[0m[2m:[0m [2m504:[0m finalized block [3mnew_height[0m[2m=[0m6 [3mself.state.epoch[0m[2m=[0m0
[2m2025-12-05T21:55:57.089716Z[0m [34mDEBUG[0m [2msummit_syncer::cache[0m[2m:[0m [2m60:[0m pruned archives [3mmin_view[0m[2m=[0m0
[2m2025-12-05T21:55:57.091272Z[0m [34mDEBUG[0m [2mcommonware_consensus::simplex::actors::voter::actor[0m[2m:[0m [2m255:[0m requested proposal verification [3mproposal[0m[2m=[0mProposal { round: Round { epoch: Epoch(0), view: View(8) }, parent: View(7), payload: 7bb58b67600792b3994c137cf5276af1b06c97551359a97fddf71ed1724658de }
[2m2025-12-05T21:55:57.091314Z[0m [34mDEBUG[0m [2msummit_application::actor[0m[2m:[0m [2m225:[0m 125 application: Handling message Verify for round (0, 8) (epoch 0, view 8), parent height: 7
[2m2025-12-05T21:55:57.091478Z[0m [34mDEBUG[0m [2msummit_syncer::actor[0m[2m:[0m [2m519:[0m requested block missing [3mround[0m[2m=[0mRound { epoch: Epoch(0), view: View(8) } [3mcommitment[0m[2m=[0m7bb58b67600792b3994c137cf5276af1b06c97551359a97fddf71ed1724658de
[2m2025-12-05T21:55:57.091492Z[0m [34mDEBUG[0m [2msummit_syncer::actor[0m[2m:[0m [2m524:[0m registering subscriber [3mround[0m[2m=[0mSome(Round { epoch: Epoch(0), view: View(8) }) [3mcommitment[0m[2m=[0m7bb58b67600792b3994c137cf5276af1b06c97551359a97fddf71ed1724658de
[2m2025-12-05T21:55:57.094285Z[0m [34mDEBUG[0m [2mcommonware_consensus::simplex::actors::voter::actor[0m[2m:[0m [2m255:[0m requested proposal verification [3mproposal[0m[2m=[0mProposal { round: Round { epoch: Epoch(0), view: View(8) }, parent: View(7), payload: 7bb58b67600792b3994c137cf5276af1b06c97551359a97fddf71ed1724658de }
[2m2025-12-05T21:55:57.094473Z[0m [34mDEBUG[0m [2mcommonware_consensus::simplex::actors::voter::actor[0m[2m:[0m [2m255:[0m requested proposal verification [3mproposal[0m[2m=[0mProposal { round: Round { epoch: Epoch(0), view: View(8) }, parent: View(7), payload: 7bb58b67600792b3994c137cf5276af1b06c97551359a97fddf71ed1724658de }
[2m2025-12-05T21:55:57.094505Z[0m [34mDEBUG[0m [2msummit_application::actor[0m[2m:[0m [2m225:[0m 140 application: Handling message Verify for round (0, 8) (epoch 0, view 8), parent height: 7
[2m2025-12-05T21:55:57.094561Z[0m [34mDEBUG[0m [2msummit_application::actor[0m[2m:[0m [2m225:[0m 65 application: Handling message Verify for round (0, 8) (epoch 0, view 8), parent height: 7
[2m2025-12-05T21:55:57.096290Z[0m [34mDEBUG[0m [2mcommonware_consensus::simplex::actors::voter::actor[0m[2m:[0m [2m255:[0m requested proposal verification [3mproposal[0m[2m=[0mProposal { round: Round { epoch: Epoch(0), view: View(8) }, parent: View(7), payload: 7bb58b67600792b3994c137cf5276af1b06c97551359a97fddf71ed1724658de }
[2m2025-12-05T21:55:57.096595Z[0m [34mDEBUG[0m [2msummit_application::actor[0m[2m:[0m [2m225:[0m 48 application: Handling message Verify for round (0, 8) (epoch 0, view 8), parent height: 7
[2m2025-12-05T21:55:57.097667Z[0m [34mDEBUG[0m [2mcommonware_consensus::simplex::actors::voter::actor[0m[2m:[0m [2m387:[0m broadcasting notarize [3mproposal[0m[2m=[0mProposal { round: Round { epoch: Epoch(0), view: View(8) }, parent: View(7), payload: 7bb58b67600792b3994c137cf5276af1b06c97551359a97fddf71ed1724658de }
[2m2025-12-05T21:55:57.097826Z[0m [34mDEBUG[0m [2msummit_syncer::cache[0m[2m:[0m [2m278:[0m cached [3mround[0m[2m=[0mRound { epoch: Epoch(0), view: View(8) } [3mname[0m[2m=[0m"verified"
[2m2025-12-05T21:55:57.098215Z[0m [34mDEBUG[0m [2mcommonware_consensus::simplex::actors::voter::actor[0m[2m:[0m [2m387:[0m broadcasting notarize [3mproposal[0m[2m=[0mProposal { round: Round { epoch: Epoch(0), view: View(8) }, parent: View(7), payload: 7bb58b67600792b3994c137cf5276af1b06c97551359a97fddf71ed1724658de }
[2m2025-12-05T21:55:57.098377Z[0m [34mDEBUG[0m [2msummit_syncer::cache[0m[2m:[0m [2m278:[0m cached [3mround[0m[2m=[0mRound { epoch: Epoch(0), view: View(8) } [3mname[0m[2m=[0m"verified"
[2m2025-12-05T21:55:57.099459Z[0m [34mDEBUG[0m [2msummit_syncer::cache[0m[2m:[0m [2m278:[0m cached [3mround[0m[2m=[0mRound { epoch: Epoch(0), view: View(8) } [3mname[0m[2m=[0m"verified"
[2m2025-12-05T21:55:57.099835Z[0m [34mDEBUG[0m [2mcommonware_consensus::simplex::actors::voter::actor[0m[2m:[0m [2m387:[0m broadcasting notarize [3mproposal[0m[2m=[0mProposal { round: Round { epoch: Epoch(0), view: View(8) }, parent: View(7), payload: 7bb58b67600792b3994c137cf5276af1b06c97551359a97fddf71ed1724658de }
[2m2025-12-05T21:55:57.101873Z[0m [34mDEBUG[0m [2msummit_syncer::cache[0m[2m:[0m [2m278:[0m cached [3mround[0m[2m=[0mRound { epoch: Epoch(0), view: View(8) } [3mname[0m[2m=[0m"verified"
[2m2025-12-05T21:55:57.102252Z[0m [34mDEBUG[0m [2mcommonware_consensus::simplex::actors::voter::actor[0m[2m:[0m [2m387:[0m broadcasting notarize [3mproposal[0m[2m=[0mProposal { round: Round { epoch: Epoch(0), view: View(8) }, parent: View(7), payload: 7bb58b67600792b3994c137cf5276af1b06c97551359a97fddf71ed1724658de }
[2m2025-12-05T21:55:57.103270Z[0m [34mDEBUG[0m [2msummit_syncer::actor[0m[2m:[0m [2m617:[0m notarization missing on request [3mround[0m[2m=[0mRound { epoch: Epoch(0), view: View(8) }
[2m2025-12-05T21:55:57.103314Z[0m [34mDEBUG[0m [2mcommonware_resolver::p2p::engine[0m[2m:[0m [2m291:[0m serve failed [3merr[0m[2m=[0mCanceled [3mpeer[0m[2m=[0medd0f6de342a1e6a7236d6244f23d83eedfcecd059a386c85055701498e77033 [3mid[0m[2m=[0m3
[2m2025-12-05T21:55:57.105092Z[0m [34mDEBUG[0m [2mcommonware_consensus::simplex::actors::voter::round[0m[2m:[0m [2m174:[0m leader elected [3mround[0m[2m=[0mRound { epoch: Epoch(0), view: View(9) } [3mleader[0m[2m=[0medd0f6de342a1e6a7236d6244f23d83eedfcecd059a386c85055701498e77033 [3mleader_idx[0m[2m=[0m4
[2m2025-12-05T21:55:57.105150Z[0m [34mDEBUG[0m [2mcommonware_consensus::simplex::actors::voter::actor[0m[2m:[0m [2m446:[0m broadcasting notarization [3mproposal[0m[2m=[0mProposal { round: Round { epoch: Epoch(0), view: View(8) }, parent: View(7), payload: 7bb58b67600792b3994c137cf5276af1b06c97551359a97fddf71ed1724658de }
[2m2025-12-05T21:55:57.107559Z[0m [34mDEBUG[0m [2mcommonware_consensus::simplex::actors::voter::round[0m[2m:[0m [2m174:[0m leader elected [3mround[0m[2m=[0mRound { epoch: Epoch(0), view: View(9) } [3mleader[0m[2m=[0medd0f6de342a1e6a7236d6244f23d83eedfcecd059a386c85055701498e77033 [3mleader_idx[0m[2m=[0m4
[2m2025-12-05T21:55:57.107616Z[0m [34mDEBUG[0m [2mcommonware_consensus::simplex::actors::voter::actor[0m[2m:[0m [2m446:[0m broadcasting notarization [3mproposal[0m[2m=[0mProposal { round: Round { epoch: Epoch(0), view: View(8) }, parent: View(7), payload: 7bb58b67600792b3994c137cf5276af1b06c97551359a97fddf71ed1724658de }
[2m2025-12-05T21:55:57.107999Z[0m [34mDEBUG[0m [2mcommonware_consensus::simplex::actors::voter::actor[0m[2m:[0m [2m511:[0m broadcasting finalize [3mproposal[0m[2m=[0mProposal { round: Round { epoch: Epoch(0), view: View(8) }, parent: View(7), payload: 7bb58b67600792b3994c137cf5276af1b06c97551359a97fddf71ed1724658de }
[2m2025-12-05T21:55:57.108339Z[0m [34mDEBUG[0m [2msummit_syncer::cache[0m[2m:[0m [2m278:[0m cached [3mround[0m[2m=[0mRound { epoch: Epoch(0), view: View(8) } [3mname[0m[2m=[0m"notarization"
[2m2025-12-05T21:55:57.109310Z[0m [34mDEBUG[0m [2mcommonware_consensus::simplex::actors::voter::actor[0m[2m:[0m [2m511:[0m broadcasting finalize [3mproposal[0m[2m=[0mProposal { round: Round { epoch: Epoch(0), view: View(8) }, parent: View(7), payload: 7bb58b67600792b3994c137cf5276af1b06c97551359a97fddf71ed1724658de }
[2m2025-12-05T21:55:57.110388Z[0m [34mDEBUG[0m [2msummit_syncer::cache[0m[2m:[0m [2m278:[0m cached [3mround[0m[2m=[0mRound { epoch: Epoch(0), view: View(8) } [3mname[0m[2m=[0m"notarized"
[2m2025-12-05T21:55:57.110586Z[0m [34mDEBUG[0m [2mcommonware_consensus::simplex::actors::voter::round[0m[2m:[0m [2m174:[0m leader elected [3mround[0m[2m=[0mRound { epoch: Epoch(0), view: View(9) } [3mleader[0m[2m=[0medd0f6de342a1e6a7236d6244f23d83eedfcecd059a386c85055701498e77033 [3mleader_idx[0m[2m=[0m4
[2m2025-12-05T21:55:57.110643Z[0m [34mDEBUG[0m [2mcommonware_consensus::simplex::actors::voter::actor[0m[2m:[0m [2m446:[0m broadcasting notarization [3mproposal[0m[2m=[0mProposal { round: Round { epoch: Epoch(0), view: View(8) }, parent: View(7), payload: 7bb58b67600792b3994c137cf5276af1b06c97551359a97fddf71ed1724658de }
[2m2025-12-05T21:55:57.111763Z[0m [34mDEBUG[0m [2msummit_syncer::cache[0m[2m:[0m [2m278:[0m cached [3mround[0m[2m=[0mRound { epoch: Epoch(0), view: View(8) } [3mname[0m[2m=[0m"notarization"
[2m2025-12-05T21:55:57.112010Z[0m [34mDEBUG[0m [2mcommonware_consensus::simplex::actors::voter::round[0m[2m:[0m [2m174:[0m leader elected [3mround[0m[2m=[0mRound { epoch: Epoch(0), view: View(9) } [3mleader[0m[2m=[0medd0f6de342a1e6a7236d6244f23d83eedfcecd059a386c85055701498e77033 [3mleader_idx[0m[2m=[0m4
[2m2025-12-05T21:55:57.112071Z[0m [34mDEBUG[0m [2mcommonware_consensus::simplex::actors::voter::actor[0m[2m:[0m [2m446:[0m broadcasting notarization [3mproposal[0m[2m=[0mProposal { round: Round { epoch: Epoch(0), view: View(8) }, parent: View(7), payload: 7bb58b67600792b3994c137cf5276af1b06c97551359a97fddf71ed1724658de }
[2m2025-12-05T21:55:57.112494Z[0m [34mDEBUG[0m [2msummit_syncer::cache[0m[2m:[0m [2m278:[0m cached [3mround[0m[2m=[0mRound { epoch: Epoch(0), view: View(8) } [3mname[0m[2m=[0m"notarized"
[2m2025-12-05T21:55:57.113014Z[0m [34mDEBUG[0m [2mcommonware_consensus::simplex::actors::voter::actor[0m[2m:[0m [2m511:[0m broadcasting finalize [3mproposal[0m[2m=[0mProposal { round: Round { epoch: Epoch(0), view: View(8) }, parent: View(7), payload: 7bb58b67600792b3994c137cf5276af1b06c97551359a97fddf71ed1724658de }
[2m2025-12-05T21:55:57.113376Z[0m [34mDEBUG[0m [2mcommonware_consensus::simplex::actors::voter::actor[0m[2m:[0m [2m511:[0m broadcasting finalize [3mproposal[0m[2m=[0mProposal { round: Round { epoch: Epoch(0), view: View(8) }, parent: View(7), payload: 7bb58b67600792b3994c137cf5276af1b06c97551359a97fddf71ed1724658de }
[2m2025-12-05T21:55:57.113505Z[0m [34mDEBUG[0m [2msummit_syncer::cache[0m[2m:[0m [2m278:[0m cached [3mround[0m[2m=[0mRound { epoch: Epoch(0), view: View(8) } [3mname[0m[2m=[0m"notarization"
[2m2025-12-05T21:55:57.113588Z[0m [34mDEBUG[0m [2msummit_syncer::cache[0m[2m:[0m [2m278:[0m cached [3mround[0m[2m=[0mRound { epoch: Epoch(0), view: View(8) } [3mname[0m[2m=[0m"notarization"
[2m2025-12-05T21:55:57.114012Z[0m [34mDEBUG[0m [2msummit_syncer::cache[0m[2m:[0m [2m278:[0m cached [3mround[0m[2m=[0mRound { epoch: Epoch(0), view: View(8) } [3mname[0m[2m=[0m"notarized"
[2m2025-12-05T21:55:57.114150Z[0m [34mDEBUG[0m [2msummit_syncer::cache[0m[2m:[0m [2m278:[0m cached [3mround[0m[2m=[0mRound { epoch: Epoch(0), view: View(8) } [3mname[0m[2m=[0m"notarized"
[2m2025-12-05T21:55:57.114422Z[0m [34mDEBUG[0m [2mcommonware_consensus::simplex::actors::voter::actor[0m[2m:[0m [2m245:[0m requested proposal from automaton [3mround[0m[2m=[0mRound { epoch: Epoch(0), view: View(9) }
[2m2025-12-05T21:55:57.114511Z[0m [34mDEBUG[0m [2msummit_application::actor[0m[2m:[0m [2m151:[0m 125 application: Handling message Propose for round (0, 9) (epoch 0, view 9), parent height: 8
[2m2025-12-05T21:55:57.115719Z[0m [34mDEBUG[0m [2mcommonware_consensus::simplex::actors::voter::round[0m[2m:[0m [2m174:[0m leader elected [3mround[0m[2m=[0mRound { epoch: Epoch(0), view: View(9) } [3mleader[0m[2m=[0medd0f6de342a1e6a7236d6244f23d83eedfcecd059a386c85055701498e77033 [3mleader_idx[0m[2m=[0m4
[2m2025-12-05T21:55:57.115776Z[0m [34mDEBUG[0m [2mcommonware_consensus::simplex::actors::voter::actor[0m[2m:[0m [2m446:[0m broadcasting notarization [3mproposal[0m[2m=[0mProposal { round: Round { epoch: Epoch(0), view: View(8) }, parent: View(7), payload: 7bb58b67600792b3994c137cf5276af1b06c97551359a97fddf71ed1724658de }
[2m2025-12-05T21:55:57.116633Z[0m [34mDEBUG[0m [2mcommonware_consensus::simplex::actors::voter::actor[0m[2m:[0m [2m511:[0m broadcasting finalize [3mproposal[0m[2m=[0mProposal { round: Round { epoch: Epoch(0), view: View(8) }, parent: View(7), payload: 7bb58b67600792b3994c137cf5276af1b06c97551359a97fddf71ed1724658de }
[2m2025-12-05T21:55:57.116750Z[0m [34mDEBUG[0m [2msummit_syncer::cache[0m[2m:[0m [2m278:[0m cached [3mround[0m[2m=[0mRound { epoch: Epoch(0), view: View(8) } [3mname[0m[2m=[0m"notarization"
[2m2025-12-05T21:55:57.117094Z[0m [34mDEBUG[0m [2msummit_syncer::cache[0m[2m:[0m [2m278:[0m cached [3mround[0m[2m=[0mRound { epoch: Epoch(0), view: View(8) } [3mname[0m[2m=[0m"notarized"
[2m2025-12-05T21:55:57.117943Z[0m [34mDEBUG[0m [2mcommonware_consensus::simplex::actors::voter::actor[0m[2m:[0m [2m387:[0m broadcasting notarize [3mproposal[0m[2m=[0mProposal { round: Round { epoch: Epoch(0), view: View(9) }, parent: View(8), payload: 513081e58d2e95c2ca2000acfcaa7b4c33afcd5704ffe719375a75b6f8ee05c2 }
[2m2025-12-05T21:55:57.118085Z[0m [32m INFO[0m [2msummit_application::actor[0m[2m:[0m [2m202:[0m 125 Handling message Broadcast
[2m2025-12-05T21:55:57.121902Z[0m [34mDEBUG[0m [2mcommonware_consensus::simplex::actors::voter::actor[0m[2m:[0m [2m545:[0m broadcasting finalization [3mproposal[0m[2m=[0mProposal { round: Round { epoch: Epoch(0), view: View(8) }, parent: View(7), payload: 7bb58b67600792b3994c137cf5276af1b06c97551359a97fddf71ed1724658de }
[2m2025-12-05T21:55:57.122805Z[0m [34mDEBUG[0m [2msummit_syncer::cache[0m[2m:[0m [2m278:[0m cached [3mround[0m[2m=[0mRound { epoch: Epoch(0), view: View(8) } [3mname[0m[2m=[0m"finalization"
[2m2025-12-05T21:55:57.140362Z[0m [34mDEBUG[0m [2msummit_syncer::actor[0m[2m:[0m [2m454:[0m finalized block stored [3mround[0m[2m=[0mRound { epoch: Epoch(0), view: View(8) } [3mheight[0m[2m=[0m7
[2m2025-12-05T21:55:57.141152Z[0m [32m INFO[0m [2msummit_finalizer::actor[0m[2m:[0m [2m275:[0m Commiting block 0x7545e045a71f12a33552a5f1ad830425314170ac9802f10d10d03300b6a701a0 for height 7
[2m2025-12-05T21:55:57.141180Z[0m [32m INFO[0m [2msummit_finalizer::actor[0m[2m:[0m [2m504:[0m finalized block [3mnew_height[0m[2m=[0m7 [3mself.state.epoch[0m[2m=[0m0
[2m2025-12-05T21:55:57.141492Z[0m [34mDEBUG[0m [2msummit_syncer::cache[0m[2m:[0m [2m60:[0m pruned archives [3mmin_view[0m[2m=[0m0
[2m2025-12-05T21:55:57.144358Z[0m [34mDEBUG[0m [2mcommonware_consensus::simplex::actors::voter::actor[0m[2m:[0m [2m545:[0m broadcasting finalization [3mproposal[0m[2m=[0mProposal { round: Round { epoch: Epoch(0), view: View(8) }, parent: View(7), payload: 7bb58b67600792b3994c137cf5276af1b06c97551359a97fddf71ed1724658de }
[2m2025-12-05T21:55:57.144736Z[0m [34mDEBUG[0m [2mcommonware_consensus::simplex::actors::voter::actor[0m[2m:[0m [2m545:[0m broadcasting finalization [3mproposal[0m[2m=[0mProposal { round: Round { epoch: Epoch(0), view: View(8) }, parent: View(7), payload: 7bb58b67600792b3994c137cf5276af1b06c97551359a97fddf71ed1724658de }
[2m2025-12-05T21:55:57.145726Z[0m [34mDEBUG[0m [2msummit_syncer::cache[0m[2m:[0m [2m278:[0m cached [3mround[0m[2m=[0mRound { epoch: Epoch(0), view: View(8) } [3mname[0m[2m=[0m"finalization"
[2m2025-12-05T21:55:57.145899Z[0m [34mDEBUG[0m [2msummit_syncer::cache[0m[2m:[0m [2m278:[0m cached [3mround[0m[2m=[0mRound { epoch: Epoch(0), view: View(8) } [3mname[0m[2m=[0m"finalization"
[2m2025-12-05T21:55:57.165067Z[0m [34mDEBUG[0m [2msummit_syncer::actor[0m[2m:[0m [2m454:[0m finalized block stored [3mround[0m[2m=[0mRound { epoch: Epoch(0), view: View(8) } [3mheight[0m[2m=[0m7
[2m2025-12-05T21:55:57.165257Z[0m [32m INFO[0m [2msummit_finalizer::actor[0m[2m:[0m [2m275:[0m Commiting block 0x7545e045a71f12a33552a5f1ad830425314170ac9802f10d10d03300b6a701a0 for height 7
[2m2025-12-05T21:55:57.165286Z[0m [32m INFO[0m [2msummit_finalizer::actor[0m[2m:[0m [2m504:[0m finalized block [3mnew_height[0m[2m=[0m7 [3mself.state.epoch[0m[2m=[0m0
[2m2025-12-05T21:55:57.184880Z[0m [34mDEBUG[0m [2msummit_syncer::actor[0m[2m:[0m [2m454:[0m finalized block stored [3mround[0m[2m=[0mRound { epoch: Epoch(0), view: View(8) } [3mheight[0m[2m=[0m7
[2m2025-12-05T21:55:57.196884Z[0m [32m INFO[0m [2msummit_finalizer::actor[0m[2m:[0m [2m275:[0m Commiting block 0x7545e045a71f12a33552a5f1ad830425314170ac9802f10d10d03300b6a701a0 for height 7
[2m2025-12-05T21:55:57.196913Z[0m [32m INFO[0m [2msummit_finalizer::actor[0m[2m:[0m [2m504:[0m finalized block [3mnew_height[0m[2m=[0m7 [3mself.state.epoch[0m[2m=[0m0
[2m2025-12-05T21:55:57.197133Z[0m [34mDEBUG[0m [2msummit_syncer::cache[0m[2m:[0m [2m60:[0m pruned archives [3mmin_view[0m[2m=[0m0
[2m2025-12-05T21:55:57.197306Z[0m [34mDEBUG[0m [2mcommonware_consensus::simplex::actors::voter::actor[0m[2m:[0m [2m545:[0m broadcasting finalization [3mproposal[0m[2m=[0mProposal { round: Round { epoch: Epoch(0), view: View(8) }, parent: View(7), payload: 7bb58b67600792b3994c137cf5276af1b06c97551359a97fddf71ed1724658de }
[2m2025-12-05T21:55:57.197544Z[0m [34mDEBUG[0m [2msummit_syncer::cache[0m[2m:[0m [2m60:[0m pruned archives [3mmin_view[0m[2m=[0m0
[2m2025-12-05T21:55:57.198934Z[0m [34mDEBUG[0m [2mcommonware_consensus::simplex::actors::voter::actor[0m[2m:[0m [2m545:[0m broadcasting finalization [3mproposal[0m[2m=[0mProposal { round: Round { epoch: Epoch(0), view: View(8) }, parent: View(7), payload: 7bb58b67600792b3994c137cf5276af1b06c97551359a97fddf71ed1724658de }
[2m2025-12-05T21:55:57.199515Z[0m [34mDEBUG[0m [2msummit_syncer::cache[0m[2m:[0m [2m278:[0m cached [3mround[0m[2m=[0mRound { epoch: Epoch(0), view: View(8) } [3mname[0m[2m=[0m"finalization"
[2m2025-12-05T21:55:57.199812Z[0m [34mDEBUG[0m [2msummit_syncer::cache[0m[2m:[0m [2m278:[0m cached [3mround[0m[2m=[0mRound { epoch: Epoch(0), view: View(8) } [3mname[0m[2m=[0m"finalization"
[2m2025-12-05T21:55:57.217770Z[0m [34mDEBUG[0m [2msummit_syncer::actor[0m[2m:[0m [2m454:[0m finalized block stored [3mround[0m[2m=[0mRound { epoch: Epoch(0), view: View(8) } [3mheight[0m[2m=[0m7
[2m2025-12-05T21:55:57.218061Z[0m [32m INFO[0m [2msummit_finalizer::actor[0m[2m:[0m [2m275:[0m Commiting block 0x7545e045a71f12a33552a5f1ad830425314170ac9802f10d10d03300b6a701a0 for height 7
[2m2025-12-05T21:55:57.218086Z[0m [32m INFO[0m [2msummit_finalizer::actor[0m[2m:[0m [2m504:[0m finalized block [3mnew_height[0m[2m=[0m7 [3mself.state.epoch[0m[2m=[0m0
[2m2025-12-05T21:55:57.236334Z[0m [34mDEBUG[0m [2msummit_syncer::actor[0m[2m:[0m [2m454:[0m finalized block stored [3mround[0m[2m=[0mRound { epoch: Epoch(0), view: View(8) } [3mheight[0m[2m=[0m7
[2m2025-12-05T21:55:57.236601Z[0m [34mDEBUG[0m [2msummit_syncer::cache[0m[2m:[0m [2m60:[0m pruned archives [3mmin_view[0m[2m=[0m0
[2m2025-12-05T21:55:57.236691Z[0m [32m INFO[0m [2msummit_finalizer::actor[0m[2m:[0m [2m275:[0m Commiting block 0x7545e045a71f12a33552a5f1ad830425314170ac9802f10d10d03300b6a701a0 for height 7
[2m2025-12-05T21:55:57.236716Z[0m [32m INFO[0m [2msummit_finalizer::actor[0m[2m:[0m [2m504:[0m finalized block [3mnew_height[0m[2m=[0m7 [3mself.state.epoch[0m[2m=[0m0
[2m2025-12-05T21:55:57.236946Z[0m [34mDEBUG[0m [2msummit_syncer::cache[0m[2m:[0m [2m60:[0m pruned archives [3mmin_view[0m[2m=[0m0
[2m2025-12-05T21:55:57.238358Z[0m [34mDEBUG[0m [2mcommonware_consensus::simplex::actors::voter::actor[0m[2m:[0m [2m255:[0m requested proposal verification [3mproposal[0m[2m=[0mProposal { round: Round { epoch: Epoch(0), view: View(9) }, parent: View(8), payload: 513081e58d2e95c2ca2000acfcaa7b4c33afcd5704ffe719375a75b6f8ee05c2 }
[2m2025-12-05T21:55:57.238436Z[0m [34mDEBUG[0m [2msummit_application::actor[0m[2m:[0m [2m225:[0m 65 application: Handling message Verify for round (0, 9) (epoch 0, view 9), parent height: 8
[2m2025-12-05T21:55:57.239759Z[0m [34mDEBUG[0m [2mcommonware_consensus::simplex::actors::voter::actor[0m[2m:[0m [2m255:[0m requested proposal verification [3mproposal[0m[2m=[0mProposal { round: Round { epoch: Epoch(0), view: View(9) }, parent: View(8), payload: 513081e58d2e95c2ca2000acfcaa7b4c33afcd5704ffe719375a75b6f8ee05c2 }
[2m2025-12-05T21:55:57.239960Z[0m [34mDEBUG[0m [2msummit_application::actor[0m[2m:[0m [2m225:[0m 48 application: Handling message Verify for round (0, 9) (epoch 0, view 9), parent height: 8
[2m2025-12-05T21:55:57.240553Z[0m [34mDEBUG[0m [2msummit_syncer::cache[0m[2m:[0m [2m278:[0m cached [3mround[0m[2m=[0mRound { epoch: Epoch(0), view: View(9) } [3mname[0m[2m=[0m"verified"
[2m2025-12-05T21:55:57.240944Z[0m [34mDEBUG[0m [2mcommonware_consensus::simplex::actors::voter::actor[0m[2m:[0m [2m387:[0m broadcasting notarize [3mproposal[0m[2m=[0mProposal { round: Round { epoch: Epoch(0), view: View(9) }, parent: View(8), payload: 513081e58d2e95c2ca2000acfcaa7b4c33afcd5704ffe719375a75b6f8ee05c2 }
[2m2025-12-05T21:55:57.242020Z[0m [34mDEBUG[0m [2mcommonware_consensus::simplex::actors::voter::actor[0m[2m:[0m [2m255:[0m requested proposal verification [3mproposal[0m[2m=[0mProposal { round: Round { epoch: Epoch(0), view: View(9) }, parent: View(8), payload: 513081e58d2e95c2ca2000acfcaa7b4c33afcd5704ffe719375a75b6f8ee05c2 }
[2m2025-12-05T21:55:57.242133Z[0m [34mDEBUG[0m [2msummit_application::actor[0m[2m:[0m [2m225:[0m 140 application: Handling message Verify for round (0, 9) (epoch 0, view 9), parent height: 8
[2m2025-12-05T21:55:57.243624Z[0m [34mDEBUG[0m [2mcommonware_consensus::simplex::actors::voter::actor[0m[2m:[0m [2m255:[0m requested proposal verification [3mproposal[0m[2m=[0mProposal { round: Round { epoch: Epoch(0), view: View(9) }, parent: View(8), payload: 513081e58d2e95c2ca2000acfcaa7b4c33afcd5704ffe719375a75b6f8ee05c2 }
[2m2025-12-05T21:55:57.243757Z[0m [34mDEBUG[0m [2msummit_application::actor[0m[2m:[0m [2m225:[0m 155 application: Handling message Verify for round (0, 9) (epoch 0, view 9), parent height: 8
[2m2025-12-05T21:55:57.244323Z[0m [34mDEBUG[0m [2mcommonware_consensus::simplex::actors::voter::actor[0m[2m:[0m [2m387:[0m broadcasting notarize [3mproposal[0m[2m=[0mProposal { round: Round { epoch: Epoch(0), view: View(9) }, parent: View(8), payload: 513081e58d2e95c2ca2000acfcaa7b4c33afcd5704ffe719375a75b6f8ee05c2 }
[2m2025-12-05T21:55:57.244516Z[0m [34mDEBUG[0m [2msummit_syncer::cache[0m[2m:[0m [2m278:[0m cached [3mround[0m[2m=[0mRound { epoch: Epoch(0), view: View(9) } [3mname[0m[2m=[0m"verified"
[2m2025-12-05T21:55:57.245664Z[0m [34mDEBUG[0m [2mcommonware_consensus::simplex::actors::voter::actor[0m[2m:[0m [2m387:[0m broadcasting notarize [3mproposal[0m[2m=[0mProposal { round: Round { epoch: Epoch(0), view: View(9) }, parent: View(8), payload: 513081e58d2e95c2ca2000acfcaa7b4c33afcd5704ffe719375a75b6f8ee05c2 }
[2m2025-12-05T21:55:57.245785Z[0m [34mDEBUG[0m [2msummit_syncer::cache[0m[2m:[0m [2m278:[0m cached [3mround[0m[2m=[0mRound { epoch: Epoch(0), view: View(9) } [3mname[0m[2m=[0m"verified"
[2m2025-12-05T21:55:57.246369Z[0m [34mDEBUG[0m [2msummit_syncer::cache[0m[2m:[0m [2m278:[0m cached [3mround[0m[2m=[0mRound { epoch: Epoch(0), view: View(9) } [3mname[0m[2m=[0m"verified"
[2m2025-12-05T21:55:57.246787Z[0m [34mDEBUG[0m [2mcommonware_consensus::simplex::actors::voter::actor[0m[2m:[0m [2m387:[0m broadcasting notarize [3mproposal[0m[2m=[0mProposal { round: Round { epoch: Epoch(0), view: View(9) }, parent: View(8), payload: 513081e58d2e95c2ca2000acfcaa7b4c33afcd5704ffe719375a75b6f8ee05c2 }
[2m2025-12-05T21:55:57.251567Z[0m [34mDEBUG[0m [2mcommonware_consensus::simplex::actors::voter::round[0m[2m:[0m [2m174:[0m leader elected [3mround[0m[2m=[0mRound { epoch: Epoch(0), view: View(10) } [3mleader[0m[2m=[0m1c0c1c72c52dbd38c741a2c1989e02a41b388348011566b914a1ed6932b8f880 [3mleader_idx[0m[2m=[0m0
[2m2025-12-05T21:55:57.251627Z[0m [34mDEBUG[0m [2mcommonware_consensus::simplex::actors::voter::actor[0m[2m:[0m [2m446:[0m broadcasting notarization [3mproposal[0m[2m=[0mProposal { round: Round { epoch: Epoch(0), view: View(9) }, parent: View(8), payload: 513081e58d2e95c2ca2000acfcaa7b4c33afcd5704ffe719375a75b6f8ee05c2 }
[2m2025-12-05T21:55:57.252379Z[0m [34mDEBUG[0m [2mcommonware_consensus::simplex::actors::voter::actor[0m[2m:[0m [2m511:[0m broadcasting finalize [3mproposal[0m[2m=[0mProposal { round: Round { epoch: Epoch(0), view: View(9) }, parent: View(8), payload: 513081e58d2e95c2ca2000acfcaa7b4c33afcd5704ffe719375a75b6f8ee05c2 }
[2m2025-12-05T21:55:57.252635Z[0m [34mDEBUG[0m [2msummit_syncer::cache[0m[2m:[0m [2m278:[0m cached [3mround[0m[2m=[0mRound { epoch: Epoch(0), view: View(9) } [3mname[0m[2m=[0m"notarization"
[2m2025-12-05T21:55:57.254283Z[0m [34mDEBUG[0m [2msummit_syncer::cache[0m[2m:[0m [2m278:[0m cached [3mround[0m[2m=[0mRound { epoch: Epoch(0), view: View(9) } [3mname[0m[2m=[0m"notarized"
[2m2025-12-05T21:55:57.256431Z[0m [34mDEBUG[0m [2mcommonware_consensus::simplex::actors::voter::round[0m[2m:[0m [2m174:[0m leader elected [3mround[0m[2m=[0mRound { epoch: Epoch(0), view: View(10) } [3mleader[0m[2m=[0m1c0c1c72c52dbd38c741a2c1989e02a41b388348011566b914a1ed6932b8f880 [3mleader_idx[0m[2m=[0m0
[2m2025-12-05T21:55:57.256499Z[0m [34mDEBUG[0m [2mcommonware_consensus::simplex::actors::voter::actor[0m[2m:[0m [2m446:[0m broadcasting notarization [3mproposal[0m[2m=[0mProposal { round: Round { epoch: Epoch(0), view: View(9) }, parent: View(8), payload: 513081e58d2e95c2ca2000acfcaa7b4c33afcd5704ffe719375a75b6f8ee05c2 }
[2m2025-12-05T21:55:57.256606Z[0m [34mDEBUG[0m [2mcommonware_consensus::simplex::actors::voter::round[0m[2m:[0m [2m174:[0m leader elected [3mround[0m[2m=[0mRound { epoch: Epoch(0), view: View(10) } [3mleader[0m[2m=[0m1c0c1c72c52dbd38c741a2c1989e02a41b388348011566b914a1ed6932b8f880 [3mleader_idx[0m[2m=[0m0
[2m2025-12-05T21:55:57.256662Z[0m [34mDEBUG[0m [2mcommonware_consensus::simplex::actors::voter::actor[0m[2m:[0m [2m446:[0m broadcasting notarization [3mproposal[0m[2m=[0mProposal { round: Round { epoch: Epoch(0), view: View(9) }, parent: View(8), payload: 513081e58d2e95c2ca2000acfcaa7b4c33afcd5704ffe719375a75b6f8ee05c2 }
[2m2025-12-05T21:55:57.257431Z[0m [34mDEBUG[0m [2mcommonware_consensus::simplex::actors::voter::actor[0m[2m:[0m [2m511:[0m broadcasting finalize [3mproposal[0m[2m=[0mProposal { round: Round { epoch: Epoch(0), view: View(9) }, parent: View(8), payload: 513081e58d2e95c2ca2000acfcaa7b4c33afcd5704ffe719375a75b6f8ee05c2 }
[2m2025-12-05T21:55:57.257804Z[0m [34mDEBUG[0m [2mcommonware_consensus::simplex::actors::voter::actor[0m[2m:[0m [2m511:[0m broadcasting finalize [3mproposal[0m[2m=[0mProposal { round: Round { epoch: Epoch(0), view: View(9) }, parent: View(8), payload: 513081e58d2e95c2ca2000acfcaa7b4c33afcd5704ffe719375a75b6f8ee05c2 }
[2m2025-12-05T21:55:57.257987Z[0m [34mDEBUG[0m [2msummit_syncer::cache[0m[2m:[0m [2m278:[0m cached [3mround[0m[2m=[0mRound { epoch: Epoch(0), view: View(9) } [3mname[0m[2m=[0m"notarization"
[2m2025-12-05T21:55:57.258060Z[0m [34mDEBUG[0m [2msummit_syncer::cache[0m[2m:[0m [2m278:[0m cached [3mround[0m[2m=[0mRound { epoch: Epoch(0), view: View(9) } [3mname[0m[2m=[0m"notarization"
[2m2025-12-05T21:55:57.258628Z[0m [34mDEBUG[0m [2msummit_syncer::cache[0m[2m:[0m [2m278:[0m cached [3mround[0m[2m=[0mRound { epoch: Epoch(0), view: View(9) } [3mname[0m[2m=[0m"notarized"
[2m2025-12-05T21:55:57.258817Z[0m [34mDEBUG[0m [2msummit_syncer::cache[0m[2m:[0m [2m278:[0m cached [3mround[0m[2m=[0mRound { epoch: Epoch(0), view: View(9) } [3mname[0m[2m=[0m"notarized"
[2m2025-12-05T21:55:57.260245Z[0m [34mDEBUG[0m [2mcommonware_consensus::simplex::actors::voter::round[0m[2m:[0m [2m174:[0m leader elected [3mround[0m[2m=[0mRound { epoch: Epoch(0), view: View(10) } [3mleader[0m[2m=[0m1c0c1c72c52dbd38c741a2c1989e02a41b388348011566b914a1ed6932b8f880 [3mleader_idx[0m[2m=[0m0
[2m2025-12-05T21:55:57.260312Z[0m [34mDEBUG[0m [2mcommonware_consensus::simplex::actors::voter::actor[0m[2m:[0m [2m446:[0m broadcasting notarization [3mproposal[0m[2m=[0mProposal { round: Round { epoch: Epoch(0), view: View(9) }, parent: View(8), payload: 513081e58d2e95c2ca2000acfcaa7b4c33afcd5704ffe719375a75b6f8ee05c2 }
[2m2025-12-05T21:55:57.261827Z[0m [34mDEBUG[0m [2mcommonware_consensus::simplex::actors::voter::round[0m[2m:[0m [2m174:[0m leader elected [3mround[0m[2m=[0mRound { epoch: Epoch(0), view: View(10) } [3mleader[0m[2m=[0m1c0c1c72c52dbd38c741a2c1989e02a41b388348011566b914a1ed6932b8f880 [3mleader_idx[0m[2m=[0m0
[2m2025-12-05T21:55:57.261892Z[0m [34mDEBUG[0m [2mcommonware_consensus::simplex::actors::voter::actor[0m[2m:[0m [2m446:[0m broadcasting notarization [3mproposal[0m[2m=[0mProposal { round: Round { epoch: Epoch(0), view: View(9) }, parent: View(8), payload: 513081e58d2e95c2ca2000acfcaa7b4c33afcd5704ffe719375a75b6f8ee05c2 }
[2m2025-12-05T21:55:57.262303Z[0m [34mDEBUG[0m [2mcommonware_consensus::simplex::actors::voter::actor[0m[2m:[0m [2m511:[0m broadcasting finalize [3mproposal[0m[2m=[0mProposal { round: Round { epoch: Epoch(0), view: View(9) }, parent: View(8), payload: 513081e58d2e95c2ca2000acfcaa7b4c33afcd5704ffe719375a75b6f8ee05c2 }
[2m2025-12-05T21:55:57.262433Z[0m [34mDEBUG[0m [2msummit_syncer::cache[0m[2m:[0m [2m278:[0m cached [3mround[0m[2m=[0mRound { epoch: Epoch(0), view: View(9) } [3mname[0m[2m=[0m"notarization"
[2m2025-12-05T21:55:57.263307Z[0m [34mDEBUG[0m [2mcommonware_consensus::simplex::actors::voter::actor[0m[2m:[0m [2m511:[0m broadcasting finalize [3mproposal[0m[2m=[0mProposal { round: Round { epoch: Epoch(0), view: View(9) }, parent: View(8), payload: 513081e58d2e95c2ca2000acfcaa7b4c33afcd5704ffe719375a75b6f8ee05c2 }
[2m2025-12-05T21:55:57.263463Z[0m [34mDEBUG[0m [2msummit_syncer::cache[0m[2m:[0m [2m278:[0m cached [3mround[0m[2m=[0mRound { epoch: Epoch(0), view: View(9) } [3mname[0m[2m=[0m"notarized"
[2m2025-12-05T21:55:57.263612Z[0m [34mDEBUG[0m [2msummit_syncer::cache[0m[2m:[0m [2m278:[0m cached [3mround[0m[2m=[0mRound { epoch: Epoch(0), view: View(9) } [3mname[0m[2m=[0m"notarization"
[2m2025-12-05T21:55:57.263883Z[0m [34mDEBUG[0m [2msummit_syncer::cache[0m[2m:[0m [2m278:[0m cached [3mround[0m[2m=[0mRound { epoch: Epoch(0), view: View(9) } [3mname[0m[2m=[0m"notarized"
[2m2025-12-05T21:55:57.263968Z[0m [34mDEBUG[0m [2mcommonware_consensus::simplex::actors::voter::actor[0m[2m:[0m [2m245:[0m requested proposal from automaton [3mround[0m[2m=[0mRound { epoch: Epoch(0), view: View(10) }
[2m2025-12-05T21:55:57.263998Z[0m [34mDEBUG[0m [2msummit_application::actor[0m[2m:[0m [2m151:[0m 65 application: Handling message Propose for round (0, 10) (epoch 0, view 10), parent height: 9
[2m2025-12-05T21:55:57.265740Z[0m [34mDEBUG[0m [2mcommonware_consensus::simplex::actors::voter::actor[0m[2m:[0m [2m387:[0m broadcasting notarize [3mproposal[0m[2m=[0mProposal { round: Round { epoch: Epoch(0), view: View(10) }, parent: View(9), payload: 1aa197b8eda91e3f537bc05f266b5acbccd14c731a3a00d9e64909ae015dff6b }
[2m2025-12-05T21:55:57.266090Z[0m [32m INFO[0m [2msummit_application::actor[0m[2m:[0m [2m202:[0m 65 Handling message Broadcast
[2m2025-12-05T21:55:57.266430Z[0m [33m WARN[0m [2mcommonware_consensus::simplex::actors::voter::actor[0m[2m:[0m [2m397:[0m HACK: view 10 notarize sent, now sending nullify to create notarized+nullified scenario [3mview[0m[2m=[0mView(10)
[2m2025-12-05T21:55:57.267482Z[0m [33m WARN[0m [2mcommonware_consensus::simplex::actors::voter::actor[0m[2m:[0m [2m414:[0m HACK: setting broadcast_nullify flag to prevent finalization of view 10 [3mview[0m[2m=[0mView(10)
[2m2025-12-05T21:55:57.270664Z[0m [34mDEBUG[0m [2mcommonware_consensus::simplex::actors::voter::actor[0m[2m:[0m [2m545:[0m broadcasting finalization [3mproposal[0m[2m=[0mProposal { round: Round { epoch: Epoch(0), view: View(9) }, parent: View(8), payload: 513081e58d2e95c2ca2000acfcaa7b4c33afcd5704ffe719375a75b6f8ee05c2 }
[2m2025-12-05T21:55:57.272307Z[0m [34mDEBUG[0m [2mcommonware_consensus::simplex::actors::voter::actor[0m[2m:[0m [2m545:[0m broadcasting finalization [3mproposal[0m[2m=[0mProposal { round: Round { epoch: Epoch(0), view: View(9) }, parent: View(8), payload: 513081e58d2e95c2ca2000acfcaa7b4c33afcd5704ffe719375a75b6f8ee05c2 }
[2m2025-12-05T21:55:57.272657Z[0m [34mDEBUG[0m [2msummit_syncer::cache[0m[2m:[0m [2m278:[0m cached [3mround[0m[2m=[0mRound { epoch: Epoch(0), view: View(9) } [3mname[0m[2m=[0m"finalization"
[2m2025-12-05T21:55:57.290881Z[0m [34mDEBUG[0m [2msummit_syncer::actor[0m[2m:[0m [2m454:[0m finalized block stored [3mround[0m[2m=[0mRound { epoch: Epoch(0), view: View(9) } [3mheight[0m[2m=[0m8
[2m2025-12-05T21:55:57.291198Z[0m [34mDEBUG[0m [2msummit_syncer::cache[0m[2m:[0m [2m278:[0m cached [3mround[0m[2m=[0mRound { epoch: Epoch(0), view: View(9) } [3mname[0m[2m=[0m"finalization"
[2m2025-12-05T21:55:57.291393Z[0m [33m WARN[0m [2msummit_finalizer::actor[0m[2m:[0m [2m325:[0m Height: 8 contains invalid eth payload. Not executing but keeping part of chain
[2m2025-12-05T21:55:57.291445Z[0m [32m INFO[0m [2msummit_finalizer::actor[0m[2m:[0m [2m504:[0m finalized block [3mnew_height[0m[2m=[0m8 [3mself.state.epoch[0m[2m=[0m0
[2m2025-12-05T21:55:57.291916Z[0m [34mDEBUG[0m [2msummit_syncer::cache[0m[2m:[0m [2m60:[0m pruned archives [3mmin_view[0m[2m=[0m0
[2m2025-12-05T21:55:57.310228Z[0m [34mDEBUG[0m [2msummit_syncer::actor[0m[2m:[0m [2m454:[0m finalized block stored [3mround[0m[2m=[0mRound { epoch: Epoch(0), view: View(9) } [3mheight[0m[2m=[0m8
[2m2025-12-05T21:55:57.311686Z[0m [33m WARN[0m [2msummit_finalizer::actor[0m[2m:[0m [2m325:[0m Height: 8 contains invalid eth payload. Not executing but keeping part of chain
[2m2025-12-05T21:55:57.311747Z[0m [32m INFO[0m [2msummit_finalizer::actor[0m[2m:[0m [2m504:[0m finalized block [3mnew_height[0m[2m=[0m8 [3mself.state.epoch[0m[2m=[0m0
[2m2025-12-05T21:55:57.312927Z[0m [34mDEBUG[0m [2msummit_syncer::cache[0m[2m:[0m [2m60:[0m pruned archives [3mmin_view[0m[2m=[0m0
[2m2025-12-05T21:55:57.313139Z[0m [34mDEBUG[0m [2mcommonware_consensus::simplex::actors::voter::actor[0m[2m:[0m [2m545:[0m broadcasting finalization [3mproposal[0m[2m=[0mProposal { round: Round { epoch: Epoch(0), view: View(9) }, parent: View(8), payload: 513081e58d2e95c2ca2000acfcaa7b4c33afcd5704ffe719375a75b6f8ee05c2 }
[2m2025-12-05T21:55:57.313279Z[0m [34mDEBUG[0m [2mcommonware_consensus::simplex::actors::voter::actor[0m[2m:[0m [2m545:[0m broadcasting finalization [3mproposal[0m[2m=[0mProposal { round: Round { epoch: Epoch(0), view: View(9) }, parent: View(8), payload: 513081e58d2e95c2ca2000acfcaa7b4c33afcd5704ffe719375a75b6f8ee05c2 }
[2m2025-12-05T21:55:57.314463Z[0m [34mDEBUG[0m [2msummit_syncer::cache[0m[2m:[0m [2m278:[0m cached [3mround[0m[2m=[0mRound { epoch: Epoch(0), view: View(9) } [3mname[0m[2m=[0m"finalization"
[2m2025-12-05T21:55:57.314543Z[0m [34mDEBUG[0m [2msummit_syncer::cache[0m[2m:[0m [2m278:[0m cached [3mround[0m[2m=[0mRound { epoch: Epoch(0), view: View(9) } [3mname[0m[2m=[0m"finalization"
[2m2025-12-05T21:55:57.333411Z[0m [34mDEBUG[0m [2msummit_syncer::actor[0m[2m:[0m [2m454:[0m finalized block stored [3mround[0m[2m=[0mRound { epoch: Epoch(0), view: View(9) } [3mheight[0m[2m=[0m8
[2m2025-12-05T21:55:57.350821Z[0m [34mDEBUG[0m [2msummit_syncer::actor[0m[2m:[0m [2m454:[0m finalized block stored [3mround[0m[2m=[0mRound { epoch: Epoch(0), view: View(9) } [3mheight[0m[2m=[0m8
[2m2025-12-05T21:55:57.350977Z[0m [33m WARN[0m [2msummit_finalizer::actor[0m[2m:[0m [2m325:[0m Height: 8 contains invalid eth payload. Not executing but keeping part of chain
[2m2025-12-05T21:55:57.351033Z[0m [32m INFO[0m [2msummit_finalizer::actor[0m[2m:[0m [2m504:[0m finalized block [3mnew_height[0m[2m=[0m8 [3mself.state.epoch[0m[2m=[0m0
[2m2025-12-05T21:55:57.351079Z[0m [33m WARN[0m [2msummit_finalizer::actor[0m[2m:[0m [2m325:[0m Height: 8 contains invalid eth payload. Not executing but keeping part of chain
[2m2025-12-05T21:55:57.351118Z[0m [32m INFO[0m [2msummit_finalizer::actor[0m[2m:[0m [2m504:[0m finalized block [3mnew_height[0m[2m=[0m8 [3mself.state.epoch[0m[2m=[0m0
[2m2025-12-05T21:55:57.351454Z[0m [34mDEBUG[0m [2msummit_syncer::cache[0m[2m:[0m [2m60:[0m pruned archives [3mmin_view[0m[2m=[0m0
[2m2025-12-05T21:55:57.351771Z[0m [34mDEBUG[0m [2msummit_syncer::cache[0m[2m:[0m [2m60:[0m pruned archives [3mmin_view[0m[2m=[0m0
[2m2025-12-05T21:55:57.353166Z[0m [34mDEBUG[0m [2mcommonware_consensus::simplex::actors::voter::actor[0m[2m:[0m [2m545:[0m broadcasting finalization [3mproposal[0m[2m=[0mProposal { round: Round { epoch: Epoch(0), view: View(9) }, parent: View(8), payload: 513081e58d2e95c2ca2000acfcaa7b4c33afcd5704ffe719375a75b6f8ee05c2 }
[2m2025-12-05T21:55:57.353703Z[0m [34mDEBUG[0m [2msummit_syncer::cache[0m[2m:[0m [2m278:[0m cached [3mround[0m[2m=[0mRound { epoch: Epoch(0), view: View(9) } [3mname[0m[2m=[0m"finalization"
[2m2025-12-05T21:55:57.371340Z[0m [34mDEBUG[0m [2msummit_syncer::actor[0m[2m:[0m [2m454:[0m finalized block stored [3mround[0m[2m=[0mRound { epoch: Epoch(0), view: View(9) } [3mheight[0m[2m=[0m8
[2m2025-12-05T21:55:57.371467Z[0m [33m WARN[0m [2msummit_finalizer::actor[0m[2m:[0m [2m325:[0m Height: 8 contains invalid eth payload. Not executing but keeping part of chain
[2m2025-12-05T21:55:57.371520Z[0m [32m INFO[0m [2msummit_finalizer::actor[0m[2m:[0m [2m504:[0m finalized block [3mnew_height[0m[2m=[0m8 [3mself.state.epoch[0m[2m=[0m0
[2m2025-12-05T21:55:57.371758Z[0m [34mDEBUG[0m [2msummit_syncer::cache[0m[2m:[0m [2m60:[0m pruned archives [3mmin_view[0m[2m=[0m0
[2m2025-12-05T21:55:57.374069Z[0m [34mDEBUG[0m [2mcommonware_consensus::simplex::actors::voter::actor[0m[2m:[0m [2m255:[0m requested proposal verification [3mproposal[0m[2m=[0mProposal { round: Round { epoch: Epoch(0), view: View(10) }, parent: View(9), payload: 1aa197b8eda91e3f537bc05f266b5acbccd14c731a3a00d9e64909ae015dff6b }
[2m2025-12-05T21:55:57.374151Z[0m [34mDEBUG[0m [2mcommonware_consensus::simplex::actors::voter::actor[0m[2m:[0m [2m255:[0m requested proposal verification [3mproposal[0m[2m=[0mProposal { round: Round { epoch: Epoch(0), view: View(10) }, parent: View(9), payload: 1aa197b8eda91e3f537bc05f266b5acbccd14c731a3a00d9e64909ae015dff6b }
[2m2025-12-05T21:55:57.374188Z[0m [34mDEBUG[0m [2msummit_application::actor[0m[2m:[0m [2m225:[0m 125 application: Handling message Verify for round (0, 10) (epoch 0, view 10), parent height: 9
[2m2025-12-05T21:55:57.374362Z[0m [34mDEBUG[0m [2msummit_application::actor[0m[2m:[0m [2m225:[0m 48 application: Handling message Verify for round (0, 10) (epoch 0, view 10), parent height: 9
[2m2025-12-05T21:55:57.374809Z[0m [34mDEBUG[0m [2msummit_syncer::actor[0m[2m:[0m [2m519:[0m requested block missing [3mround[0m[2m=[0mRound { epoch: Epoch(0), view: View(10) } [3mcommitment[0m[2m=[0m1aa197b8eda91e3f537bc05f266b5acbccd14c731a3a00d9e64909ae015dff6b
[2m2025-12-05T21:55:57.374823Z[0m [34mDEBUG[0m [2msummit_syncer::actor[0m[2m:[0m [2m524:[0m registering subscriber [3mround[0m[2m=[0mSome(Round { epoch: Epoch(0), view: View(10) }) [3mcommitment[0m[2m=[0m1aa197b8eda91e3f537bc05f266b5acbccd14c731a3a00d9e64909ae015dff6b
[2m2025-12-05T21:55:57.376109Z[0m [34mDEBUG[0m [2msummit_syncer::actor[0m[2m:[0m [2m519:[0m requested block missing [3mround[0m[2m=[0mRound { epoch: Epoch(0), view: View(10) } [3mcommitment[0m[2m=[0m1aa197b8eda91e3f537bc05f266b5acbccd14c731a3a00d9e64909ae015dff6b
[2m2025-12-05T21:55:57.376127Z[0m [34mDEBUG[0m [2msummit_syncer::actor[0m[2m:[0m [2m524:[0m registering subscriber [3mround[0m[2m=[0mSome(Round { epoch: Epoch(0), view: View(10) }) [3mcommitment[0m[2m=[0m1aa197b8eda91e3f537bc05f266b5acbccd14c731a3a00d9e64909ae015dff6b
[2m2025-12-05T21:55:57.376271Z[0m [34mDEBUG[0m [2mcommonware_consensus::simplex::actors::voter::actor[0m[2m:[0m [2m255:[0m requested proposal verification [3mproposal[0m[2m=[0mProposal { round: Round { epoch: Epoch(0), view: View(10) }, parent: View(9), payload: 1aa197b8eda91e3f537bc05f266b5acbccd14c731a3a00d9e64909ae015dff6b }
[2m2025-12-05T21:55:57.376435Z[0m [34mDEBUG[0m [2msummit_application::actor[0m[2m:[0m [2m225:[0m 155 application: Handling message Verify for round (0, 10) (epoch 0, view 10), parent height: 9
[2m2025-12-05T21:55:57.377766Z[0m [34mDEBUG[0m [2mcommonware_consensus::simplex::actors::voter::actor[0m[2m:[0m [2m255:[0m requested proposal verification [3mproposal[0m[2m=[0mProposal { round: Round { epoch: Epoch(0), view: View(10) }, parent: View(9), payload: 1aa197b8eda91e3f537bc05f266b5acbccd14c731a3a00d9e64909ae015dff6b }
[2m2025-12-05T21:55:57.378115Z[0m [34mDEBUG[0m [2msummit_application::actor[0m[2m:[0m [2m225:[0m 140 application: Handling message Verify for round (0, 10) (epoch 0, view 10), parent height: 9
[2m2025-12-05T21:55:57.378966Z[0m [34mDEBUG[0m [2mcommonware_consensus::simplex::actors::voter::actor[0m[2m:[0m [2m387:[0m broadcasting notarize [3mproposal[0m[2m=[0mProposal { round: Round { epoch: Epoch(0), view: View(10) }, parent: View(9), payload: 1aa197b8eda91e3f537bc05f266b5acbccd14c731a3a00d9e64909ae015dff6b }
[2m2025-12-05T21:55:57.379109Z[0m [34mDEBUG[0m [2msummit_syncer::cache[0m[2m:[0m [2m278:[0m cached [3mround[0m[2m=[0mRound { epoch: Epoch(0), view: View(10) } [3mname[0m[2m=[0m"verified"
[2m2025-12-05T21:55:57.379325Z[0m [34mDEBUG[0m [2msummit_syncer::actor[0m[2m:[0m [2m519:[0m requested block missing [3mround[0m[2m=[0mRound { epoch: Epoch(0), view: View(10) } [3mcommitment[0m[2m=[0m1aa197b8eda91e3f537bc05f266b5acbccd14c731a3a00d9e64909ae015dff6b
[2m2025-12-05T21:55:57.379337Z[0m [34mDEBUG[0m [2msummit_syncer::actor[0m[2m:[0m [2m524:[0m registering subscriber [3mround[0m[2m=[0mSome(Round { epoch: Epoch(0), view: View(10) }) [3mcommitment[0m[2m=[0m1aa197b8eda91e3f537bc05f266b5acbccd14c731a3a00d9e64909ae015dff6b
[2m2025-12-05T21:55:57.379489Z[0m [34mDEBUG[0m [2msummit_syncer::cache[0m[2m:[0m [2m278:[0m cached [3mround[0m[2m=[0mRound { epoch: Epoch(0), view: View(10) } [3mname[0m[2m=[0m"verified"
[2m2025-12-05T21:55:57.380015Z[0m [34mDEBUG[0m [2mcommonware_consensus::simplex::actors::voter::actor[0m[2m:[0m [2m387:[0m broadcasting notarize [3mproposal[0m[2m=[0mProposal { round: Round { epoch: Epoch(0), view: View(10) }, parent: View(9), payload: 1aa197b8eda91e3f537bc05f266b5acbccd14c731a3a00d9e64909ae015dff6b }
[2m2025-12-05T21:55:57.380753Z[0m [33m WARN[0m [2mcommonware_consensus::simplex::actors::voter::actor[0m[2m:[0m [2m397:[0m HACK: view 10 notarize sent, now sending nullify to create notarized+nullified scenario [3mview[0m[2m=[0mView(10)
[2m2025-12-05T21:55:57.381144Z[0m [33m WARN[0m [2mcommonware_consensus::simplex::actors::voter::actor[0m[2m:[0m [2m397:[0m HACK: view 10 notarize sent, now sending nullify to create notarized+nullified scenario [3mview[0m[2m=[0mView(10)
[2m2025-12-05T21:55:57.382244Z[0m [33m WARN[0m [2mcommonware_consensus::simplex::actors::voter::actor[0m[2m:[0m [2m414:[0m HACK: setting broadcast_nullify flag to prevent finalization of view 10 [3mview[0m[2m=[0mView(10)
[2m2025-12-05T21:55:57.382429Z[0m [33m WARN[0m [2mcommonware_consensus::simplex::actors::voter::actor[0m[2m:[0m [2m414:[0m HACK: setting broadcast_nullify flag to prevent finalization of view 10 [3mview[0m[2m=[0mView(10)
[2m2025-12-05T21:55:57.382631Z[0m [34mDEBUG[0m [2msummit_syncer::cache[0m[2m:[0m [2m278:[0m cached [3mround[0m[2m=[0mRound { epoch: Epoch(0), view: View(10) } [3mname[0m[2m=[0m"verified"
[2m2025-12-05T21:55:57.383003Z[0m [34mDEBUG[0m [2mcommonware_consensus::simplex::actors::voter::actor[0m[2m:[0m [2m387:[0m broadcasting notarize [3mproposal[0m[2m=[0mProposal { round: Round { epoch: Epoch(0), view: View(10) }, parent: View(9), payload: 1aa197b8eda91e3f537bc05f266b5acbccd14c731a3a00d9e64909ae015dff6b }
[2m2025-12-05T21:55:57.383841Z[0m [33m WARN[0m [2mcommonware_consensus::simplex::actors::voter::actor[0m[2m:[0m [2m397:[0m HACK: view 10 notarize sent, now sending nullify to create notarized+nullified scenario [3mview[0m[2m=[0mView(10)
[2m2025-12-05T21:55:57.385071Z[0m [33m WARN[0m [2mcommonware_consensus::simplex::actors::voter::actor[0m[2m:[0m [2m414:[0m HACK: setting broadcast_nullify flag to prevent finalization of view 10 [3mview[0m[2m=[0mView(10)
[2m2025-12-05T21:55:57.386031Z[0m [34mDEBUG[0m [2mcommonware_consensus::simplex::actors::voter::actor[0m[2m:[0m [2m387:[0m broadcasting notarize [3mproposal[0m[2m=[0mProposal { round: Round { epoch: Epoch(0), view: View(10) }, parent: View(9), payload: 1aa197b8eda91e3f537bc05f266b5acbccd14c731a3a00d9e64909ae015dff6b }
[2m2025-12-05T21:55:57.386154Z[0m [34mDEBUG[0m [2msummit_syncer::cache[0m[2m:[0m [2m278:[0m cached [3mround[0m[2m=[0mRound { epoch: Epoch(0), view: View(10) } [3mname[0m[2m=[0m"verified"
[2m2025-12-05T21:55:57.386483Z[0m [33m WARN[0m [2mcommonware_consensus::simplex::actors::voter::actor[0m[2m:[0m [2m397:[0m HACK: view 10 notarize sent, now sending nullify to create notarized+nullified scenario [3mview[0m[2m=[0mView(10)
[2m2025-12-05T21:55:57.387190Z[0m [33m WARN[0m [2mcommonware_consensus::simplex::actors::voter::actor[0m[2m:[0m [2m414:[0m HACK: setting broadcast_nullify flag to prevent finalization of view 10 [3mview[0m[2m=[0mView(10)
[2m2025-12-05T21:55:57.389155Z[0m [34mDEBUG[0m [2msummit_syncer::actor[0m[2m:[0m [2m617:[0m notarization missing on request [3mround[0m[2m=[0mRound { epoch: Epoch(0), view: View(10) }
[2m2025-12-05T21:55:57.390273Z[0m [34mDEBUG[0m [2mcommonware_resolver::p2p::engine[0m[2m:[0m [2m291:[0m serve failed [3merr[0m[2m=[0mCanceled [3mpeer[0m[2m=[0m478b8e507e0bb2b18c0f9e0824769e8562d10df9abe2e774896f82b4b4405266 [3mid[0m[2m=[0m3
[2m2025-12-05T21:55:57.390379Z[0m [34mDEBUG[0m [2mcommonware_consensus::simplex::actors::voter::round[0m[2m:[0m [2m174:[0m leader elected [3mround[0m[2m=[0mRound { epoch: Epoch(0), view: View(11) } [3mleader[0m[2m=[0m478b8e507e0bb2b18c0f9e0824769e8562d10df9abe2e774896f82b4b4405266 [3mleader_idx[0m[2m=[0m1
[2m2025-12-05T21:55:57.390436Z[0m [34mDEBUG[0m [2mcommonware_consensus::simplex::actors::voter::actor[0m[2m:[0m [2m446:[0m broadcasting notarization [3mproposal[0m[2m=[0mProposal { round: Round { epoch: Epoch(0), view: View(10) }, parent: View(9), payload: 1aa197b8eda91e3f537bc05f266b5acbccd14c731a3a00d9e64909ae015dff6b }
[2m2025-12-05T21:55:57.390763Z[0m [34mDEBUG[0m [2msummit_syncer::actor[0m[2m:[0m [2m617:[0m notarization missing on request [3mround[0m[2m=[0mRound { epoch: Epoch(0), view: View(10) }
[2m2025-12-05T21:55:57.391011Z[0m [34mDEBUG[0m [2mcommonware_resolver::p2p::engine[0m[2m:[0m [2m291:[0m serve failed [3merr[0m[2m=[0mCanceled [3mpeer[0m[2m=[0m5925ba86e2189444a6c3b437b25d2ef35daecd1abf82c5fb36060f9fc0af428c [3mid[0m[2m=[0m1
[2m2025-12-05T21:55:57.391266Z[0m [34mDEBUG[0m [2msummit_syncer::cache[0m[2m:[0m [2m278:[0m cached [3mround[0m[2m=[0mRound { epoch: Epoch(0), view: View(10) } [3mname[0m[2m=[0m"notarization"
[2m2025-12-05T21:55:57.392767Z[0m [34mDEBUG[0m [2msummit_syncer::cache[0m[2m:[0m [2m278:[0m cached [3mround[0m[2m=[0mRound { epoch: Epoch(0), view: View(10) } [3mname[0m[2m=[0m"notarized"
[2m2025-12-05T21:55:57.392900Z[0m [34mDEBUG[0m [2mcommonware_consensus::simplex::actors::voter::round[0m[2m:[0m [2m174:[0m leader elected [3mround[0m[2m=[0mRound { epoch: Epoch(0), view: View(11) } [3mleader[0m[2m=[0m478b8e507e0bb2b18c0f9e0824769e8562d10df9abe2e774896f82b4b4405266 [3mleader_idx[0m[2m=[0m1
[2m2025-12-05T21:55:57.392956Z[0m [34mDEBUG[0m [2mcommonware_consensus::simplex::actors::voter::actor[0m[2m:[0m [2m446:[0m broadcasting notarization [3mproposal[0m[2m=[0mProposal { round: Round { epoch: Epoch(0), view: View(10) }, parent: View(9), payload: 1aa197b8eda91e3f537bc05f266b5acbccd14c731a3a00d9e64909ae015dff6b }
[2m2025-12-05T21:55:57.393578Z[0m [34mDEBUG[0m [2msummit_syncer::actor[0m[2m:[0m [2m617:[0m notarization missing on request [3mround[0m[2m=[0mRound { epoch: Epoch(0), view: View(10) }
[2m2025-12-05T21:55:57.393684Z[0m [34mDEBUG[0m [2msummit_syncer::cache[0m[2m:[0m [2m278:[0m cached [3mround[0m[2m=[0mRound { epoch: Epoch(0), view: View(10) } [3mname[0m[2m=[0m"notarization"
[2m2025-12-05T21:55:57.393797Z[0m [34mDEBUG[0m [2mcommonware_resolver::p2p::engine[0m[2m:[0m [2m291:[0m serve failed [3merr[0m[2m=[0mCanceled [3mpeer[0m[2m=[0medd0f6de342a1e6a7236d6244f23d83eedfcecd059a386c85055701498e77033 [3mid[0m[2m=[0m4
[2m2025-12-05T21:55:57.395218Z[0m [34mDEBUG[0m [2msummit_syncer::cache[0m[2m:[0m [2m278:[0m cached [3mround[0m[2m=[0mRound { epoch: Epoch(0), view: View(10) } [3mname[0m[2m=[0m"notarized"
[2m2025-12-05T21:55:57.396969Z[0m [34mDEBUG[0m [2mcommonware_consensus::simplex::actors::voter::round[0m[2m:[0m [2m174:[0m leader elected [3mround[0m[2m=[0mRound { epoch: Epoch(0), view: View(11) } [3mleader[0m[2m=[0m478b8e507e0bb2b18c0f9e0824769e8562d10df9abe2e774896f82b4b4405266 [3mleader_idx[0m[2m=[0m1
[2m2025-12-05T21:55:57.397026Z[0m [34mDEBUG[0m [2mcommonware_consensus::simplex::actors::voter::actor[0m[2m:[0m [2m479:[0m broadcasting nullification [3mround[0m[2m=[0mRound { epoch: Epoch(0), view: View(10) }
[2m2025-12-05T21:55:57.399454Z[0m [34mDEBUG[0m [2mcommonware_consensus::simplex::actors::voter::round[0m[2m:[0m [2m174:[0m leader elected [3mround[0m[2m=[0mRound { epoch: Epoch(0), view: View(11) } [3mleader[0m[2m=[0m478b8e507e0bb2b18c0f9e0824769e8562d10df9abe2e774896f82b4b4405266 [3mleader_idx[0m[2m=[0m1
[2m2025-12-05T21:55:57.399512Z[0m [34mDEBUG[0m [2mcommonware_consensus::simplex::actors::voter::actor[0m[2m:[0m [2m446:[0m broadcasting notarization [3mproposal[0m[2m=[0mProposal { round: Round { epoch: Epoch(0), view: View(10) }, parent: View(9), payload: 1aa197b8eda91e3f537bc05f266b5acbccd14c731a3a00d9e64909ae015dff6b }
[2m2025-12-05T21:55:57.400426Z[0m [34mDEBUG[0m [2msummit_syncer::cache[0m[2m:[0m [2m278:[0m cached [3mround[0m[2m=[0mRound { epoch: Epoch(0), view: View(10) } [3mname[0m[2m=[0m"notarization"
[2m2025-12-05T21:55:57.400593Z[0m [34mDEBUG[0m [2mcommonware_consensus::simplex::actors::voter::actor[0m[2m:[0m [2m245:[0m requested proposal from automaton [3mround[0m[2m=[0mRound { epoch: Epoch(0), view: View(11) }
[2m2025-12-05T21:55:57.400707Z[0m [34mDEBUG[0m [2mcommonware_consensus::simplex::actors::voter::actor[0m[2m:[0m [2m479:[0m broadcasting nullification [3mround[0m[2m=[0mRound { epoch: Epoch(0), view: View(10) }
[2m2025-12-05T21:55:57.402878Z[0m [34mDEBUG[0m [2msummit_syncer::cache[0m[2m:[0m [2m278:[0m cached [3mround[0m[2m=[0mRound { epoch: Epoch(0), view: View(10) } [3mname[0m[2m=[0m"notarized"
[2m2025-12-05T21:55:57.402918Z[0m [34mDEBUG[0m [2msummit_application::actor[0m[2m:[0m [2m151:[0m 48 application: Handling message Propose for round (0, 11) (epoch 0, view 11), parent height: 10
[2m2025-12-05T21:55:57.403006Z[0m [34mDEBUG[0m [2mcommonware_consensus::simplex::actors::voter::round[0m[2m:[0m [2m174:[0m leader elected [3mround[0m[2m=[0mRound { epoch: Epoch(0), view: View(11) } [3mleader[0m[2m=[0m478b8e507e0bb2b18c0f9e0824769e8562d10df9abe2e774896f82b4b4405266 [3mleader_idx[0m[2m=[0m1
[2m2025-12-05T21:55:57.403065Z[0m [34mDEBUG[0m [2mcommonware_consensus::simplex::actors::voter::actor[0m[2m:[0m [2m446:[0m broadcasting notarization [3mproposal[0m[2m=[0mProposal { round: Round { epoch: Epoch(0), view: View(10) }, parent: View(9), payload: 1aa197b8eda91e3f537bc05f266b5acbccd14c731a3a00d9e64909ae015dff6b }
[2m2025-12-05T21:55:57.404088Z[0m [34mDEBUG[0m [2msummit_syncer::cache[0m[2m:[0m [2m278:[0m cached [3mround[0m[2m=[0mRound { epoch: Epoch(0), view: View(10) } [3mname[0m[2m=[0m"notarization"
[2m2025-12-05T21:55:57.404218Z[0m [33m WARN[0m [2mcommonware_consensus::simplex::actors::voter::actor[0m[2m:[0m [2m473:[0m broadcasting nullification floor [3mfloor[0m[2m=[0mNotarization(Notarization { proposal: Proposal { round: Round { epoch: Epoch(0), view: View(10) }, parent: View(9), payload: 1aa197b8eda91e3f537bc05f266b5acbccd14c731a3a00d9e64909ae015dff6b }, certificate: Certificate { signers: Signers { bitmap: BitMap[11011] }, signature: 88f013ef6ecff2febf97c261c4748fe5aea48f385fbde6ab8d1a54a61fcd9b717843ecb3afc34e86af6016a8e256f7690390d5d982efca21f2eade85c828dcf220f934788c6aa89800462c5fe6848e021efcb9923494ace128e58fb2e10b0bc1 } })
[2m2025-12-05T21:55:57.404432Z[0m [34mDEBUG[0m [2msummit_syncer::cache[0m[2m:[0m [2m278:[0m cached [3mround[0m[2m=[0mRound { epoch: Epoch(0), view: View(10) } [3mname[0m[2m=[0m"notarized"
[2m2025-12-05T21:55:57.404463Z[0m [34mDEBUG[0m [2msummit_application::actor[0m[2m:[0m [2m386:[0m re-proposed parent block at epoch boundary [3mround[0m[2m=[0mRound { epoch: Epoch(0), view: View(11) } [3mdigest[0m[2m=[0m1aa197b8eda91e3f537bc05f266b5acbccd14c731a3a00d9e64909ae015dff6b
[2m2025-12-05T21:55:57.404960Z[0m [34mDEBUG[0m [2mcommonware_consensus::simplex::actors::voter::actor[0m[2m:[0m [2m387:[0m broadcasting notarize [3mproposal[0m[2m=[0mProposal { round: Round { epoch: Epoch(0), view: View(11) }, parent: View(10), payload: 1aa197b8eda91e3f537bc05f266b5acbccd14c731a3a00d9e64909ae015dff6b }
[2m2025-12-05T21:55:57.405177Z[0m [34mDEBUG[0m [2mcommonware_consensus::simplex::actors::voter::actor[0m[2m:[0m [2m479:[0m broadcasting nullification [3mround[0m[2m=[0mRound { epoch: Epoch(0), view: View(10) }
[2m2025-12-05T21:55:57.405246Z[0m [32m INFO[0m [2msummit_application::actor[0m[2m:[0m [2m202:[0m 48 Handling message Broadcast
[2m2025-12-05T21:55:57.406967Z[0m [34mDEBUG[0m [2mcommonware_consensus::simplex::actors::voter::actor[0m[2m:[0m [2m446:[0m broadcasting notarization [3mproposal[0m[2m=[0mProposal { round: Round { epoch: Epoch(0), view: View(10) }, parent: View(9), payload: 1aa197b8eda91e3f537bc05f266b5acbccd14c731a3a00d9e64909ae015dff6b }
[2m2025-12-05T21:55:57.407529Z[0m [34mDEBUG[0m [2msummit_syncer::cache[0m[2m:[0m [2m278:[0m cached [3mround[0m[2m=[0mRound { epoch: Epoch(0), view: View(10) } [3mname[0m[2m=[0m"notarization"
[2m2025-12-05T21:55:57.407657Z[0m [34mDEBUG[0m [2msummit_syncer::cache[0m[2m:[0m [2m278:[0m cached [3mround[0m[2m=[0mRound { epoch: Epoch(0), view: View(10) } [3mname[0m[2m=[0m"notarized"
[2m2025-12-05T21:55:57.409919Z[0m [34mDEBUG[0m [2mcommonware_consensus::simplex::actors::voter::actor[0m[2m:[0m [2m479:[0m broadcasting nullification [3mround[0m[2m=[0mRound { epoch: Epoch(0), view: View(10) }
[2m2025-12-05T21:55:57.413411Z[0m [34mDEBUG[0m [2mcommonware_consensus::simplex::actors::voter::actor[0m[2m:[0m [2m479:[0m broadcasting nullification [3mround[0m[2m=[0mRound { epoch: Epoch(0), view: View(10) }
[2m2025-12-05T21:55:57.415986Z[0m [34mDEBUG[0m [2mcommonware_consensus::simplex::actors::voter::actor[0m[2m:[0m [2m255:[0m requested proposal verification [3mproposal[0m[2m=[0mProposal { round: Round { epoch: Epoch(0), view: View(11) }, parent: View(10), payload: 1aa197b8eda91e3f537bc05f266b5acbccd14c731a3a00d9e64909ae015dff6b }
[2m2025-12-05T21:55:57.416175Z[0m [34mDEBUG[0m [2msummit_application::actor[0m[2m:[0m [2m225:[0m 140 application: Handling message Verify for round (0, 11) (epoch 0, view 11), parent height: 10
[2m2025-12-05T21:55:57.416296Z[0m [34mDEBUG[0m [2mcommonware_consensus::simplex::actors::voter::actor[0m[2m:[0m [2m255:[0m requested proposal verification [3mproposal[0m[2m=[0mProposal { round: Round { epoch: Epoch(0), view: View(11) }, parent: View(10), payload: 1aa197b8eda91e3f537bc05f266b5acbccd14c731a3a00d9e64909ae015dff6b }
[2m2025-12-05T21:55:57.416490Z[0m [34mDEBUG[0m [2msummit_application::actor[0m[2m:[0m [2m225:[0m 125 application: Handling message Verify for round (0, 11) (epoch 0, view 11), parent height: 10
[2m2025-12-05T21:55:57.417999Z[0m [34mDEBUG[0m [2msummit_syncer::cache[0m[2m:[0m [2m278:[0m cached [3mround[0m[2m=[0mRound { epoch: Epoch(0), view: View(11) } [3mname[0m[2m=[0m"verified"
[2m2025-12-05T21:55:57.418368Z[0m [34mDEBUG[0m [2mcommonware_consensus::simplex::actors::voter::actor[0m[2m:[0m [2m387:[0m broadcasting notarize [3mproposal[0m[2m=[0mProposal { round: Round { epoch: Epoch(0), view: View(11) }, parent: View(10), payload: 1aa197b8eda91e3f537bc05f266b5acbccd14c731a3a00d9e64909ae015dff6b }
[2m2025-12-05T21:55:57.419719Z[0m [34mDEBUG[0m [2mcommonware_consensus::simplex::actors::voter::actor[0m[2m:[0m [2m387:[0m broadcasting notarize [3mproposal[0m[2m=[0mProposal { round: Round { epoch: Epoch(0), view: View(11) }, parent: View(10), payload: 1aa197b8eda91e3f537bc05f266b5acbccd14c731a3a00d9e64909ae015dff6b }
[2m2025-12-05T21:55:57.419804Z[0m [34mDEBUG[0m [2mcommonware_consensus::simplex::actors::voter::actor[0m[2m:[0m [2m255:[0m requested proposal verification [3mproposal[0m[2m=[0mProposal { round: Round { epoch: Epoch(0), view: View(11) }, parent: View(10), payload: 1aa197b8eda91e3f537bc05f266b5acbccd14c731a3a00d9e64909ae015dff6b }
[2m2025-12-05T21:55:57.419943Z[0m [34mDEBUG[0m [2msummit_syncer::cache[0m[2m:[0m [2m278:[0m cached [3mround[0m[2m=[0mRound { epoch: Epoch(0), view: View(11) } [3mname[0m[2m=[0m"verified"
[2m2025-12-05T21:55:57.420004Z[0m [34mDEBUG[0m [2msummit_application::actor[0m[2m:[0m [2m225:[0m 155 application: Handling message Verify for round (0, 11) (epoch 0, view 11), parent height: 10
[2m2025-12-05T21:55:57.421678Z[0m [34mDEBUG[0m [2mcommonware_consensus::simplex::actors::voter::actor[0m[2m:[0m [2m255:[0m requested proposal verification [3mproposal[0m[2m=[0mProposal { round: Round { epoch: Epoch(0), view: View(11) }, parent: View(10), payload: 1aa197b8eda91e3f537bc05f266b5acbccd14c731a3a00d9e64909ae015dff6b }
[2m2025-12-05T21:55:57.422060Z[0m [34mDEBUG[0m [2mcommonware_consensus::simplex::actors::voter::actor[0m[2m:[0m [2m387:[0m broadcasting notarize [3mproposal[0m[2m=[0mProposal { round: Round { epoch: Epoch(0), view: View(11) }, parent: View(10), payload: 1aa197b8eda91e3f537bc05f266b5acbccd14c731a3a00d9e64909ae015dff6b }
[2m2025-12-05T21:55:57.422171Z[0m [34mDEBUG[0m [2msummit_syncer::cache[0m[2m:[0m [2m278:[0m cached [3mround[0m[2m=[0mRound { epoch: Epoch(0), view: View(11) } [3mname[0m[2m=[0m"verified"
[2m2025-12-05T21:55:57.422220Z[0m [34mDEBUG[0m [2msummit_application::actor[0m[2m:[0m [2m225:[0m 65 application: Handling message Verify for round (0, 11) (epoch 0, view 11), parent height: 10
[2m2025-12-05T21:55:57.422816Z[0m [34mDEBUG[0m [2msummit_syncer::cache[0m[2m:[0m [2m278:[0m cached [3mround[0m[2m=[0mRound { epoch: Epoch(0), view: View(11) } [3mname[0m[2m=[0m"verified"
[2m2025-12-05T21:55:57.423191Z[0m [34mDEBUG[0m [2mcommonware_consensus::simplex::actors::voter::actor[0m[2m:[0m [2m387:[0m broadcasting notarize [3mproposal[0m[2m=[0mProposal { round: Round { epoch: Epoch(0), view: View(11) }, parent: View(10), payload: 1aa197b8eda91e3f537bc05f266b5acbccd14c731a3a00d9e64909ae015dff6b }
[2m2025-12-05T21:55:57.428747Z[0m [34mDEBUG[0m [2mcommonware_consensus::simplex::actors::voter::round[0m[2m:[0m [2m174:[0m leader elected [3mround[0m[2m=[0mRound { epoch: Epoch(0), view: View(12) } [3mleader[0m[2m=[0m5925ba86e2189444a6c3b437b25d2ef35daecd1abf82c5fb36060f9fc0af428c [3mleader_idx[0m[2m=[0m2
[2m2025-12-05T21:55:57.428813Z[0m [34mDEBUG[0m [2mcommonware_consensus::simplex::actors::voter::actor[0m[2m:[0m [2m446:[0m broadcasting notarization [3mproposal[0m[2m=[0mProposal { round: Round { epoch: Epoch(0), view: View(11) }, parent: View(10), payload: 1aa197b8eda91e3f537bc05f266b5acbccd14c731a3a00d9e64909ae015dff6b }
[2m2025-12-05T21:55:57.430018Z[0m [34mDEBUG[0m [2mcommonware_consensus::simplex::actors::voter::round[0m[2m:[0m [2m174:[0m leader elected [3mround[0m[2m=[0mRound { epoch: Epoch(0), view: View(12) } [3mleader[0m[2m=[0m5925ba86e2189444a6c3b437b25d2ef35daecd1abf82c5fb36060f9fc0af428c [3mleader_idx[0m[2m=[0m2
[2m2025-12-05T21:55:57.430079Z[0m [34mDEBUG[0m [2mcommonware_consensus::simplex::actors::voter::actor[0m[2m:[0m [2m446:[0m broadcasting notarization [3mproposal[0m[2m=[0mProposal { round: Round { epoch: Epoch(0), view: View(11) }, parent: View(10), payload: 1aa197b8eda91e3f537bc05f266b5acbccd14c731a3a00d9e64909ae015dff6b }
[2m2025-12-05T21:55:57.430776Z[0m [34mDEBUG[0m [2mcommonware_consensus::simplex::actors::voter::actor[0m[2m:[0m [2m511:[0m broadcasting finalize [3mproposal[0m[2m=[0mProposal { round: Round { epoch: Epoch(0), view: View(11) }, parent: View(10), payload: 1aa197b8eda91e3f537bc05f266b5acbccd14c731a3a00d9e64909ae015dff6b }
[2m2025-12-05T21:55:57.430926Z[0m [34mDEBUG[0m [2msummit_syncer::cache[0m[2m:[0m [2m278:[0m cached [3mround[0m[2m=[0mRound { epoch: Epoch(0), view: View(11) } [3mname[0m[2m=[0m"notarization"
[2m2025-12-05T21:55:57.431769Z[0m [34mDEBUG[0m [2mcommonware_consensus::simplex::actors::voter::actor[0m[2m:[0m [2m511:[0m broadcasting finalize [3mproposal[0m[2m=[0mProposal { round: Round { epoch: Epoch(0), view: View(11) }, parent: View(10), payload: 1aa197b8eda91e3f537bc05f266b5acbccd14c731a3a00d9e64909ae015dff6b }
[2m2025-12-05T21:55:57.432949Z[0m [34mDEBUG[0m [2msummit_syncer::cache[0m[2m:[0m [2m278:[0m cached [3mround[0m[2m=[0mRound { epoch: Epoch(0), view: View(11) } [3mname[0m[2m=[0m"notarization"
[2m2025-12-05T21:55:57.433095Z[0m [34mDEBUG[0m [2msummit_syncer::cache[0m[2m:[0m [2m278:[0m cached [3mround[0m[2m=[0mRound { epoch: Epoch(0), view: View(11) } [3mname[0m[2m=[0m"notarized"
[2m2025-12-05T21:55:57.433224Z[0m [34mDEBUG[0m [2mcommonware_consensus::simplex::actors::voter::round[0m[2m:[0m [2m174:[0m leader elected [3mround[0m[2m=[0mRound { epoch: Epoch(0), view: View(12) } [3mleader[0m[2m=[0m5925ba86e2189444a6c3b437b25d2ef35daecd1abf82c5fb36060f9fc0af428c [3mleader_idx[0m[2m=[0m2
[2m2025-12-05T21:55:57.433281Z[0m [34mDEBUG[0m [2mcommonware_consensus::simplex::actors::voter::actor[0m[2m:[0m [2m446:[0m broadcasting notarization [3mproposal[0m[2m=[0mProposal { round: Round { epoch: Epoch(0), view: View(11) }, parent: View(10), payload: 1aa197b8eda91e3f537bc05f266b5acbccd14c731a3a00d9e64909ae015dff6b }
[2m2025-12-05T21:55:57.433674Z[0m [34mDEBUG[0m [2msummit_syncer::cache[0m[2m:[0m [2m278:[0m cached [3mround[0m[2m=[0mRound { epoch: Epoch(0), view: View(11) } [3mname[0m[2m=[0m"notarized"
[2m2025-12-05T21:55:57.434467Z[0m [34mDEBUG[0m [2mcommonware_consensus::simplex::actors::voter::actor[0m[2m:[0m [2m511:[0m broadcasting finalize [3mproposal[0m[2m=[0mProposal { round: Round { epoch: Epoch(0), view: View(11) }, parent: View(10), payload: 1aa197b8eda91e3f537bc05f266b5acbccd14c731a3a00d9e64909ae015dff6b }
[2m2025-12-05T21:55:57.434607Z[0m [34mDEBUG[0m [2msummit_syncer::cache[0m[2m:[0m [2m278:[0m cached [3mround[0m[2m=[0mRound { epoch: Epoch(0), view: View(11) } [3mname[0m[2m=[0m"notarization"
[2m2025-12-05T21:55:57.436057Z[0m [34mDEBUG[0m [2msummit_syncer::cache[0m[2m:[0m [2m278:[0m cached [3mround[0m[2m=[0mRound { epoch: Epoch(0), view: View(11) } [3mname[0m[2m=[0m"notarized"
[2m2025-12-05T21:55:57.436147Z[0m [34mDEBUG[0m [2mcommonware_consensus::simplex::actors::voter::round[0m[2m:[0m [2m174:[0m leader elected [3mround[0m[2m=[0mRound { epoch: Epoch(0), view: View(12) } [3mleader[0m[2m=[0m5925ba86e2189444a6c3b437b25d2ef35daecd1abf82c5fb36060f9fc0af428c [3mleader_idx[0m[2m=[0m2
[2m2025-12-05T21:55:57.436201Z[0m [34mDEBUG[0m [2mcommonware_consensus::simplex::actors::voter::actor[0m[2m:[0m [2m446:[0m broadcasting notarization [3mproposal[0m[2m=[0mProposal { round: Round { epoch: Epoch(0), view: View(11) }, parent: View(10), payload: 1aa197b8eda91e3f537bc05f266b5acbccd14c731a3a00d9e64909ae015dff6b }
[2m2025-12-05T21:55:57.436395Z[0m [34mDEBUG[0m [2mcommonware_consensus::simplex::actors::voter::actor[0m[2m:[0m [2m245:[0m requested proposal from automaton [3mround[0m[2m=[0mRound { epoch: Epoch(0), view: View(12) }
[2m2025-12-05T21:55:57.437509Z[0m [34mDEBUG[0m [2msummit_application::actor[0m[2m:[0m [2m151:[0m 140 application: Handling message Propose for round (0, 12) (epoch 0, view 12), parent height: 11
[2m2025-12-05T21:55:57.437891Z[0m [34mDEBUG[0m [2mcommonware_consensus::simplex::actors::voter::actor[0m[2m:[0m [2m511:[0m broadcasting finalize [3mproposal[0m[2m=[0mProposal { round: Round { epoch: Epoch(0), view: View(11) }, parent: View(10), payload: 1aa197b8eda91e3f537bc05f266b5acbccd14c731a3a00d9e64909ae015dff6b }
[2m2025-12-05T21:55:57.438018Z[0m [34mDEBUG[0m [2msummit_syncer::cache[0m[2m:[0m [2m278:[0m cached [3mround[0m[2m=[0mRound { epoch: Epoch(0), view: View(11) } [3mname[0m[2m=[0m"notarization"
[2m2025-12-05T21:55:57.438154Z[0m [34mDEBUG[0m [2mcommonware_consensus::simplex::actors::voter::round[0m[2m:[0m [2m174:[0m leader elected [3mround[0m[2m=[0mRound { epoch: Epoch(0), view: View(12) } [3mleader[0m[2m=[0m5925ba86e2189444a6c3b437b25d2ef35daecd1abf82c5fb36060f9fc0af428c [3mleader_idx[0m[2m=[0m2
[2m2025-12-05T21:55:57.438210Z[0m [34mDEBUG[0m [2mcommonware_consensus::simplex::actors::voter::actor[0m[2m:[0m [2m446:[0m broadcasting notarization [3mproposal[0m[2m=[0mProposal { round: Round { epoch: Epoch(0), view: View(11) }, parent: View(10), payload: 1aa197b8eda91e3f537bc05f266b5acbccd14c731a3a00d9e64909ae015dff6b }
[2m2025-12-05T21:55:57.438681Z[0m [34mDEBUG[0m [2msummit_syncer::cache[0m[2m:[0m [2m278:[0m cached [3mround[0m[2m=[0mRound { epoch: Epoch(0), view: View(11) } [3mname[0m[2m=[0m"notarized"
[2m2025-12-05T21:55:57.439320Z[0m [34mDEBUG[0m [2mcommonware_consensus::simplex::actors::voter::actor[0m[2m:[0m [2m511:[0m broadcasting finalize [3mproposal[0m[2m=[0mProposal { round: Round { epoch: Epoch(0), view: View(11) }, parent: View(10), payload: 1aa197b8eda91e3f537bc05f266b5acbccd14c731a3a00d9e64909ae015dff6b }
[2m2025-12-05T21:55:57.439531Z[0m [34mDEBUG[0m [2msummit_syncer::cache[0m[2m:[0m [2m278:[0m cached [3mround[0m[2m=[0mRound { epoch: Epoch(0), view: View(11) } [3mname[0m[2m=[0m"notarization"
[2m2025-12-05T21:55:57.439738Z[0m [34mDEBUG[0m [2msummit_application::actor[0m[2m:[0m [2m386:[0m re-proposed parent block at epoch boundary [3mround[0m[2m=[0mRound { epoch: Epoch(0), view: View(12) } [3mdigest[0m[2m=[0m1aa197b8eda91e3f537bc05f266b5acbccd14c731a3a00d9e64909ae015dff6b
[2m2025-12-05T21:55:57.439895Z[0m [34mDEBUG[0m [2msummit_syncer::cache[0m[2m:[0m [2m278:[0m cached [3mround[0m[2m=[0mRound { epoch: Epoch(0), view: View(11) } [3mname[0m[2m=[0m"notarized"
[2m2025-12-05T21:55:57.440290Z[0m [34mDEBUG[0m [2mcommonware_consensus::simplex::actors::voter::actor[0m[2m:[0m [2m387:[0m broadcasting notarize [3mproposal[0m[2m=[0mProposal { round: Round { epoch: Epoch(0), view: View(12) }, parent: View(11), payload: 1aa197b8eda91e3f537bc05f266b5acbccd14c731a3a00d9e64909ae015dff6b }
[2m2025-12-05T21:55:57.440426Z[0m [32m INFO[0m [2msummit_application::actor[0m[2m:[0m [2m202:[0m 140 Handling message Broadcast
[2m2025-12-05T21:55:57.445889Z[0m [34mDEBUG[0m [2mcommonware_consensus::simplex::actors::voter::actor[0m[2m:[0m [2m545:[0m broadcasting finalization [3mproposal[0m[2m=[0mProposal { round: Round { epoch: Epoch(0), view: View(11) }, parent: View(10), payload: 1aa197b8eda91e3f537bc05f266b5acbccd14c731a3a00d9e64909ae015dff6b }
[2m2025-12-05T21:55:57.446601Z[0m [34mDEBUG[0m [2msummit_syncer::cache[0m[2m:[0m [2m278:[0m cached [3mround[0m[2m=[0mRound { epoch: Epoch(0), view: View(11) } [3mname[0m[2m=[0m"finalization"
[2m2025-12-05T21:55:57.447773Z[0m [34mDEBUG[0m [2mcommonware_consensus::simplex::actors::voter::actor[0m[2m:[0m [2m255:[0m requested proposal verification [3mproposal[0m[2m=[0mProposal { round: Round { epoch: Epoch(0), view: View(12) }, parent: View(11), payload: 1aa197b8eda91e3f537bc05f266b5acbccd14c731a3a00d9e64909ae015dff6b }
[2m2025-12-05T21:55:57.448215Z[0m [34mDEBUG[0m [2msummit_application::actor[0m[2m:[0m [2m225:[0m 65 application: Handling message Verify for round (0, 12) (epoch 0, view 12), parent height: 11
[2m2025-12-05T21:55:57.465516Z[0m [34mDEBUG[0m [2msummit_syncer::actor[0m[2m:[0m [2m454:[0m finalized block stored [3mround[0m[2m=[0mRound { epoch: Epoch(0), view: View(11) } [3mheight[0m[2m=[0m9
[2m2025-12-05T21:55:57.465945Z[0m [32m INFO[0m [2msummit_finalizer::actor[0m[2m:[0m [2m275:[0m Commiting block 0x546c56aac07d53a3ac3b173ba33765a72bf3ad901fbc0f723a3958443d630cbc for height 9
[2m2025-12-05T21:55:57.466697Z[0m [32m INFO[0m [2msummit_finalizer::actor[0m[2m:[0m [2m504:[0m finalized block [3mnew_height[0m[2m=[0m9 [3mself.state.epoch[0m[2m=[0m1
[2m2025-12-05T21:55:57.467910Z[0m [34mDEBUG[0m [2mcommonware_consensus::simplex::actors::voter::actor[0m[2m:[0m [2m545:[0m broadcasting finalization [3mproposal[0m[2m=[0mProposal { round: Round { epoch: Epoch(0), view: View(11) }, parent: View(10), payload: 1aa197b8eda91e3f537bc05f266b5acbccd14c731a3a00d9e64909ae015dff6b }
[2m2025-12-05T21:55:57.468157Z[0m [34mDEBUG[0m [2msummit_syncer::cache[0m[2m:[0m [2m60:[0m pruned archives [3mmin_view[0m[2m=[0m0
[2m2025-12-05T21:55:57.470331Z[0m [34mDEBUG[0m [2msummit_syncer::cache[0m[2m:[0m [2m278:[0m cached [3mround[0m[2m=[0mRound { epoch: Epoch(0), view: View(11) } [3mname[0m[2m=[0m"finalization"
[2m2025-12-05T21:55:57.470539Z[0m [32m INFO[0m [2msummit_application::actor[0m[2m:[0m [2m279:[0m Unsuccessful vote for round (0, 12)
[2m2025-12-05T21:55:57.472754Z[0m [34mDEBUG[0m [2mcommonware_consensus::simplex::actors::voter::actor[0m[2m:[0m [2m843:[0m proposal failed verification [3mround[0m[2m=[0mRound { epoch: Epoch(0), view: View(12) }
[2m2025-12-05T21:55:57.494442Z[0m [34mDEBUG[0m [2msummit_syncer::actor[0m[2m:[0m [2m454:[0m finalized block stored [3mround[0m[2m=[0mRound { epoch: Epoch(0), view: View(11) } [3mheight[0m[2m=[0m9
[2m2025-12-05T21:55:57.494575Z[0m [32m INFO[0m [2msummit_orchestrator::actor[0m[2m:[0m [2m402:[0m orchestrator: starting Simplex engine for epoch 1
[2m2025-12-05T21:55:57.494631Z[0m [32m INFO[0m [2msummit_orchestrator::actor[0m[2m:[0m [2m332:[0m entered epoch [3mepoch[0m[2m=[0m1
[2m2025-12-05T21:55:57.494679Z[0m [32m INFO[0m [2msummit_orchestrator::actor[0m[2m:[0m [2m345:[0m exited epoch [3mepoch[0m[2m=[0m0
[2m2025-12-05T21:55:57.495151Z[0m [34mDEBUG[0m [2mcommonware_consensus::simplex::actors::voter::actor[0m[2m:[0m [2m545:[0m broadcasting finalization [3mproposal[0m[2m=[0mProposal { round: Round { epoch: Epoch(0), view: View(11) }, parent: View(10), payload: 1aa197b8eda91e3f537bc05f266b5acbccd14c731a3a00d9e64909ae015dff6b }
[2m2025-12-05T21:55:57.495280Z[0m [34mDEBUG[0m [2mcommonware_consensus::simplex::actors::voter::actor[0m[2m:[0m [2m255:[0m requested proposal verification [3mproposal[0m[2m=[0mProposal { round: Round { epoch: Epoch(0), view: View(12) }, parent: View(11), payload: 1aa197b8eda91e3f537bc05f266b5acbccd14c731a3a00d9e64909ae015dff6b }
[2m2025-12-05T21:55:57.495370Z[0m [34mDEBUG[0m [2msummit_application::actor[0m[2m:[0m [2m225:[0m 48 application: Handling message Verify for round (0, 12) (epoch 0, view 12), parent height: 11
[2m2025-12-05T21:55:57.495546Z[0m [32m INFO[0m [2msummit_finalizer::actor[0m[2m:[0m [2m275:[0m Commiting block 0x546c56aac07d53a3ac3b173ba33765a72bf3ad901fbc0f723a3958443d630cbc for height 9
[2m2025-12-05T21:55:57.496333Z[0m [32m INFO[0m [2msummit_finalizer::actor[0m[2m:[0m [2m504:[0m finalized block [3mnew_height[0m[2m=[0m9 [3mself.state.epoch[0m[2m=[0m1
[2m2025-12-05T21:55:57.497611Z[0m [33m WARN[0m [2mcommonware_p2p::simulated::network[0m[2m:[0m [2m249:[0m peer set already exists [3mid[0m[2m=[0m1
[2m2025-12-05T21:55:57.498056Z[0m [34mDEBUG[0m [2msummit_syncer::cache[0m[2m:[0m [2m60:[0m pruned archives [3mmin_view[0m[2m=[0m0
[2m2025-12-05T21:55:57.499526Z[0m [34mDEBUG[0m [2msummit_syncer::cache[0m[2m:[0m [2m278:[0m cached [3mround[0m[2m=[0mRound { epoch: Epoch(0), view: View(11) } [3mname[0m[2m=[0m"finalization"
[2m2025-12-05T21:55:57.499734Z[0m [34mDEBUG[0m [2mcommonware_consensus::simplex::actors::voter::actor[0m[2m:[0m [2m545:[0m broadcasting finalization [3mproposal[0m[2m=[0mProposal { round: Round { epoch: Epoch(0), view: View(11) }, parent: View(10), payload: 1aa197b8eda91e3f537bc05f266b5acbccd14c731a3a00d9e64909ae015dff6b }
[2m2025-12-05T21:55:57.499884Z[0m [34mDEBUG[0m [2mcommonware_consensus::simplex::actors::voter::round[0m[2m:[0m [2m174:[0m leader elected [3mround[0m[2m=[0mRound { epoch: Epoch(1), view: View(1) } [3mleader[0m[2m=[0m5925ba86e2189444a6c3b437b25d2ef35daecd1abf82c5fb36060f9fc0af428c [3mleader_idx[0m[2m=[0m2
[2m2025-12-05T21:55:57.499946Z[0m [32m INFO[0m [2mcommonware_consensus::simplex::actors::voter::actor[0m[2m:[0m [2m715:[0m consensus initialized [3mcurrent_view[0m[2m=[0m1 [3melapsed[0m[2m=[0m0ns
[2m2025-12-05T21:55:57.520986Z[0m [34mDEBUG[0m [2msummit_syncer::actor[0m[2m:[0m [2m454:[0m finalized block stored [3mround[0m[2m=[0mRound { epoch: Epoch(0), view: View(11) } [3mheight[0m[2m=[0m9
[2m2025-12-05T21:55:57.521267Z[0m [32m INFO[0m [2msummit_finalizer::actor[0m[2m:[0m [2m275:[0m Commiting block 0x546c56aac07d53a3ac3b173ba33765a72bf3ad901fbc0f723a3958443d630cbc for height 9
[2m2025-12-05T21:55:57.522028Z[0m [32m INFO[0m [2msummit_finalizer::actor[0m[2m:[0m [2m504:[0m finalized block [3mnew_height[0m[2m=[0m9 [3mself.state.epoch[0m[2m=[0m1
[2m2025-12-05T21:55:57.522086Z[0m [33m WARN[0m [2mcommonware_p2p::simulated::network[0m[2m:[0m [2m249:[0m peer set already exists [3mid[0m[2m=[0m1
[2m2025-12-05T21:55:57.522465Z[0m [32m INFO[0m [2msummit_orchestrator::actor[0m[2m:[0m [2m402:[0m orchestrator: starting Simplex engine for epoch 1
[2m2025-12-05T21:55:57.522488Z[0m [32m INFO[0m [2msummit_orchestrator::actor[0m[2m:[0m [2m332:[0m entered epoch [3mepoch[0m[2m=[0m1
[2m2025-12-05T21:55:57.522507Z[0m [32m INFO[0m [2msummit_orchestrator::actor[0m[2m:[0m [2m345:[0m exited epoch [3mepoch[0m[2m=[0m0
[2m2025-12-05T21:55:57.523425Z[0m [34mDEBUG[0m [2mcommonware_consensus::simplex::actors::voter::actor[0m[2m:[0m [2m281:[0m broadcasting nullify [3mround[0m[2m=[0mRound { epoch: Epoch(1), view: View(1) }
[2m2025-12-05T21:55:57.523770Z[0m [34mDEBUG[0m [2msummit_syncer::cache[0m[2m:[0m [2m60:[0m pruned archives [3mmin_view[0m[2m=[0m0
[2m2025-12-05T21:55:57.524007Z[0m [34mDEBUG[0m [2msummit_syncer::cache[0m[2m:[0m [2m278:[0m cached [3mround[0m[2m=[0mRound { epoch: Epoch(0), view: View(11) } [3mname[0m[2m=[0m"finalization"
[2m2025-12-05T21:55:57.524491Z[0m [34mDEBUG[0m [2mcommonware_consensus::simplex::actors::voter::actor[0m[2m:[0m [2m387:[0m broadcasting notarize [3mproposal[0m[2m=[0mProposal { round: Round { epoch: Epoch(0), view: View(12) }, parent: View(11), payload: 1aa197b8eda91e3f537bc05f266b5acbccd14c731a3a00d9e64909ae015dff6b }
[2m2025-12-05T21:55:57.544462Z[0m [34mDEBUG[0m [2msummit_syncer::actor[0m[2m:[0m [2m454:[0m finalized block stored [3mround[0m[2m=[0mRound { epoch: Epoch(0), view: View(11) } [3mheight[0m[2m=[0m9
[2m2025-12-05T21:55:57.544639Z[0m [34mDEBUG[0m [2msummit_syncer::cache[0m[2m:[0m [2m278:[0m cached [3mround[0m[2m=[0mRound { epoch: Epoch(0), view: View(12) } [3mname[0m[2m=[0m"verified"
[2m2025-12-05T21:55:57.544775Z[0m [34mDEBUG[0m [2mcommonware_consensus::simplex::actors::voter::actor[0m[2m:[0m [2m255:[0m requested proposal verification [3mproposal[0m[2m=[0mProposal { round: Round { epoch: Epoch(0), view: View(12) }, parent: View(11), payload: 1aa197b8eda91e3f537bc05f266b5acbccd14c731a3a00d9e64909ae015dff6b }
[2m2025-12-05T21:55:57.545425Z[0m [34mDEBUG[0m [2msummit_application::actor[0m[2m:[0m [2m225:[0m 155 application: Handling message Verify for round (0, 12) (epoch 0, view 12), parent height: 11
[2m2025-12-05T21:55:57.545622Z[0m [32m INFO[0m [2msummit_finalizer::actor[0m[2m:[0m [2m275:[0m Commiting block 0x546c56aac07d53a3ac3b173ba33765a72bf3ad901fbc0f723a3958443d630cbc for height 9
[2m2025-12-05T21:55:57.546337Z[0m [32m INFO[0m [2msummit_finalizer::actor[0m[2m:[0m [2m504:[0m finalized block [3mnew_height[0m[2m=[0m9 [3mself.state.epoch[0m[2m=[0m1
[2m2025-12-05T21:55:57.546387Z[0m [33m WARN[0m [2mcommonware_p2p::simulated::network[0m[2m:[0m [2m249:[0m peer set already exists [3mid[0m[2m=[0m1
[2m2025-12-05T21:55:57.547169Z[0m [34mDEBUG[0m [2msummit_syncer::cache[0m[2m:[0m [2m60:[0m pruned archives [3mmin_view[0m[2m=[0m0
[2m2025-12-05T21:55:57.547213Z[0m [34mDEBUG[0m [2mcommonware_consensus::simplex::actors::voter::round[0m[2m:[0m [2m174:[0m leader elected [3mround[0m[2m=[0mRound { epoch: Epoch(1), view: View(1) } [3mleader[0m[2m=[0m5925ba86e2189444a6c3b437b25d2ef35daecd1abf82c5fb36060f9fc0af428c [3mleader_idx[0m[2m=[0m2
[2m2025-12-05T21:55:57.547269Z[0m [32m INFO[0m [2mcommonware_consensus::simplex::actors::voter::actor[0m[2m:[0m [2m715:[0m consensus initialized [3mcurrent_view[0m[2m=[0m1 [3melapsed[0m[2m=[0m0ns
[2m2025-12-05T21:55:57.547291Z[0m [32m INFO[0m [2msummit_orchestrator::actor[0m[2m:[0m [2m402:[0m orchestrator: starting Simplex engine for epoch 1
[2m2025-12-05T21:55:57.547305Z[0m [32m INFO[0m [2msummit_orchestrator::actor[0m[2m:[0m [2m332:[0m entered epoch [3mepoch[0m[2m=[0m1
[2m2025-12-05T21:55:57.547322Z[0m [32m INFO[0m [2msummit_orchestrator::actor[0m[2m:[0m [2m345:[0m exited epoch [3mepoch[0m[2m=[0m0
[2m2025-12-05T21:55:57.547743Z[0m [34mDEBUG[0m [2mcommonware_consensus::simplex::actors::voter::actor[0m[2m:[0m [2m245:[0m requested proposal from automaton [3mround[0m[2m=[0mRound { epoch: Epoch(1), view: View(1) }
[2m2025-12-05T21:55:57.548122Z[0m [34mDEBUG[0m [2mcommonware_consensus::simplex::actors::voter::actor[0m[2m:[0m [2m281:[0m broadcasting nullify [3mround[0m[2m=[0mRound { epoch: Epoch(1), view: View(1) }
[2m2025-12-05T21:55:57.548514Z[0m [34mDEBUG[0m [2msummit_application::actor[0m[2m:[0m [2m151:[0m 140 application: Handling message Propose for round (1, 1) (epoch 1, view 1), parent height: 0
[2m2025-12-05T21:55:57.548925Z[0m [32m INFO[0m [2msummit_orchestrator::actor[0m[2m:[0m [2m402:[0m orchestrator: starting Simplex engine for epoch 1
[2m2025-12-05T21:55:57.548943Z[0m [32m INFO[0m [2msummit_orchestrator::actor[0m[2m:[0m [2m332:[0m entered epoch [3mepoch[0m[2m=[0m1
[2m2025-12-05T21:55:57.548955Z[0m [32m INFO[0m [2msummit_orchestrator::actor[0m[2m:[0m [2m345:[0m exited epoch [3mepoch[0m[2m=[0m0
[2m2025-12-05T21:55:57.549037Z[0m [34mDEBUG[0m [2mcommonware_consensus::simplex::actors::voter::round[0m[2m:[0m [2m174:[0m leader elected [3mround[0m[2m=[0mRound { epoch: Epoch(1), view: View(1) } [3mleader[0m[2m=[0m5925ba86e2189444a6c3b437b25d2ef35daecd1abf82c5fb36060f9fc0af428c [3mleader_idx[0m[2m=[0m2
[2m2025-12-05T21:55:57.549081Z[0m [32m INFO[0m [2mcommonware_consensus::simplex::actors::voter::actor[0m[2m:[0m [2m715:[0m consensus initialized [3mcurrent_view[0m[2m=[0m1 [3melapsed[0m[2m=[0m0ns
[2m2025-12-05T21:55:57.549270Z[0m [34mDEBUG[0m [2msummit_syncer::cache[0m[2m:[0m [2m278:[0m cached [3mround[0m[2m=[0mRound { epoch: Epoch(0), view: View(12) } [3mname[0m[2m=[0m"verified"
[2m2025-12-05T21:55:57.549731Z[0m [34mDEBUG[0m [2mcommonware_consensus::simplex::actors::voter::actor[0m[2m:[0m [2m387:[0m broadcasting notarize [3mproposal[0m[2m=[0mProposal { round: Round { epoch: Epoch(0), view: View(12) }, parent: View(11), payload: 1aa197b8eda91e3f537bc05f266b5acbccd14c731a3a00d9e64909ae015dff6b }
[2m2025-12-05T21:55:57.550551Z[0m [34mDEBUG[0m [2mcommonware_consensus::simplex::actors::voter::actor[0m[2m:[0m [2m281:[0m broadcasting nullify [3mround[0m[2m=[0mRound { epoch: Epoch(1), view: View(1) }
[2m2025-12-05T21:55:57.551312Z[0m [34mDEBUG[0m [2mcommonware_consensus::simplex::actors::voter::round[0m[2m:[0m [2m174:[0m leader elected [3mround[0m[2m=[0mRound { epoch: Epoch(1), view: View(1) } [3mleader[0m[2m=[0m5925ba86e2189444a6c3b437b25d2ef35daecd1abf82c5fb36060f9fc0af428c [3mleader_idx[0m[2m=[0m2
[2m2025-12-05T21:55:57.551358Z[0m [32m INFO[0m [2mcommonware_consensus::simplex::actors::voter::actor[0m[2m:[0m [2m715:[0m consensus initialized [3mcurrent_view[0m[2m=[0m1 [3melapsed[0m[2m=[0m0ns
[2m2025-12-05T21:55:57.551758Z[0m [34mDEBUG[0m [2mcommonware_consensus::simplex::actors::voter::actor[0m[2m:[0m [2m281:[0m broadcasting nullify [3mround[0m[2m=[0mRound { epoch: Epoch(1), view: View(1) }
[2m2025-12-05T21:55:57.552934Z[0m [33m WARN[0m [2mcommonware_consensus::simplex::actors::voter::actor[0m[2m:[0m [2m826:[0m dropped our proposal [3mround[0m[2m=[0mRound { epoch: Epoch(1), view: View(1) }
[2m2025-12-05T21:55:57.554568Z[0m [34mDEBUG[0m [2mcommonware_consensus::simplex::actors::voter::actor[0m[2m:[0m [2m545:[0m broadcasting finalization [3mproposal[0m[2m=[0mProposal { round: Round { epoch: Epoch(0), view: View(11) }, parent: View(10), payload: 1aa197b8eda91e3f537bc05f266b5acbccd14c731a3a00d9e64909ae015dff6b }
[2m2025-12-05T21:55:57.554609Z[0m [34mDEBUG[0m [2msummit_orchestrator::actor[0m[2m:[0m [2m226:[0m received message from past epoch [3mtheir_epoch[0m[2m=[0m0 [3mour_epoch[0m[2m=[0m1 [3mfrom[0m[2m=[0mec8924090e507c2d8371d2fb0bf965d553e6e5756aeec6c274df3801cf2b49b9
[2m2025-12-05T21:55:57.554867Z[0m [34mDEBUG[0m [2msummit_orchestrator::actor[0m[2m:[0m [2m226:[0m received message from past epoch [3mtheir_epoch[0m[2m=[0m0 [3mour_epoch[0m[2m=[0m1 [3mfrom[0m[2m=[0m478b8e507e0bb2b18c0f9e0824769e8562d10df9abe2e774896f82b4b4405266
[2m2025-12-05T21:55:57.555573Z[0m [34mDEBUG[0m [2msummit_syncer::cache[0m[2m:[0m [2m278:[0m cached [3mround[0m[2m=[0mRound { epoch: Epoch(0), view: View(11) } [3mname[0m[2m=[0m"finalization"
[2m2025-12-05T21:55:57.555600Z[0m [34mDEBUG[0m [2msummit_orchestrator::actor[0m[2m:[0m [2m241:[0m received backup message from future epoch, requesting orchestrator [3mtheir_epoch[0m[2m=[0m1 [3mfrom[0m[2m=[0m1c0c1c72c52dbd38c741a2c1989e02a41b388348011566b914a1ed6932b8f880
[2m2025-12-05T21:55:57.575281Z[0m [34mDEBUG[0m [2msummit_syncer::actor[0m[2m:[0m [2m454:[0m finalized block stored [3mround[0m[2m=[0mRound { epoch: Epoch(0), view: View(11) } [3mheight[0m[2m=[0m9
[2m2025-12-05T21:55:57.575415Z[0m [32m INFO[0m [2msummit_finalizer::actor[0m[2m:[0m [2m275:[0m Commiting block 0x546c56aac07d53a3ac3b173ba33765a72bf3ad901fbc0f723a3958443d630cbc for height 9
[2m2025-12-05T21:55:57.576165Z[0m [32m INFO[0m [2msummit_finalizer::actor[0m[2m:[0m [2m504:[0m finalized block [3mnew_height[0m[2m=[0m9 [3mself.state.epoch[0m[2m=[0m1
[2m2025-12-05T21:55:57.576907Z[0m [33m WARN[0m [2mcommonware_p2p::simulated::network[0m[2m:[0m [2m249:[0m peer set already exists [3mid[0m[2m=[0m1
[2m2025-12-05T21:55:57.577140Z[0m [34mDEBUG[0m [2msummit_syncer::cache[0m[2m:[0m [2m60:[0m pruned archives [3mmin_view[0m[2m=[0m0
[2m2025-12-05T21:55:57.579862Z[0m [32m INFO[0m [2msummit_orchestrator::actor[0m[2m:[0m [2m402:[0m orchestrator: starting Simplex engine for epoch 1
[2m2025-12-05T21:55:57.579889Z[0m [32m INFO[0m [2msummit_orchestrator::actor[0m[2m:[0m [2m332:[0m entered epoch [3mepoch[0m[2m=[0m1
[2m2025-12-05T21:55:57.579904Z[0m [32m INFO[0m [2msummit_orchestrator::actor[0m[2m:[0m [2m345:[0m exited epoch [3mepoch[0m[2m=[0m0
[2m2025-12-05T21:55:57.581304Z[0m [34mDEBUG[0m [2msummit_orchestrator::actor[0m[2m:[0m [2m226:[0m received message from past epoch [3mtheir_epoch[0m[2m=[0m0 [3mour_epoch[0m[2m=[0m1 [3mfrom[0m[2m=[0mec8924090e507c2d8371d2fb0bf965d553e6e5756aeec6c274df3801cf2b49b9
[2m2025-12-05T21:55:57.582924Z[0m [34mDEBUG[0m [2msummit_orchestrator::actor[0m[2m:[0m [2m226:[0m received message from past epoch [3mtheir_epoch[0m[2m=[0m0 [3mour_epoch[0m[2m=[0m1 [3mfrom[0m[2m=[0mec8924090e507c2d8371d2fb0bf965d553e6e5756aeec6c274df3801cf2b49b9
[2m2025-12-05T21:55:57.583093Z[0m [34mDEBUG[0m [2mcommonware_consensus::simplex::actors::voter::round[0m[2m:[0m [2m174:[0m leader elected [3mround[0m[2m=[0mRound { epoch: Epoch(1), view: View(1) } [3mleader[0m[2m=[0m5925ba86e2189444a6c3b437b25d2ef35daecd1abf82c5fb36060f9fc0af428c [3mleader_idx[0m[2m=[0m2
[2m2025-12-05T21:55:57.583142Z[0m [32m INFO[0m [2mcommonware_consensus::simplex::actors::voter::actor[0m[2m:[0m [2m715:[0m consensus initialized [3mcurrent_view[0m[2m=[0m1 [3melapsed[0m[2m=[0m0ns
[2m2025-12-05T21:55:57.583164Z[0m [34mDEBUG[0m [2msummit_orchestrator::actor[0m[2m:[0m [2m226:[0m received message from past epoch [3mtheir_epoch[0m[2m=[0m0 [3mour_epoch[0m[2m=[0m1 [3mfrom[0m[2m=[0m478b8e507e0bb2b18c0f9e0824769e8562d10df9abe2e774896f82b4b4405266
[2m2025-12-05T21:55:57.583223Z[0m [34mDEBUG[0m [2msummit_orchestrator::actor[0m[2m:[0m [2m226:[0m received message from past epoch [3mtheir_epoch[0m[2m=[0m0 [3mour_epoch[0m[2m=[0m1 [3mfrom[0m[2m=[0m478b8e507e0bb2b18c0f9e0824769e8562d10df9abe2e774896f82b4b4405266
[2m2025-12-05T21:55:57.583638Z[0m [34mDEBUG[0m [2mcommonware_consensus::simplex::actors::voter::actor[0m[2m:[0m [2m281:[0m broadcasting nullify [3mround[0m[2m=[0mRound { epoch: Epoch(1), view: View(1) }
[2m2025-12-05T21:55:57.585593Z[0m [34mDEBUG[0m [2mcommonware_consensus::simplex::actors::voter::round[0m[2m:[0m [2m174:[0m leader elected [3mround[0m[2m=[0mRound { epoch: Epoch(1), view: View(2) } [3mleader[0m[2m=[0mec8924090e507c2d8371d2fb0bf965d553e6e5756aeec6c274df3801cf2b49b9 [3mleader_idx[0m[2m=[0m3
[2m2025-12-05T21:55:57.585652Z[0m [34mDEBUG[0m [2mcommonware_consensus::simplex::actors::voter::actor[0m[2m:[0m [2m479:[0m broadcasting nullification [3mround[0m[2m=[0mRound { epoch: Epoch(1), view: View(1) }
[2m2025-12-05T21:55:57.591488Z[0m [34mDEBUG[0m [2mcommonware_consensus::simplex::actors::voter::round[0m[2m:[0m [2m174:[0m leader elected [3mround[0m[2m=[0mRound { epoch: Epoch(1), view: View(2) } [3mleader[0m[2m=[0mec8924090e507c2d8371d2fb0bf965d553e6e5756aeec6c274df3801cf2b49b9 [3mleader_idx[0m[2m=[0m3
[2m2025-12-05T21:55:57.591546Z[0m [34mDEBUG[0m [2mcommonware_consensus::simplex::actors::voter::actor[0m[2m:[0m [2m479:[0m broadcasting nullification [3mround[0m[2m=[0mRound { epoch: Epoch(1), view: View(1) }
[2m2025-12-05T21:55:57.593467Z[0m [34mDEBUG[0m [2mcommonware_consensus::simplex::actors::voter::round[0m[2m:[0m [2m174:[0m leader elected [3mround[0m[2m=[0mRound { epoch: Epoch(1), view: View(2) } [3mleader[0m[2m=[0mec8924090e507c2d8371d2fb0bf965d553e6e5756aeec6c274df3801cf2b49b9 [3mleader_idx[0m[2m=[0m3
[2m2025-12-05T21:55:57.593523Z[0m [34mDEBUG[0m [2mcommonware_consensus::simplex::actors::voter::actor[0m[2m:[0m [2m479:[0m broadcasting nullification [3mround[0m[2m=[0mRound { epoch: Epoch(1), view: View(1) }
[2m2025-12-05T21:55:57.593571Z[0m [34mDEBUG[0m [2msummit_orchestrator::actor[0m[2m:[0m [2m226:[0m received message from past epoch [3mtheir_epoch[0m[2m=[0m0 [3mour_epoch[0m[2m=[0m1 [3mfrom[0m[2m=[0mec8924090e507c2d8371d2fb0bf965d553e6e5756aeec6c274df3801cf2b49b9
[2m2025-12-05T21:55:57.593624Z[0m [34mDEBUG[0m [2mcommonware_consensus::simplex::actors::voter::round[0m[2m:[0m [2m174:[0m leader elected [3mround[0m[2m=[0mRound { epoch: Epoch(1), view: View(2) } [3mleader[0m[2m=[0mec8924090e507c2d8371d2fb0bf965d553e6e5756aeec6c274df3801cf2b49b9 [3mleader_idx[0m[2m=[0m3
[2m2025-12-05T21:55:57.593680Z[0m [34mDEBUG[0m [2mcommonware_consensus::simplex::actors::voter::actor[0m[2m:[0m [2m479:[0m broadcasting nullification [3mround[0m[2m=[0mRound { epoch: Epoch(1), view: View(1) }
[2m2025-12-05T21:55:57.594311Z[0m [34mDEBUG[0m [2mcommonware_consensus::simplex::actors::voter::actor[0m[2m:[0m [2m245:[0m requested proposal from automaton [3mround[0m[2m=[0mRound { epoch: Epoch(1), view: View(2) }
[2m2025-12-05T21:55:57.594418Z[0m [34mDEBUG[0m [2msummit_application::actor[0m[2m:[0m [2m151:[0m 155 application: Handling message Propose for round (1, 2) (epoch 1, view 2), parent height: 0
[2m2025-12-05T21:55:57.595509Z[0m [34mDEBUG[0m [2mcommonware_consensus::simplex::actors::voter::round[0m[2m:[0m [2m174:[0m leader elected [3mround[0m[2m=[0mRound { epoch: Epoch(1), view: View(2) } [3mleader[0m[2m=[0mec8924090e507c2d8371d2fb0bf965d553e6e5756aeec6c274df3801cf2b49b9 [3mleader_idx[0m[2m=[0m3
[2m2025-12-05T21:55:57.595567Z[0m [34mDEBUG[0m [2mcommonware_consensus::simplex::actors::voter::actor[0m[2m:[0m [2m479:[0m broadcasting nullification [3mround[0m[2m=[0mRound { epoch: Epoch(1), view: View(1) }
[2m2025-12-05T21:55:57.596575Z[0m [34mDEBUG[0m [2msummit_orchestrator::actor[0m[2m:[0m [2m279:[0m received message on pending network from old epoch. forwarding orchestrator [3mepoch[0m[2m=[0m0 [3mboundary_height[0m[2m=[0m9 [3mfrom[0m[2m=[0mec8924090e507c2d8371d2fb0bf965d553e6e5756aeec6c274df3801cf2b49b9
[2m2025-12-05T21:55:57.597467Z[0m [34mDEBUG[0m [2mcommonware_consensus::simplex::actors::voter::actor[0m[2m:[0m [2m387:[0m broadcasting notarize [3mproposal[0m[2m=[0mProposal { round: Round { epoch: Epoch(1), view: View(2) }, parent: View(0), payload: fb9b4756536e6cf2cbddb13e123262ca7589edff298b61bdbeffd32b2ba5bef0 }
[2m2025-12-05T21:55:57.597533Z[0m [32m INFO[0m [2msummit_application::actor[0m[2m:[0m [2m202:[0m 155 Handling message Broadcast
[2m2025-12-05T21:55:57.603098Z[0m [34mDEBUG[0m [2mcommonware_consensus::simplex::actors::voter::actor[0m[2m:[0m [2m255:[0m requested proposal verification [3mproposal[0m[2m=[0mProposal { round: Round { epoch: Epoch(1), view: View(2) }, parent: View(0), payload: fb9b4756536e6cf2cbddb13e123262ca7589edff298b61bdbeffd32b2ba5bef0 }
[2m2025-12-05T21:55:57.604073Z[0m [34mDEBUG[0m [2msummit_application::actor[0m[2m:[0m [2m225:[0m 65 application: Handling message Verify for round (1, 2) (epoch 1, view 2), parent height: 0
[2m2025-12-05T21:55:57.604170Z[0m [34mDEBUG[0m [2mcommonware_consensus::simplex::actors::voter::actor[0m[2m:[0m [2m255:[0m requested proposal verification [3mproposal[0m[2m=[0mProposal { round: Round { epoch: Epoch(1), view: View(2) }, parent: View(0), payload: fb9b4756536e6cf2cbddb13e123262ca7589edff298b61bdbeffd32b2ba5bef0 }
[2m2025-12-05T21:55:57.604250Z[0m [34mDEBUG[0m [2msummit_application::actor[0m[2m:[0m [2m225:[0m 125 application: Handling message Verify for round (1, 2) (epoch 1, view 2), parent height: 0
[2m2025-12-05T21:55:57.604529Z[0m [34mDEBUG[0m [2msummit_syncer::actor[0m[2m:[0m [2m519:[0m requested block missing [3mround[0m[2m=[0mRound { epoch: Epoch(1), view: View(2) } [3mcommitment[0m[2m=[0mfb9b4756536e6cf2cbddb13e123262ca7589edff298b61bdbeffd32b2ba5bef0
[2m2025-12-05T21:55:57.604544Z[0m [34mDEBUG[0m [2msummit_syncer::actor[0m[2m:[0m [2m524:[0m registering subscriber [3mround[0m[2m=[0mSome(Round { epoch: Epoch(1), view: View(2) }) [3mcommitment[0m[2m=[0mfb9b4756536e6cf2cbddb13e123262ca7589edff298b61bdbeffd32b2ba5bef0
[2m2025-12-05T21:55:57.605699Z[0m [34mDEBUG[0m [2msummit_syncer::actor[0m[2m:[0m [2m519:[0m requested block missing [3mround[0m[2m=[0mRound { epoch: Epoch(1), view: View(2) } [3mcommitment[0m[2m=[0mfb9b4756536e6cf2cbddb13e123262ca7589edff298b61bdbeffd32b2ba5bef0
[2m2025-12-05T21:55:57.605714Z[0m [34mDEBUG[0m [2msummit_syncer::actor[0m[2m:[0m [2m524:[0m registering subscriber [3mround[0m[2m=[0mSome(Round { epoch: Epoch(1), view: View(2) }) [3mcommitment[0m[2m=[0mfb9b4756536e6cf2cbddb13e123262ca7589edff298b61bdbeffd32b2ba5bef0
[2m2025-12-05T21:55:57.606717Z[0m [34mDEBUG[0m [2mcommonware_consensus::simplex::actors::voter::actor[0m[2m:[0m [2m255:[0m requested proposal verification [3mproposal[0m[2m=[0mProposal { round: Round { epoch: Epoch(1), view: View(2) }, parent: View(0), payload: fb9b4756536e6cf2cbddb13e123262ca7589edff298b61bdbeffd32b2ba5bef0 }
[2m2025-12-05T21:55:57.606910Z[0m [34mDEBUG[0m [2mcommonware_consensus::simplex::actors::voter::actor[0m[2m:[0m [2m255:[0m requested proposal verification [3mproposal[0m[2m=[0mProposal { round: Round { epoch: Epoch(1), view: View(2) }, parent: View(0), payload: fb9b4756536e6cf2cbddb13e123262ca7589edff298b61bdbeffd32b2ba5bef0 }
[2m2025-12-05T21:55:57.606944Z[0m [34mDEBUG[0m [2msummit_application::actor[0m[2m:[0m [2m225:[0m 48 application: Handling message Verify for round (1, 2) (epoch 1, view 2), parent height: 0
[2m2025-12-05T21:55:57.607054Z[0m [34mDEBUG[0m [2msummit_application::actor[0m[2m:[0m [2m225:[0m 140 application: Handling message Verify for round (1, 2) (epoch 1, view 2), parent height: 0
[2m2025-12-05T21:55:57.607624Z[0m [34mDEBUG[0m [2msummit_syncer::actor[0m[2m:[0m [2m519:[0m requested block missing [3mround[0m[2m=[0mRound { epoch: Epoch(1), view: View(2) } [3mcommitment[0m[2m=[0mfb9b4756536e6cf2cbddb13e123262ca7589edff298b61bdbeffd32b2ba5bef0
[2m2025-12-05T21:55:57.607638Z[0m [34mDEBUG[0m [2msummit_syncer::actor[0m[2m:[0m [2m524:[0m registering subscriber [3mround[0m[2m=[0mSome(Round { epoch: Epoch(1), view: View(2) }) [3mcommitment[0m[2m=[0mfb9b4756536e6cf2cbddb13e123262ca7589edff298b61bdbeffd32b2ba5bef0
[2m2025-12-05T21:55:57.608256Z[0m [34mDEBUG[0m [2mcommonware_storage::archive::prunable::storage[0m[2m:[0m [2m115:[0m initializing archive
[2m2025-12-05T21:55:57.608269Z[0m [34mDEBUG[0m [2mcommonware_storage::archive::prunable::storage[0m[2m:[0m [2m131:[0m archive initialized
[2m2025-12-05T21:55:57.608308Z[0m [32m INFO[0m [2msummit_syncer::cache[0m[2m:[0m [2m212:[0m restored verified archive [3melapsed[0m[2m=[0m111.318µs
[2m2025-12-05T21:55:57.608358Z[0m [34mDEBUG[0m [2mcommonware_storage::archive::prunable::storage[0m[2m:[0m [2m115:[0m initializing archive
[2m2025-12-05T21:55:57.608362Z[0m [34mDEBUG[0m [2mcommonware_storage::archive::prunable::storage[0m[2m:[0m [2m131:[0m archive initialized
[2m2025-12-05T21:55:57.608403Z[0m [32m INFO[0m [2msummit_syncer::cache[0m[2m:[0m [2m212:[0m restored notarized archive [3melapsed[0m[2m=[0m89.147µs
[2m2025-12-05T21:55:57.608454Z[0m [34mDEBUG[0m [2mcommonware_storage::archive::prunable::storage[0m[2m:[0m [2m115:[0m initializing archive
[2m2025-12-05T21:55:57.608459Z[0m [34mDEBUG[0m [2mcommonware_storage::archive::prunable::storage[0m[2m:[0m [2m131:[0m archive initialized
[2m2025-12-05T21:55:57.608497Z[0m [32m INFO[0m [2msummit_syncer::cache[0m[2m:[0m [2m212:[0m restored notarizations archive [3melapsed[0m[2m=[0m90.199µs
[2m2025-12-05T21:55:57.608548Z[0m [34mDEBUG[0m [2mcommonware_storage::archive::prunable::storage[0m[2m:[0m [2m115:[0m initializing archive
[2m2025-12-05T21:55:57.608556Z[0m [34mDEBUG[0m [2mcommonware_storage::archive::prunable::storage[0m[2m:[0m [2m131:[0m archive initialized
[2m2025-12-05T21:55:57.608596Z[0m [32m INFO[0m [2msummit_syncer::cache[0m[2m:[0m [2m212:[0m restored finalizations archive [3melapsed[0m[2m=[0m95.118µs
[2m2025-12-05T21:55:57.608731Z[0m [34mDEBUG[0m [2msummit_syncer::cache[0m[2m:[0m [2m278:[0m cached [3mround[0m[2m=[0mRound { epoch: Epoch(1), view: View(2) } [3mname[0m[2m=[0m"verified"
[2m2025-12-05T21:55:57.609183Z[0m [34mDEBUG[0m [2mcommonware_consensus::simplex::actors::voter::actor[0m[2m:[0m [2m387:[0m broadcasting notarize [3mproposal[0m[2m=[0mProposal { round: Round { epoch: Epoch(1), view: View(2) }, parent: View(0), payload: fb9b4756536e6cf2cbddb13e123262ca7589edff298b61bdbeffd32b2ba5bef0 }
[2m2025-12-05T21:55:57.609851Z[0m [34mDEBUG[0m [2mcommonware_consensus::simplex::actors::voter::actor[0m[2m:[0m [2m387:[0m broadcasting notarize [3mproposal[0m[2m=[0mProposal { round: Round { epoch: Epoch(1), view: View(2) }, parent: View(0), payload: fb9b4756536e6cf2cbddb13e123262ca7589edff298b61bdbeffd32b2ba5bef0 }
[2m2025-12-05T21:55:57.609986Z[0m [34mDEBUG[0m [2mcommonware_storage::archive::prunable::storage[0m[2m:[0m [2m115:[0m initializing archive
[2m2025-12-05T21:55:57.609994Z[0m [34mDEBUG[0m [2mcommonware_storage::archive::prunable::storage[0m[2m:[0m [2m131:[0m archive initialized
[2m2025-12-05T21:55:57.610031Z[0m [32m INFO[0m [2msummit_syncer::cache[0m[2m:[0m [2m212:[0m restored verified archive [3melapsed[0m[2m=[0m96.911µs
[2m2025-12-05T21:55:57.610080Z[0m [34mDEBUG[0m [2mcommonware_storage::archive::prunable::storage[0m[2m:[0m [2m115:[0m initializing archive
[2m2025-12-05T21:55:57.610083Z[0m [34mDEBUG[0m [2mcommonware_storage::archive::prunable::storage[0m[2m:[0m [2m131:[0m archive initialized
[2m2025-12-05T21:55:57.610120Z[0m [32m INFO[0m [2msummit_syncer::cache[0m[2m:[0m [2m212:[0m restored notarized archive [3melapsed[0m[2m=[0m83.576µs
[2m2025-12-05T21:55:57.610168Z[0m [34mDEBUG[0m [2mcommonware_storage::archive::prunable::storage[0m[2m:[0m [2m115:[0m initializing archive
[2m2025-12-05T21:55:57.610172Z[0m [34mDEBUG[0m [2mcommonware_storage::archive::prunable::storage[0m[2m:[0m [2m131:[0m archive initialized
[2m2025-12-05T21:55:57.610247Z[0m [32m INFO[0m [2msummit_syncer::cache[0m[2m:[0m [2m212:[0m restored notarizations archive [3melapsed[0m[2m=[0m123.25µs
[2m2025-12-05T21:55:57.610297Z[0m [34mDEBUG[0m [2mcommonware_storage::archive::prunable::storage[0m[2m:[0m [2m115:[0m initializing archive
[2m2025-12-05T21:55:57.610301Z[0m [34mDEBUG[0m [2mcommonware_storage::archive::prunable::storage[0m[2m:[0m [2m131:[0m archive initialized
[2m2025-12-05T21:55:57.610339Z[0m [32m INFO[0m [2msummit_syncer::cache[0m[2m:[0m [2m212:[0m restored finalizations archive [3melapsed[0m[2m=[0m87.324µs
[2m2025-12-05T21:55:57.610427Z[0m [34mDEBUG[0m [2msummit_syncer::cache[0m[2m:[0m [2m278:[0m cached [3mround[0m[2m=[0mRound { epoch: Epoch(1), view: View(2) } [3mname[0m[2m=[0m"verified"
[2m2025-12-05T21:55:57.611223Z[0m [34mDEBUG[0m [2mcommonware_consensus::simplex::actors::voter::actor[0m[2m:[0m [2m387:[0m broadcasting notarize [3mproposal[0m[2m=[0mProposal { round: Round { epoch: Epoch(1), view: View(2) }, parent: View(0), payload: fb9b4756536e6cf2cbddb13e123262ca7589edff298b61bdbeffd32b2ba5bef0 }
[2m2025-12-05T21:55:57.611339Z[0m [34mDEBUG[0m [2mcommonware_storage::archive::prunable::storage[0m[2m:[0m [2m115:[0m initializing archive
[2m2025-12-05T21:55:57.611346Z[0m [34mDEBUG[0m [2mcommonware_storage::archive::prunable::storage[0m[2m:[0m [2m131:[0m archive initialized
[2m2025-12-05T21:55:57.611383Z[0m [32m INFO[0m [2msummit_syncer::cache[0m[2m:[0m [2m212:[0m restored verified archive [3melapsed[0m[2m=[0m99.065µs
[2m2025-12-05T21:55:57.611433Z[0m [34mDEBUG[0m [2mcommonware_storage::archive::prunable::storage[0m[2m:[0m [2m115:[0m initializing archive
[2m2025-12-05T21:55:57.611436Z[0m [34mDEBUG[0m [2mcommonware_storage::archive::prunable::storage[0m[2m:[0m [2m131:[0m archive initialized
[2m2025-12-05T21:55:57.611473Z[0m [32m INFO[0m [2msummit_syncer::cache[0m[2m:[0m [2m212:[0m restored notarized archive [3melapsed[0m[2m=[0m85.49µs
[2m2025-12-05T21:55:57.611525Z[0m [34mDEBUG[0m [2mcommonware_storage::archive::prunable::storage[0m[2m:[0m [2m115:[0m initializing archive
[2m2025-12-05T21:55:57.611530Z[0m [34mDEBUG[0m [2mcommonware_storage::archive::prunable::storage[0m[2m:[0m [2m131:[0m archive initialized
[2m2025-12-05T21:55:57.611567Z[0m [32m INFO[0m [2msummit_syncer::cache[0m[2m:[0m [2m212:[0m restored notarizations archive [3melapsed[0m[2m=[0m90.078µs
[2m2025-12-05T21:55:57.611617Z[0m [34mDEBUG[0m [2mcommonware_storage::archive::prunable::storage[0m[2m:[0m [2m115:[0m initializing archive
[2m2025-12-05T21:55:57.611621Z[0m [34mDEBUG[0m [2mcommonware_storage::archive::prunable::storage[0m[2m:[0m [2m131:[0m archive initialized
[2m2025-12-05T21:55:57.611660Z[0m [32m INFO[0m [2msummit_syncer::cache[0m[2m:[0m [2m212:[0m restored finalizations archive [3melapsed[0m[2m=[0m89.026µs
[2m2025-12-05T21:55:57.611748Z[0m [34mDEBUG[0m [2msummit_syncer::cache[0m[2m:[0m [2m278:[0m cached [3mround[0m[2m=[0mRound { epoch: Epoch(1), view: View(2) } [3mname[0m[2m=[0m"verified"
[2m2025-12-05T21:55:57.630098Z[0m [34mDEBUG[0m [2mcommonware_consensus::simplex::actors::voter::actor[0m[2m:[0m [2m387:[0m broadcasting notarize [3mproposal[0m[2m=[0mProposal { round: Round { epoch: Epoch(1), view: View(2) }, parent: View(0), payload: fb9b4756536e6cf2cbddb13e123262ca7589edff298b61bdbeffd32b2ba5bef0 }
[2m2025-12-05T21:55:57.630227Z[0m [34mDEBUG[0m [2mcommonware_storage::archive::prunable::storage[0m[2m:[0m [2m115:[0m initializing archive
[2m2025-12-05T21:55:57.630234Z[0m [34mDEBUG[0m [2mcommonware_storage::archive::prunable::storage[0m[2m:[0m [2m131:[0m archive initialized
[2m2025-12-05T21:55:57.630272Z[0m [32m INFO[0m [2msummit_syncer::cache[0m[2m:[0m [2m212:[0m restored verified archive [3melapsed[0m[2m=[0m108.523µs
[2m2025-12-05T21:55:57.630320Z[0m [34mDEBUG[0m [2mcommonware_storage::archive::prunable::storage[0m[2m:[0m [2m115:[0m initializing archive
[2m2025-12-05T21:55:57.630328Z[0m [34mDEBUG[0m [2mcommonware_storage::archive::prunable::storage[0m[2m:[0m [2m131:[0m archive initialized
[2m2025-12-05T21:55:57.630365Z[0m [32m INFO[0m [2msummit_syncer::cache[0m[2m:[0m [2m212:[0m restored notarized archive [3melapsed[0m[2m=[0m88.064µs
[2m2025-12-05T21:55:57.630414Z[0m [34mDEBUG[0m [2mcommonware_storage::archive::prunable::storage[0m[2m:[0m [2m115:[0m initializing archive
[2m2025-12-05T21:55:57.630418Z[0m [34mDEBUG[0m [2mcommonware_storage::archive::prunable::storage[0m[2m:[0m [2m131:[0m archive initialized
[2m2025-12-05T21:55:57.630455Z[0m [32m INFO[0m [2msummit_syncer::cache[0m[2m:[0m [2m212:[0m restored notarizations archive [3melapsed[0m[2m=[0m86.452µs
[2m2025-12-05T21:55:57.630506Z[0m [34mDEBUG[0m [2mcommonware_storage::archive::prunable::storage[0m[2m:[0m [2m115:[0m initializing archive
[2m2025-12-05T21:55:57.630510Z[0m [34mDEBUG[0m [2mcommonware_storage::archive::prunable::storage[0m[2m:[0m [2m131:[0m archive initialized
[2m2025-12-05T21:55:57.630550Z[0m [32m INFO[0m [2msummit_syncer::cache[0m[2m:[0m [2m212:[0m restored finalizations archive [3melapsed[0m[2m=[0m89.187µs
[2m2025-12-05T21:55:57.630644Z[0m [34mDEBUG[0m [2msummit_syncer::cache[0m[2m:[0m [2m278:[0m cached [3mround[0m[2m=[0mRound { epoch: Epoch(1), view: View(2) } [3mname[0m[2m=[0m"verified"
[2m2025-12-05T21:55:57.631341Z[0m [34mDEBUG[0m [2msummit_syncer::actor[0m[2m:[0m [2m617:[0m notarization missing on request [3mround[0m[2m=[0mRound { epoch: Epoch(1), view: View(2) }
[2m2025-12-05T21:55:57.631509Z[0m [34mDEBUG[0m [2mcommonware_resolver::p2p::engine[0m[2m:[0m [2m291:[0m serve failed [3merr[0m[2m=[0mCanceled [3mpeer[0m[2m=[0m1c0c1c72c52dbd38c741a2c1989e02a41b388348011566b914a1ed6932b8f880 [3mid[0m[2m=[0m0
[2m2025-12-05T21:55:57.631578Z[0m [34mDEBUG[0m [2msummit_syncer::actor[0m[2m:[0m [2m617:[0m notarization missing on request [3mround[0m[2m=[0mRound { epoch: Epoch(1), view: View(2) }
[2m2025-12-05T21:55:57.631800Z[0m [34mDEBUG[0m [2mcommonware_resolver::p2p::engine[0m[2m:[0m [2m291:[0m serve failed [3merr[0m[2m=[0mCanceled [3mpeer[0m[2m=[0medd0f6de342a1e6a7236d6244f23d83eedfcecd059a386c85055701498e77033 [3mid[0m[2m=[0m6
[2m2025-12-05T21:55:57.634498Z[0m [34mDEBUG[0m [2mcommonware_consensus::simplex::actors::voter::round[0m[2m:[0m [2m174:[0m leader elected [3mround[0m[2m=[0mRound { epoch: Epoch(1), view: View(3) } [3mleader[0m[2m=[0medd0f6de342a1e6a7236d6244f23d83eedfcecd059a386c85055701498e77033 [3mleader_idx[0m[2m=[0m4
[2m2025-12-05T21:55:57.634559Z[0m [34mDEBUG[0m [2mcommonware_consensus::simplex::actors::voter::actor[0m[2m:[0m [2m446:[0m broadcasting notarization [3mproposal[0m[2m=[0mProposal { round: Round { epoch: Epoch(1), view: View(2) }, parent: View(0), payload: fb9b4756536e6cf2cbddb13e123262ca7589edff298b61bdbeffd32b2ba5bef0 }
[2m2025-12-05T21:55:57.637048Z[0m [34mDEBUG[0m [2mcommonware_consensus::simplex::actors::voter::round[0m[2m:[0m [2m174:[0m leader elected [3mround[0m[2m=[0mRound { epoch: Epoch(1), view: View(3) } [3mleader[0m[2m=[0medd0f6de342a1e6a7236d6244f23d83eedfcecd059a386c85055701498e77033 [3mleader_idx[0m[2m=[0m4
[2m2025-12-05T21:55:57.637107Z[0m [34mDEBUG[0m [2mcommonware_consensus::simplex::actors::voter::actor[0m[2m:[0m [2m446:[0m broadcasting notarization [3mproposal[0m[2m=[0mProposal { round: Round { epoch: Epoch(1), view: View(2) }, parent: View(0), payload: fb9b4756536e6cf2cbddb13e123262ca7589edff298b61bdbeffd32b2ba5bef0 }
[2m2025-12-05T21:55:57.637476Z[0m [34mDEBUG[0m [2mcommonware_consensus::simplex::actors::voter::actor[0m[2m:[0m [2m511:[0m broadcasting finalize [3mproposal[0m[2m=[0mProposal { round: Round { epoch: Epoch(1), view: View(2) }, parent: View(0), payload: fb9b4756536e6cf2cbddb13e123262ca7589edff298b61bdbeffd32b2ba5bef0 }
[2m2025-12-05T21:55:57.637563Z[0m [34mDEBUG[0m [2mcommonware_consensus::simplex::actors::voter::round[0m[2m:[0m [2m174:[0m leader elected [3mround[0m[2m=[0mRound { epoch: Epoch(1), view: View(3) } [3mleader[0m[2m=[0medd0f6de342a1e6a7236d6244f23d83eedfcecd059a386c85055701498e77033 [3mleader_idx[0m[2m=[0m4
[2m2025-12-05T21:55:57.637636Z[0m [34mDEBUG[0m [2mcommonware_consensus::simplex::actors::voter::actor[0m[2m:[0m [2m446:[0m broadcasting notarization [3mproposal[0m[2m=[0mProposal { round: Round { epoch: Epoch(1), view: View(2) }, parent: View(0), payload: fb9b4756536e6cf2cbddb13e123262ca7589edff298b61bdbeffd32b2ba5bef0 }
[2m2025-12-05T21:55:57.637752Z[0m [34mDEBUG[0m [2msummit_syncer::actor[0m[2m:[0m [2m617:[0m notarization missing on request [3mround[0m[2m=[0mRound { epoch: Epoch(1), view: View(2) }
[2m2025-12-05T21:55:57.637938Z[0m [34mDEBUG[0m [2mcommonware_storage::archive::prunable::storage[0m[2m:[0m [2m115:[0m initializing archive
[2m2025-12-05T21:55:57.637946Z[0m [34mDEBUG[0m [2mcommonware_storage::archive::prunable::storage[0m[2m:[0m [2m131:[0m archive initialized
[2m2025-12-05T21:55:57.637984Z[0m [32m INFO[0m [2msummit_syncer::cache[0m[2m:[0m [2m212:[0m restored verified archive [3melapsed[0m[2m=[0m104.816µs
[2m2025-12-05T21:55:57.638035Z[0m [34mDEBUG[0m [2mcommonware_storage::archive::prunable::storage[0m[2m:[0m [2m115:[0m initializing archive
[2m2025-12-05T21:55:57.638040Z[0m [34mDEBUG[0m [2mcommonware_storage::archive::prunable::storage[0m[2m:[0m [2m131:[0m archive initialized
[2m2025-12-05T21:55:57.638076Z[0m [32m INFO[0m [2msummit_syncer::cache[0m[2m:[0m [2m212:[0m restored notarized archive [3melapsed[0m[2m=[0m88.065µs
[2m2025-12-05T21:55:57.638125Z[0m [34mDEBUG[0m [2mcommonware_storage::archive::prunable::storage[0m[2m:[0m [2m115:[0m initializing archive
[2m2025-12-05T21:55:57.638130Z[0m [34mDEBUG[0m [2mcommonware_storage::archive::prunable::storage[0m[2m:[0m [2m131:[0m archive initialized
[2m2025-12-05T21:55:57.638168Z[0m [32m INFO[0m [2msummit_syncer::cache[0m[2m:[0m [2m212:[0m restored notarizations archive [3melapsed[0m[2m=[0m87.594µs
[2m2025-12-05T21:55:57.638217Z[0m [34mDEBUG[0m [2mcommonware_storage::archive::prunable::storage[0m[2m:[0m [2m115:[0m initializing archive
[2m2025-12-05T21:55:57.638222Z[0m [34mDEBUG[0m [2mcommonware_storage::archive::prunable::storage[0m[2m:[0m [2m131:[0m archive initialized
[2m2025-12-05T21:55:57.638260Z[0m [32m INFO[0m [2msummit_syncer::cache[0m[2m:[0m [2m212:[0m restored finalizations archive [3melapsed[0m[2m=[0m88.425µs
[2m2025-12-05T21:55:57.638329Z[0m [34mDEBUG[0m [2msummit_syncer::cache[0m[2m:[0m [2m278:[0m cached [3mround[0m[2m=[0mRound { epoch: Epoch(1), view: View(2) } [3mname[0m[2m=[0m"notarization"
[2m2025-12-05T21:55:57.638495Z[0m [34mDEBUG[0m [2mcommonware_resolver::p2p::engine[0m[2m:[0m [2m291:[0m serve failed [3merr[0m[2m=[0mCanceled [3mpeer[0m[2m=[0m478b8e507e0bb2b18c0f9e0824769e8562d10df9abe2e774896f82b4b4405266 [3mid[0m[2m=[0m5
[2m2025-12-05T21:55:57.639149Z[0m [34mDEBUG[0m [2msummit_syncer::cache[0m[2m:[0m [2m278:[0m cached [3mround[0m[2m=[0mRound { epoch: Epoch(1), view: View(2) } [3mname[0m[2m=[0m"notarized"
[2m2025-12-05T21:55:57.639529Z[0m [34mDEBUG[0m [2mcommonware_consensus::simplex::actors::voter::actor[0m[2m:[0m [2m511:[0m broadcasting finalize [3mproposal[0m[2m=[0mProposal { round: Round { epoch: Epoch(1), view: View(2) }, parent: View(0), payload: fb9b4756536e6cf2cbddb13e123262ca7589edff298b61bdbeffd32b2ba5bef0 }
[2m2025-12-05T21:55:57.639929Z[0m [34mDEBUG[0m [2mcommonware_consensus::simplex::actors::voter::actor[0m[2m:[0m [2m511:[0m broadcasting finalize [3mproposal[0m[2m=[0mProposal { round: Round { epoch: Epoch(1), view: View(2) }, parent: View(0), payload: fb9b4756536e6cf2cbddb13e123262ca7589edff298b61bdbeffd32b2ba5bef0 }
[2m2025-12-05T21:55:57.640060Z[0m [34mDEBUG[0m [2msummit_syncer::cache[0m[2m:[0m [2m278:[0m cached [3mround[0m[2m=[0mRound { epoch: Epoch(1), view: View(2) } [3mname[0m[2m=[0m"notarization"
[2m2025-12-05T21:55:57.640157Z[0m [34mDEBUG[0m [2msummit_syncer::cache[0m[2m:[0m [2m278:[0m cached [3mround[0m[2m=[0mRound { epoch: Epoch(1), view: View(2) } [3mname[0m[2m=[0m"notarization"
[2m2025-12-05T21:55:57.641727Z[0m [34mDEBUG[0m [2mcommonware_consensus::simplex::actors::voter::round[0m[2m:[0m [2m174:[0m leader elected [3mround[0m[2m=[0mRound { epoch: Epoch(1), view: View(3) } [3mleader[0m[2m=[0medd0f6de342a1e6a7236d6244f23d83eedfcecd059a386c85055701498e77033 [3mleader_idx[0m[2m=[0m4
[2m2025-12-05T21:55:57.641794Z[0m [34mDEBUG[0m [2mcommonware_consensus::simplex::actors::voter::actor[0m[2m:[0m [2m446:[0m broadcasting notarization [3mproposal[0m[2m=[0mProposal { round: Round { epoch: Epoch(1), view: View(2) }, parent: View(0), payload: fb9b4756536e6cf2cbddb13e123262ca7589edff298b61bdbeffd32b2ba5bef0 }
[2m2025-12-05T21:55:57.641918Z[0m [34mDEBUG[0m [2msummit_syncer::cache[0m[2m:[0m [2m278:[0m cached [3mround[0m[2m=[0mRound { epoch: Epoch(1), view: View(2) } [3mname[0m[2m=[0m"notarized"
[2m2025-12-05T21:55:57.642074Z[0m [34mDEBUG[0m [2msummit_syncer::cache[0m[2m:[0m [2m278:[0m cached [3mround[0m[2m=[0mRound { epoch: Epoch(1), view: View(2) } [3mname[0m[2m=[0m"notarized"
[2m2025-12-05T21:55:57.642861Z[0m [34mDEBUG[0m [2mcommonware_consensus::simplex::actors::voter::actor[0m[2m:[0m [2m511:[0m broadcasting finalize [3mproposal[0m[2m=[0mProposal { round: Round { epoch: Epoch(1), view: View(2) }, parent: View(0), payload: fb9b4756536e6cf2cbddb13e123262ca7589edff298b61bdbeffd32b2ba5bef0 }
[2m2025-12-05T21:55:57.642966Z[0m [34mDEBUG[0m [2msummit_syncer::cache[0m[2m:[0m [2m278:[0m cached [3mround[0m[2m=[0mRound { epoch: Epoch(1), view: View(2) } [3mname[0m[2m=[0m"notarization"
[2m2025-12-05T21:55:57.643398Z[0m [34mDEBUG[0m [2msummit_syncer::cache[0m[2m:[0m [2m278:[0m cached [3mround[0m[2m=[0mRound { epoch: Epoch(1), view: View(2) } [3mname[0m[2m=[0m"notarized"
[2m2025-12-05T21:55:57.643552Z[0m [34mDEBUG[0m [2mcommonware_consensus::simplex::actors::voter::actor[0m[2m:[0m [2m245:[0m requested proposal from automaton [3mround[0m[2m=[0mRound { epoch: Epoch(1), view: View(3) }
[2m2025-12-05T21:55:57.643581Z[0m [34mDEBUG[0m [2msummit_application::actor[0m[2m:[0m [2m151:[0m 125 application: Handling message Propose for round (1, 3) (epoch 1, view 3), parent height: 2
[2m2025-12-05T21:55:57.644881Z[0m [34mDEBUG[0m [2mcommonware_consensus::simplex::actors::voter::round[0m[2m:[0m [2m174:[0m leader elected [3mround[0m[2m=[0mRound { epoch: Epoch(1), view: View(3) } [3mleader[0m[2m=[0medd0f6de342a1e6a7236d6244f23d83eedfcecd059a386c85055701498e77033 [3mleader_idx[0m[2m=[0m4
[2m2025-12-05T21:55:57.644938Z[0m [34mDEBUG[0m [2mcommonware_consensus::simplex::actors::voter::actor[0m[2m:[0m [2m446:[0m broadcasting notarization [3mproposal[0m[2m=[0mProposal { round: Round { epoch: Epoch(1), view: View(2) }, parent: View(0), payload: fb9b4756536e6cf2cbddb13e123262ca7589edff298b61bdbeffd32b2ba5bef0 }
[2m2025-12-05T21:55:57.645501Z[0m [34mDEBUG[0m [2mcommonware_consensus::simplex::actors::voter::actor[0m[2m:[0m [2m511:[0m broadcasting finalize [3mproposal[0m[2m=[0mProposal { round: Round { epoch: Epoch(1), view: View(2) }, parent: View(0), payload: fb9b4756536e6cf2cbddb13e123262ca7589edff298b61bdbeffd32b2ba5bef0 }
[2m2025-12-05T21:55:57.645628Z[0m [34mDEBUG[0m [2msummit_syncer::cache[0m[2m:[0m [2m278:[0m cached [3mround[0m[2m=[0mRound { epoch: Epoch(1), view: View(2) } [3mname[0m[2m=[0m"notarization"
[2m2025-12-05T21:55:57.645941Z[0m [34mDEBUG[0m [2msummit_syncer::cache[0m[2m:[0m [2m278:[0m cached [3mround[0m[2m=[0mRound { epoch: Epoch(1), view: View(2) } [3mname[0m[2m=[0m"notarized"
[2m2025-12-05T21:55:57.647065Z[0m [34mDEBUG[0m [2mcommonware_consensus::simplex::actors::voter::actor[0m[2m:[0m [2m387:[0m broadcasting notarize [3mproposal[0m[2m=[0mProposal { round: Round { epoch: Epoch(1), view: View(3) }, parent: View(2), payload: d3dd6a548f42d7f97ce49bc172b2b697273e59fa640059d6233011d9205dab74 }
[2m2025-12-05T21:55:57.647104Z[0m [32m INFO[0m [2msummit_application::actor[0m[2m:[0m [2m202:[0m 125 Handling message Broadcast
[2m2025-12-05T21:55:57.652533Z[0m [34mDEBUG[0m [2mcommonware_consensus::simplex::actors::voter::actor[0m[2m:[0m [2m545:[0m broadcasting finalization [3mproposal[0m[2m=[0mProposal { round: Round { epoch: Epoch(1), view: View(2) }, parent: View(0), payload: fb9b4756536e6cf2cbddb13e123262ca7589edff298b61bdbeffd32b2ba5bef0 }
[2m2025-12-05T21:55:57.653749Z[0m [34mDEBUG[0m [2mcommonware_consensus::simplex::actors::voter::actor[0m[2m:[0m [2m545:[0m broadcasting finalization [3mproposal[0m[2m=[0mProposal { round: Round { epoch: Epoch(1), view: View(2) }, parent: View(0), payload: fb9b4756536e6cf2cbddb13e123262ca7589edff298b61bdbeffd32b2ba5bef0 }
[2m2025-12-05T21:55:57.654212Z[0m [34mDEBUG[0m [2msummit_syncer::cache[0m[2m:[0m [2m278:[0m cached [3mround[0m[2m=[0mRound { epoch: Epoch(1), view: View(2) } [3mname[0m[2m=[0m"finalization"
[2m2025-12-05T21:55:57.655638Z[0m [34mDEBUG[0m [2mcommonware_consensus::simplex::actors::voter::actor[0m[2m:[0m [2m545:[0m broadcasting finalization [3mproposal[0m[2m=[0mProposal { round: Round { epoch: Epoch(1), view: View(2) }, parent: View(0), payload: fb9b4756536e6cf2cbddb13e123262ca7589edff298b61bdbeffd32b2ba5bef0 }
[2m2025-12-05T21:55:57.655733Z[0m [34mDEBUG[0m [2msummit_syncer::cache[0m[2m:[0m [2m278:[0m cached [3mround[0m[2m=[0mRound { epoch: Epoch(1), view: View(2) } [3mname[0m[2m=[0m"finalization"
[2m2025-12-05T21:55:57.674203Z[0m [34mDEBUG[0m [2msummit_syncer::actor[0m[2m:[0m [2m454:[0m finalized block stored [3mround[0m[2m=[0mRound { epoch: Epoch(1), view: View(2) } [3mheight[0m[2m=[0m10
[2m2025-12-05T21:55:57.674555Z[0m [32m INFO[0m [2msummit_finalizer::actor[0m[2m:[0m [2m275:[0m Commiting block 0x8b287c33b71944ec87ef62ba08f43efcdca7a950d4748af4b329c01d183d3c09 for height 10
[2m2025-12-05T21:55:57.674582Z[0m [32m INFO[0m [2msummit_finalizer::actor[0m[2m:[0m [2m504:[0m finalized block [3mnew_height[0m[2m=[0m10 [3mself.state.epoch[0m[2m=[0m1
[2m2025-12-05T21:55:57.691284Z[0m [34mDEBUG[0m [2msummit_syncer::actor[0m[2m:[0m [2m454:[0m finalized block stored [3mround[0m[2m=[0mRound { epoch: Epoch(1), view: View(2) } [3mheight[0m[2m=[0m10
[2m2025-12-05T21:55:57.691933Z[0m [34mDEBUG[0m [2msummit_syncer::cache[0m[2m:[0m [2m60:[0m pruned archives [3mmin_view[0m[2m=[0m1
[2m2025-12-05T21:55:57.692011Z[0m [32m INFO[0m [2msummit_finalizer::actor[0m[2m:[0m [2m275:[0m Commiting block 0x8b287c33b71944ec87ef62ba08f43efcdca7a950d4748af4b329c01d183d3c09 for height 10
[2m2025-12-05T21:55:57.692035Z[0m [32m INFO[0m [2msummit_finalizer::actor[0m[2m:[0m [2m504:[0m finalized block [3mnew_height[0m[2m=[0m10 [3mself.state.epoch[0m[2m=[0m1
[2m2025-12-05T21:55:57.692400Z[0m [34mDEBUG[0m [2msummit_syncer::cache[0m[2m:[0m [2m60:[0m pruned archives [3mmin_view[0m[2m=[0m1
[2m2025-12-05T21:55:57.692570Z[0m [34mDEBUG[0m [2msummit_syncer::cache[0m[2m:[0m [2m278:[0m cached [3mround[0m[2m=[0mRound { epoch: Epoch(1), view: View(2) } [3mname[0m[2m=[0m"finalization"
[2m2025-12-05T21:55:57.694821Z[0m [34mDEBUG[0m [2mcommonware_consensus::simplex::actors::voter::actor[0m[2m:[0m [2m545:[0m broadcasting finalization [3mproposal[0m[2m=[0mProposal { round: Round { epoch: Epoch(1), view: View(2) }, parent: View(0), payload: fb9b4756536e6cf2cbddb13e123262ca7589edff298b61bdbeffd32b2ba5bef0 }
[2m2025-12-05T21:55:57.714778Z[0m [34mDEBUG[0m [2msummit_syncer::actor[0m[2m:[0m [2m454:[0m finalized block stored [3mround[0m[2m=[0mRound { epoch: Epoch(1), view: View(2) } [3mheight[0m[2m=[0m10
[2m2025-12-05T21:55:57.715052Z[0m [34mDEBUG[0m [2mcommonware_consensus::simplex::actors::voter::actor[0m[2m:[0m [2m545:[0m broadcasting finalization [3mproposal[0m[2m=[0mProposal { round: Round { epoch: Epoch(1), view: View(2) }, parent: View(0), payload: fb9b4756536e6cf2cbddb13e123262ca7589edff298b61bdbeffd32b2ba5bef0 }
[2m2025-12-05T21:55:57.715398Z[0m [32m INFO[0m [2msummit_finalizer::actor[0m[2m:[0m [2m275:[0m Commiting block 0x8b287c33b71944ec87ef62ba08f43efcdca7a950d4748af4b329c01d183d3c09 for height 10
[2m2025-12-05T21:55:57.715425Z[0m [32m INFO[0m [2msummit_finalizer::actor[0m[2m:[0m [2m504:[0m finalized block [3mnew_height[0m[2m=[0m10 [3mself.state.epoch[0m[2m=[0m1
[2m2025-12-05T21:55:57.715931Z[0m [34mDEBUG[0m [2msummit_syncer::cache[0m[2m:[0m [2m60:[0m pruned archives [3mmin_view[0m[2m=[0m1
[2m2025-12-05T21:55:57.716359Z[0m [34mDEBUG[0m [2msummit_syncer::cache[0m[2m:[0m [2m278:[0m cached [3mround[0m[2m=[0mRound { epoch: Epoch(1), view: View(2) } [3mname[0m[2m=[0m"finalization"
[2m2025-12-05T21:55:57.716598Z[0m [34mDEBUG[0m [2msummit_syncer::cache[0m[2m:[0m [2m278:[0m cached [3mround[0m[2m=[0mRound { epoch: Epoch(1), view: View(2) } [3mname[0m[2m=[0m"finalization"
[2m2025-12-05T21:55:57.734858Z[0m [34mDEBUG[0m [2msummit_syncer::actor[0m[2m:[0m [2m454:[0m finalized block stored [3mround[0m[2m=[0mRound { epoch: Epoch(1), view: View(2) } [3mheight[0m[2m=[0m10
[2m2025-12-05T21:55:57.753608Z[0m [34mDEBUG[0m [2msummit_syncer::actor[0m[2m:[0m [2m454:[0m finalized block stored [3mround[0m[2m=[0mRound { epoch: Epoch(1), view: View(2) } [3mheight[0m[2m=[0m10
[2m2025-12-05T21:55:57.753729Z[0m [32m INFO[0m [2msummit_finalizer::actor[0m[2m:[0m [2m275:[0m Commiting block 0x8b287c33b71944ec87ef62ba08f43efcdca7a950d4748af4b329c01d183d3c09 for height 10
[2m2025-12-05T21:55:57.753758Z[0m [32m INFO[0m [2msummit_finalizer::actor[0m[2m:[0m [2m504:[0m finalized block [3mnew_height[0m[2m=[0m10 [3mself.state.epoch[0m[2m=[0m1
[2m2025-12-05T21:55:57.753938Z[0m [32m INFO[0m [2msummit_finalizer::actor[0m[2m:[0m [2m275:[0m Commiting block 0x8b287c33b71944ec87ef62ba08f43efcdca7a950d4748af4b329c01d183d3c09 for height 10
[2m2025-12-05T21:55:57.753955Z[0m [32m INFO[0m [2msummit_finalizer::actor[0m[2m:[0m [2m504:[0m finalized block [3mnew_height[0m[2m=[0m10 [3mself.state.epoch[0m[2m=[0m1
[2m2025-12-05T21:55:57.754265Z[0m [34mDEBUG[0m [2msummit_syncer::cache[0m[2m:[0m [2m60:[0m pruned archives [3mmin_view[0m[2m=[0m1
[2m2025-12-05T21:55:57.754558Z[0m [34mDEBUG[0m [2msummit_syncer::cache[0m[2m:[0m [2m60:[0m pruned archives [3mmin_view[0m[2m=[0m1
[2m2025-12-05T21:55:57.756348Z[0m [34mDEBUG[0m [2mcommonware_consensus::simplex::actors::voter::actor[0m[2m:[0m [2m255:[0m requested proposal verification [3mproposal[0m[2m=[0mProposal { round: Round { epoch: Epoch(1), view: View(3) }, parent: View(2), payload: d3dd6a548f42d7f97ce49bc172b2b697273e59fa640059d6233011d9205dab74 }
[2m2025-12-05T21:55:57.756560Z[0m [34mDEBUG[0m [2msummit_application::actor[0m[2m:[0m [2m225:[0m 155 application: Handling message Verify for round (1, 3) (epoch 1, view 3), parent height: 2
[2m2025-12-05T21:55:57.758265Z[0m [34mDEBUG[0m [2mcommonware_consensus::simplex::actors::voter::actor[0m[2m:[0m [2m255:[0m requested proposal verification [3mproposal[0m[2m=[0mProposal { round: Round { epoch: Epoch(1), view: View(3) }, parent: View(2), payload: d3dd6a548f42d7f97ce49bc172b2b697273e59fa640059d6233011d9205dab74 }
[2m2025-12-05T21:55:57.758327Z[0m [34mDEBUG[0m [2msummit_application::actor[0m[2m:[0m [2m225:[0m 140 application: Handling message Verify for round (1, 3) (epoch 1, view 3), parent height: 2
[2m2025-12-05T21:55:57.758540Z[0m [34mDEBUG[0m [2msummit_syncer::cache[0m[2m:[0m [2m278:[0m cached [3mround[0m[2m=[0mRound { epoch: Epoch(1), view: View(3) } [3mname[0m[2m=[0m"verified"
[2m2025-12-05T21:55:57.758972Z[0m [34mDEBUG[0m [2mcommonware_consensus::simplex::actors::voter::actor[0m[2m:[0m [2m387:[0m broadcasting notarize [3mproposal[0m[2m=[0mProposal { round: Round { epoch: Epoch(1), view: View(3) }, parent: View(2), payload: d3dd6a548f42d7f97ce49bc172b2b697273e59fa640059d6233011d9205dab74 }
[2m2025-12-05T21:55:57.761226Z[0m [34mDEBUG[0m [2mcommonware_consensus::simplex::actors::voter::actor[0m[2m:[0m [2m387:[0m broadcasting notarize [3mproposal[0m[2m=[0mProposal { round: Round { epoch: Epoch(1), view: View(3) }, parent: View(2), payload: d3dd6a548f42d7f97ce49bc172b2b697273e59fa640059d6233011d9205dab74 }
[2m2025-12-05T21:55:57.761348Z[0m [34mDEBUG[0m [2msummit_syncer::cache[0m[2m:[0m [2m278:[0m cached [3mround[0m[2m=[0mRound { epoch: Epoch(1), view: View(3) } [3mname[0m[2m=[0m"verified"
[2m2025-12-05T21:55:57.761415Z[0m [34mDEBUG[0m [2mcommonware_consensus::simplex::actors::voter::actor[0m[2m:[0m [2m255:[0m requested proposal verification [3mproposal[0m[2m=[0mProposal { round: Round { epoch: Epoch(1), view: View(3) }, parent: View(2), payload: d3dd6a548f42d7f97ce49bc172b2b697273e59fa640059d6233011d9205dab74 }
[2m2025-12-05T21:55:57.761560Z[0m [34mDEBUG[0m [2msummit_application::actor[0m[2m:[0m [2m225:[0m 48 application: Handling message Verify for round (1, 3) (epoch 1, view 3), parent height: 2
[2m2025-12-05T21:55:57.762474Z[0m [34mDEBUG[0m [2msummit_syncer::actor[0m[2m:[0m [2m519:[0m requested block missing [3mround[0m[2m=[0mRound { epoch: Epoch(1), view: View(3) } [3mcommitment[0m[2m=[0md3dd6a548f42d7f97ce49bc172b2b697273e59fa640059d6233011d9205dab74
[2m2025-12-05T21:55:57.762488Z[0m [34mDEBUG[0m [2msummit_syncer::actor[0m[2m:[0m [2m524:[0m registering subscriber [3mround[0m[2m=[0mSome(Round { epoch: Epoch(1), view: View(3) }) [3mcommitment[0m[2m=[0md3dd6a548f42d7f97ce49bc172b2b697273e59fa640059d6233011d9205dab74
[2m2025-12-05T21:55:57.763590Z[0m [34mDEBUG[0m [2mcommonware_consensus::simplex::actors::voter::actor[0m[2m:[0m [2m387:[0m broadcasting notarize [3mproposal[0m[2m=[0mProposal { round: Round { epoch: Epoch(1), view: View(3) }, parent: View(2), payload: d3dd6a548f42d7f97ce49bc172b2b697273e59fa640059d6233011d9205dab74 }
[2m2025-12-05T21:55:57.763814Z[0m [34mDEBUG[0m [2msummit_syncer::cache[0m[2m:[0m [2m278:[0m cached [3mround[0m[2m=[0mRound { epoch: Epoch(1), view: View(3) } [3mname[0m[2m=[0m"verified"
[2m2025-12-05T21:55:57.767599Z[0m [34mDEBUG[0m [2mcommonware_consensus::simplex::actors::voter::round[0m[2m:[0m [2m174:[0m leader elected [3mround[0m[2m=[0mRound { epoch: Epoch(1), view: View(4) } [3mleader[0m[2m=[0m1c0c1c72c52dbd38c741a2c1989e02a41b388348011566b914a1ed6932b8f880 [3mleader_idx[0m[2m=[0m0
[2m2025-12-05T21:55:57.767664Z[0m [34mDEBUG[0m [2mcommonware_consensus::simplex::actors::voter::actor[0m[2m:[0m [2m446:[0m broadcasting notarization [3mproposal[0m[2m=[0mProposal { round: Round { epoch: Epoch(1), view: View(3) }, parent: View(2), payload: d3dd6a548f42d7f97ce49bc172b2b697273e59fa640059d6233011d9205dab74 }
[2m2025-12-05T21:55:57.768535Z[0m [34mDEBUG[0m [2mcommonware_consensus::simplex::actors::voter::actor[0m[2m:[0m [2m511:[0m broadcasting finalize [3mproposal[0m[2m=[0mProposal { round: Round { epoch: Epoch(1), view: View(3) }, parent: View(2), payload: d3dd6a548f42d7f97ce49bc172b2b697273e59fa640059d6233011d9205dab74 }
[2m2025-12-05T21:55:57.768873Z[0m [34mDEBUG[0m [2msummit_syncer::cache[0m[2m:[0m [2m278:[0m cached [3mround[0m[2m=[0mRound { epoch: Epoch(1), view: View(3) } [3mname[0m[2m=[0m"notarization"
[2m2025-12-05T21:55:57.769468Z[0m [34mDEBUG[0m [2msummit_syncer::cache[0m[2m:[0m [2m278:[0m cached [3mround[0m[2m=[0mRound { epoch: Epoch(1), view: View(3) } [3mname[0m[2m=[0m"notarized"
[2m2025-12-05T21:55:57.770976Z[0m [34mDEBUG[0m [2mcommonware_consensus::simplex::actors::voter::round[0m[2m:[0m [2m174:[0m leader elected [3mround[0m[2m=[0mRound { epoch: Epoch(1), view: View(4) } [3mleader[0m[2m=[0m1c0c1c72c52dbd38c741a2c1989e02a41b388348011566b914a1ed6932b8f880 [3mleader_idx[0m[2m=[0m0
[2m2025-12-05T21:55:57.771047Z[0m [34mDEBUG[0m [2mcommonware_consensus::simplex::actors::voter::actor[0m[2m:[0m [2m446:[0m broadcasting notarization [3mproposal[0m[2m=[0mProposal { round: Round { epoch: Epoch(1), view: View(3) }, parent: View(2), payload: d3dd6a548f42d7f97ce49bc172b2b697273e59fa640059d6233011d9205dab74 }
[2m2025-12-05T21:55:57.771876Z[0m [34mDEBUG[0m [2mcommonware_consensus::simplex::actors::voter::actor[0m[2m:[0m [2m511:[0m broadcasting finalize [3mproposal[0m[2m=[0mProposal { round: Round { epoch: Epoch(1), view: View(3) }, parent: View(2), payload: d3dd6a548f42d7f97ce49bc172b2b697273e59fa640059d6233011d9205dab74 }
[2m2025-12-05T21:55:57.773084Z[0m [34mDEBUG[0m [2msummit_syncer::cache[0m[2m:[0m [2m278:[0m cached [3mround[0m[2m=[0mRound { epoch: Epoch(1), view: View(3) } [3mname[0m[2m=[0m"notarization"
[2m2025-12-05T21:55:57.773524Z[0m [34mDEBUG[0m [2msummit_syncer::actor[0m[2m:[0m [2m617:[0m notarization missing on request [3mround[0m[2m=[0mRound { epoch: Epoch(1), view: View(3) }
[2m2025-12-05T21:55:57.773647Z[0m [34mDEBUG[0m [2msummit_syncer::cache[0m[2m:[0m [2m278:[0m cached [3mround[0m[2m=[0mRound { epoch: Epoch(1), view: View(3) } [3mname[0m[2m=[0m"notarized"
[2m2025-12-05T21:55:57.773698Z[0m [34mDEBUG[0m [2mcommonware_resolver::p2p::engine[0m[2m:[0m [2m291:[0m serve failed [3merr[0m[2m=[0mCanceled [3mpeer[0m[2m=[0m478b8e507e0bb2b18c0f9e0824769e8562d10df9abe2e774896f82b4b4405266 [3mid[0m[2m=[0m6
[2m2025-12-05T21:55:57.774953Z[0m [34mDEBUG[0m [2mcommonware_consensus::simplex::actors::voter::round[0m[2m:[0m [2m174:[0m leader elected [3mround[0m[2m=[0mRound { epoch: Epoch(1), view: View(4) } [3mleader[0m[2m=[0m1c0c1c72c52dbd38c741a2c1989e02a41b388348011566b914a1ed6932b8f880 [3mleader_idx[0m[2m=[0m0
[2m2025-12-05T21:55:57.775021Z[0m [34mDEBUG[0m [2mcommonware_consensus::simplex::actors::voter::actor[0m[2m:[0m [2m446:[0m broadcasting notarization [3mproposal[0m[2m=[0mProposal { round: Round { epoch: Epoch(1), view: View(3) }, parent: View(2), payload: d3dd6a548f42d7f97ce49bc172b2b697273e59fa640059d6233011d9205dab74 }
[2m2025-12-05T21:55:57.775602Z[0m [34mDEBUG[0m [2mcommonware_consensus::simplex::actors::voter::actor[0m[2m:[0m [2m511:[0m broadcasting finalize [3mproposal[0m[2m=[0mProposal { round: Round { epoch: Epoch(1), view: View(3) }, parent: View(2), payload: d3dd6a548f42d7f97ce49bc172b2b697273e59fa640059d6233011d9205dab74 }
[2m2025-12-05T21:55:57.775723Z[0m [34mDEBUG[0m [2msummit_syncer::cache[0m[2m:[0m [2m278:[0m cached [3mround[0m[2m=[0mRound { epoch: Epoch(1), view: View(3) } [3mname[0m[2m=[0m"notarization"
[2m2025-12-05T21:55:57.776017Z[0m [34mDEBUG[0m [2msummit_syncer::cache[0m[2m:[0m [2m278:[0m cached [3mround[0m[2m=[0mRound { epoch: Epoch(1), view: View(3) } [3mname[0m[2m=[0m"notarized"
[2m2025-12-05T21:55:57.777372Z[0m [34mDEBUG[0m [2mcommonware_consensus::simplex::actors::voter::round[0m[2m:[0m [2m174:[0m leader elected [3mround[0m[2m=[0mRound { epoch: Epoch(1), view: View(4) } [3mleader[0m[2m=[0m1c0c1c72c52dbd38c741a2c1989e02a41b388348011566b914a1ed6932b8f880 [3mleader_idx[0m[2m=[0m0
[2m2025-12-05T21:55:57.777432Z[0m [34mDEBUG[0m [2mcommonware_consensus::simplex::actors::voter::actor[0m[2m:[0m [2m446:[0m broadcasting notarization [3mproposal[0m[2m=[0mProposal { round: Round { epoch: Epoch(1), view: View(3) }, parent: View(2), payload: d3dd6a548f42d7f97ce49bc172b2b697273e59fa640059d6233011d9205dab74 }
[2m2025-12-05T21:55:57.778520Z[0m [34mDEBUG[0m [2mcommonware_consensus::simplex::actors::voter::round[0m[2m:[0m [2m312:[0m setting verified proposal from certificate [3mproposal[0m[2m=[0mProposal { round: Round { epoch: Epoch(1), view: View(3) }, parent: View(2), payload: d3dd6a548f42d7f97ce49bc172b2b697273e59fa640059d6233011d9205dab74 }
[2m2025-12-05T21:55:57.778536Z[0m [34mDEBUG[0m [2mcommonware_consensus::simplex::actors::voter::round[0m[2m:[0m [2m174:[0m leader elected [3mround[0m[2m=[0mRound { epoch: Epoch(1), view: View(4) } [3mleader[0m[2m=[0m1c0c1c72c52dbd38c741a2c1989e02a41b388348011566b914a1ed6932b8f880 [3mleader_idx[0m[2m=[0m0
[2m2025-12-05T21:55:57.778907Z[0m [34mDEBUG[0m [2mcommonware_consensus::simplex::actors::voter::actor[0m[2m:[0m [2m387:[0m broadcasting notarize [3mproposal[0m[2m=[0mProposal { round: Round { epoch: Epoch(1), view: View(3) }, parent: View(2), payload: d3dd6a548f42d7f97ce49bc172b2b697273e59fa640059d6233011d9205dab74 }
[2m2025-12-05T21:55:57.779419Z[0m [34mDEBUG[0m [2mcommonware_consensus::simplex::actors::voter::actor[0m[2m:[0m [2m511:[0m broadcasting finalize [3mproposal[0m[2m=[0mProposal { round: Round { epoch: Epoch(1), view: View(3) }, parent: View(2), payload: d3dd6a548f42d7f97ce49bc172b2b697273e59fa640059d6233011d9205dab74 }
[2m2025-12-05T21:55:57.779828Z[0m [34mDEBUG[0m [2msummit_syncer::cache[0m[2m:[0m [2m278:[0m cached [3mround[0m[2m=[0mRound { epoch: Epoch(1), view: View(3) } [3mname[0m[2m=[0m"notarization"
[2m2025-12-05T21:55:57.780089Z[0m [34mDEBUG[0m [2mcommonware_consensus::simplex::actors::voter::actor[0m[2m:[0m [2m446:[0m broadcasting notarization [3mproposal[0m[2m=[0mProposal { round: Round { epoch: Epoch(1), view: View(3) }, parent: View(2), payload: d3dd6a548f42d7f97ce49bc172b2b697273e59fa640059d6233011d9205dab74 }
[2m2025-12-05T21:55:57.780243Z[0m [34mDEBUG[0m [2msummit_syncer::cache[0m[2m:[0m [2m278:[0m cached [3mround[0m[2m=[0mRound { epoch: Epoch(1), view: View(3) } [3mname[0m[2m=[0m"notarized"
[2m2025-12-05T21:55:57.780856Z[0m [34mDEBUG[0m [2mcommonware_consensus::simplex::actors::voter::actor[0m[2m:[0m [2m511:[0m broadcasting finalize [3mproposal[0m[2m=[0mProposal { round: Round { epoch: Epoch(1), view: View(3) }, parent: View(2), payload: d3dd6a548f42d7f97ce49bc172b2b697273e59fa640059d6233011d9205dab74 }
[2m2025-12-05T21:55:57.781042Z[0m [34mDEBUG[0m [2msummit_syncer::cache[0m[2m:[0m [2m278:[0m cached [3mround[0m[2m=[0mRound { epoch: Epoch(1), view: View(3) } [3mname[0m[2m=[0m"notarization"
[2m2025-12-05T21:55:57.781319Z[0m [34mDEBUG[0m [2msummit_syncer::cache[0m[2m:[0m [2m278:[0m cached [3mround[0m[2m=[0mRound { epoch: Epoch(1), view: View(3) } [3mname[0m[2m=[0m"notarized"
[2m2025-12-05T21:55:57.781396Z[0m [34mDEBUG[0m [2mcommonware_consensus::simplex::actors::voter::actor[0m[2m:[0m [2m245:[0m requested proposal from automaton [3mround[0m[2m=[0mRound { epoch: Epoch(1), view: View(4) }
[2m2025-12-05T21:55:57.781528Z[0m [34mDEBUG[0m [2msummit_application::actor[0m[2m:[0m [2m151:[0m 65 application: Handling message Propose for round (1, 4) (epoch 1, view 4), parent height: 3
[2m2025-12-05T21:55:57.785827Z[0m [34mDEBUG[0m [2mcommonware_consensus::simplex::actors::voter::actor[0m[2m:[0m [2m545:[0m broadcasting finalization [3mproposal[0m[2m=[0mProposal { round: Round { epoch: Epoch(1), view: View(3) }, parent: View(2), payload: d3dd6a548f42d7f97ce49bc172b2b697273e59fa640059d6233011d9205dab74 }
[2m2025-12-05T21:55:57.786166Z[0m [34mDEBUG[0m [2msummit_syncer::cache[0m[2m:[0m [2m278:[0m cached [3mround[0m[2m=[0mRound { epoch: Epoch(1), view: View(3) } [3mname[0m[2m=[0m"finalization"
[2m2025-12-05T21:55:57.786550Z[0m [34mDEBUG[0m [2mcommonware_consensus::simplex::actors::voter::actor[0m[2m:[0m [2m387:[0m broadcasting notarize [3mproposal[0m[2m=[0mProposal { round: Round { epoch: Epoch(1), view: View(4) }, parent: View(3), payload: 370fdaf5437fd3cb4c0a1b055073b831be63dda37b457a9f3dfaa6f1ecbde87f }
[2m2025-12-05T21:55:57.786625Z[0m [32m INFO[0m [2msummit_application::actor[0m[2m:[0m [2m202:[0m 65 Handling message Broadcast
[2m2025-12-05T21:55:57.804503Z[0m [34mDEBUG[0m [2msummit_syncer::actor[0m[2m:[0m [2m454:[0m finalized block stored [3mround[0m[2m=[0mRound { epoch: Epoch(1), view: View(3) } [3mheight[0m[2m=[0m11
[2m2025-12-05T21:55:57.804665Z[0m [33m WARN[0m [2msummit_finalizer::actor[0m[2m:[0m [2m325:[0m Height: 11 contains invalid eth payload. Not executing but keeping part of chain
[2m2025-12-05T21:55:57.804687Z[0m [32m INFO[0m [2msummit_finalizer::actor[0m[2m:[0m [2m504:[0m finalized block [3mnew_height[0m[2m=[0m11 [3mself.state.epoch[0m[2m=[0m1
[2m2025-12-05T21:55:57.805072Z[0m [34mDEBUG[0m [2mcommonware_storage::journal::segmented::variable[0m[2m:[0m [2m828:[0m destroyed blob [3mblob[0m[2m=[0m0 [3msize[0m[2m=[0m7283
[2m2025-12-05T21:55:57.805125Z[0m [34mDEBUG[0m [2mcommonware_storage::journal::segmented::variable[0m[2m:[0m [2m828:[0m destroyed blob [3mblob[0m[2m=[0m0 [3msize[0m[2m=[0m9107
[2m2025-12-05T21:55:57.805153Z[0m [34mDEBUG[0m [2mcommonware_storage::journal::segmented::variable[0m[2m:[0m [2m828:[0m destroyed blob [3mblob[0m[2m=[0m0 [3msize[0m[2m=[0m1909
[2m2025-12-05T21:55:57.805183Z[0m [34mDEBUG[0m [2mcommonware_storage::journal::segmented::variable[0m[2m:[0m [2m828:[0m destroyed blob [3mblob[0m[2m=[0m0 [3msize[0m[2m=[0m1717
[2m2025-12-05T21:55:57.805254Z[0m [34mDEBUG[0m [2mcommonware_storage::archive::prunable::storage[0m[2m:[0m [2m251:[0m pruning archive [3mmin[0m[2m=[0m0
[2m2025-12-05T21:55:57.805261Z[0m [34mDEBUG[0m [2mcommonware_storage::archive::prunable::storage[0m[2m:[0m [2m251:[0m pruning archive [3mmin[0m[2m=[0m0
[2m2025-12-05T21:55:57.805266Z[0m [34mDEBUG[0m [2mcommonware_storage::archive::prunable::storage[0m[2m:[0m [2m251:[0m pruning archive [3mmin[0m[2m=[0m0
[2m2025-12-05T21:55:57.805271Z[0m [34mDEBUG[0m [2mcommonware_storage::archive::prunable::storage[0m[2m:[0m [2m251:[0m pruning archive [3mmin[0m[2m=[0m0
[2m2025-12-05T21:55:57.805276Z[0m [34mDEBUG[0m [2msummit_syncer::cache[0m[2m:[0m [2m60:[0m pruned archives [3mmin_view[0m[2m=[0m0
[2m2025-12-05T21:55:57.807360Z[0m [34mDEBUG[0m [2mcommonware_consensus::simplex::actors::voter::actor[0m[2m:[0m [2m545:[0m broadcasting finalization [3mproposal[0m[2m=[0mProposal { round: Round { epoch: Epoch(1), view: View(3) }, parent: View(2), payload: d3dd6a548f42d7f97ce49bc172b2b697273e59fa640059d6233011d9205dab74 }
[2m2025-12-05T21:55:57.808411Z[0m [34mDEBUG[0m [2msummit_syncer::cache[0m[2m:[0m [2m278:[0m cached [3mround[0m[2m=[0mRound { epoch: Epoch(1), view: View(3) } [3mname[0m[2m=[0m"finalization"
[2m2025-12-05T21:55:57.827630Z[0m [34mDEBUG[0m [2msummit_syncer::actor[0m[2m:[0m [2m454:[0m finalized block stored [3mround[0m[2m=[0mRound { epoch: Epoch(1), view: View(3) } [3mheight[0m[2m=[0m11
[2m2025-12-05T21:55:57.827938Z[0m [33m WARN[0m [2msummit_finalizer::actor[0m[2m:[0m [2m325:[0m Height: 11 contains invalid eth payload. Not executing but keeping part of chain
[2m2025-12-05T21:55:57.827962Z[0m [32m INFO[0m [2msummit_finalizer::actor[0m[2m:[0m [2m504:[0m finalized block [3mnew_height[0m[2m=[0m11 [3mself.state.epoch[0m[2m=[0m1
[2m2025-12-05T21:55:57.829346Z[0m [34mDEBUG[0m [2mcommonware_storage::journal::segmented::variable[0m[2m:[0m [2m828:[0m destroyed blob [3mblob[0m[2m=[0m0 [3msize[0m[2m=[0m8195
[2m2025-12-05T21:55:57.829397Z[0m [34mDEBUG[0m [2mcommonware_storage::journal::segmented::variable[0m[2m:[0m [2m828:[0m destroyed blob [3mblob[0m[2m=[0m0 [3msize[0m[2m=[0m9107
[2m2025-12-05T21:55:57.829425Z[0m [34mDEBUG[0m [2mcommonware_storage::journal::segmented::variable[0m[2m:[0m [2m828:[0m destroyed blob [3mblob[0m[2m=[0m0 [3msize[0m[2m=[0m1909
[2m2025-12-05T21:55:57.829452Z[0m [34mDEBUG[0m [2mcommonware_storage::journal::segmented::variable[0m[2m:[0m [2m828:[0m destroyed blob [3mblob[0m[2m=[0m0 [3msize[0m[2m=[0m1717
[2m2025-12-05T21:55:57.829522Z[0m [34mDEBUG[0m [2mcommonware_storage::archive::prunable::storage[0m[2m:[0m [2m251:[0m pruning archive [3mmin[0m[2m=[0m0
[2m2025-12-05T21:55:57.829531Z[0m [34mDEBUG[0m [2mcommonware_storage::archive::prunable::storage[0m[2m:[0m [2m251:[0m pruning archive [3mmin[0m[2m=[0m0
[2m2025-12-05T21:55:57.829535Z[0m [34mDEBUG[0m [2mcommonware_storage::archive::prunable::storage[0m[2m:[0m [2m251:[0m pruning archive [3mmin[0m[2m=[0m0
[2m2025-12-05T21:55:57.829540Z[0m [34mDEBUG[0m [2mcommonware_storage::archive::prunable::storage[0m[2m:[0m [2m251:[0m pruning archive [3mmin[0m[2m=[0m0
[2m2025-12-05T21:55:57.829545Z[0m [34mDEBUG[0m [2msummit_syncer::cache[0m[2m:[0m [2m60:[0m pruned archives [3mmin_view[0m[2m=[0m0
[2m2025-12-05T21:55:57.829731Z[0m [34mDEBUG[0m [2mcommonware_consensus::simplex::actors::voter::actor[0m[2m:[0m [2m545:[0m broadcasting finalization [3mproposal[0m[2m=[0mProposal { round: Round { epoch: Epoch(1), view: View(3) }, parent: View(2), payload: d3dd6a548f42d7f97ce49bc172b2b697273e59fa640059d6233011d9205dab74 }
[2m2025-12-05T21:55:57.830314Z[0m [34mDEBUG[0m [2msummit_syncer::cache[0m[2m:[0m [2m278:[0m cached [3mround[0m[2m=[0mRound { epoch: Epoch(1), view: View(3) } [3mname[0m[2m=[0m"finalization"
[2m2025-12-05T21:55:57.848064Z[0m [34mDEBUG[0m [2msummit_syncer::actor[0m[2m:[0m [2m454:[0m finalized block stored [3mround[0m[2m=[0mRound { epoch: Epoch(1), view: View(3) } [3mheight[0m[2m=[0m11
[2m2025-12-05T21:55:57.848254Z[0m [33m WARN[0m [2msummit_finalizer::actor[0m[2m:[0m [2m325:[0m Height: 11 contains invalid eth payload. Not executing but keeping part of chain
[2m2025-12-05T21:55:57.848275Z[0m [32m INFO[0m [2msummit_finalizer::actor[0m[2m:[0m [2m504:[0m finalized block [3mnew_height[0m[2m=[0m11 [3mself.state.epoch[0m[2m=[0m1
[2m2025-12-05T21:55:57.849477Z[0m [34mDEBUG[0m [2mcommonware_storage::journal::segmented::variable[0m[2m:[0m [2m828:[0m destroyed blob [3mblob[0m[2m=[0m0 [3msize[0m[2m=[0m7283
[2m2025-12-05T21:55:57.849529Z[0m [34mDEBUG[0m [2mcommonware_storage::journal::segmented::variable[0m[2m:[0m [2m828:[0m destroyed blob [3mblob[0m[2m=[0m0 [3msize[0m[2m=[0m9107
[2m2025-12-05T21:55:57.849557Z[0m [34mDEBUG[0m [2mcommonware_storage::journal::segmented::variable[0m[2m:[0m [2m828:[0m destroyed blob [3mblob[0m[2m=[0m0 [3msize[0m[2m=[0m1909
[2m2025-12-05T21:55:57.849587Z[0m [34mDEBUG[0m [2mcommonware_storage::journal::segmented::variable[0m[2m:[0m [2m828:[0m destroyed blob [3mblob[0m[2m=[0m0 [3msize[0m[2m=[0m1717
[2m2025-12-05T21:55:57.849653Z[0m [34mDEBUG[0m [2mcommonware_storage::archive::prunable::storage[0m[2m:[0m [2m251:[0m pruning archive [3mmin[0m[2m=[0m0
[2m2025-12-05T21:55:57.849660Z[0m [34mDEBUG[0m [2mcommonware_storage::archive::prunable::storage[0m[2m:[0m [2m251:[0m pruning archive [3mmin[0m[2m=[0m0
[2m2025-12-05T21:55:57.849664Z[0m [34mDEBUG[0m [2mcommonware_storage::archive::prunable::storage[0m[2m:[0m [2m251:[0m pruning archive [3mmin[0m[2m=[0m0
[2m2025-12-05T21:55:57.849669Z[0m [34mDEBUG[0m [2mcommonware_storage::archive::prunable::storage[0m[2m:[0m [2m251:[0m pruning archive [3mmin[0m[2m=[0m0
[2m2025-12-05T21:55:57.849674Z[0m [34mDEBUG[0m [2msummit_syncer::cache[0m[2m:[0m [2m60:[0m pruned archives [3mmin_view[0m[2m=[0m0
[2m2025-12-05T21:55:57.849868Z[0m [34mDEBUG[0m [2mcommonware_consensus::simplex::actors::voter::actor[0m[2m:[0m [2m545:[0m broadcasting finalization [3mproposal[0m[2m=[0mProposal { round: Round { epoch: Epoch(1), view: View(3) }, parent: View(2), payload: d3dd6a548f42d7f97ce49bc172b2b697273e59fa640059d6233011d9205dab74 }
[2m2025-12-05T21:55:57.850400Z[0m [34mDEBUG[0m [2msummit_syncer::cache[0m[2m:[0m [2m278:[0m cached [3mround[0m[2m=[0mRound { epoch: Epoch(1), view: View(3) } [3mname[0m[2m=[0m"finalization"
[2m2025-12-05T21:55:57.869708Z[0m [34mDEBUG[0m [2msummit_syncer::actor[0m[2m:[0m [2m454:[0m finalized block stored [3mround[0m[2m=[0mRound { epoch: Epoch(1), view: View(3) } [3mheight[0m[2m=[0m11
[2m2025-12-05T21:55:57.869848Z[0m [33m WARN[0m [2msummit_finalizer::actor[0m[2m:[0m [2m325:[0m Height: 11 contains invalid eth payload. Not executing but keeping part of chain
[2m2025-12-05T21:55:57.869868Z[0m [32m INFO[0m [2msummit_finalizer::actor[0m[2m:[0m [2m504:[0m finalized block [3mnew_height[0m[2m=[0m11 [3mself.state.epoch[0m[2m=[0m1
[2m2025-12-05T21:55:57.870221Z[0m [34mDEBUG[0m [2mcommonware_storage::journal::segmented::variable[0m[2m:[0m [2m828:[0m destroyed blob [3mblob[0m[2m=[0m0 [3msize[0m[2m=[0m7283
[2m2025-12-05T21:55:57.870275Z[0m [34mDEBUG[0m [2mcommonware_storage::journal::segmented::variable[0m[2m:[0m [2m828:[0m destroyed blob [3mblob[0m[2m=[0m0 [3msize[0m[2m=[0m9107
[2m2025-12-05T21:55:57.870317Z[0m [34mDEBUG[0m [2mcommonware_storage::journal::segmented::variable[0m[2m:[0m [2m828:[0m destroyed blob [3mblob[0m[2m=[0m0 [3msize[0m[2m=[0m1909
[2m2025-12-05T21:55:57.870346Z[0m [34mDEBUG[0m [2mcommonware_storage::journal::segmented::variable[0m[2m:[0m [2m828:[0m destroyed blob [3mblob[0m[2m=[0m0 [3msize[0m[2m=[0m1717
[2m2025-12-05T21:55:57.870416Z[0m [34mDEBUG[0m [2mcommonware_storage::archive::prunable::storage[0m[2m:[0m [2m251:[0m pruning archive [3mmin[0m[2m=[0m0
[2m2025-12-05T21:55:57.870423Z[0m [34mDEBUG[0m [2mcommonware_storage::archive::prunable::storage[0m[2m:[0m [2m251:[0m pruning archive [3mmin[0m[2m=[0m0
[2m2025-12-05T21:55:57.870428Z[0m [34mDEBUG[0m [2mcommonware_storage::archive::prunable::storage[0m[2m:[0m [2m251:[0m pruning archive [3mmin[0m[2m=[0m0
[2m2025-12-05T21:55:57.870432Z[0m [34mDEBUG[0m [2mcommonware_storage::archive::prunable::storage[0m[2m:[0m [2m251:[0m pruning archive [3mmin[0m[2m=[0m0
[2m2025-12-05T21:55:57.870438Z[0m [34mDEBUG[0m [2msummit_syncer::cache[0m[2m:[0m [2m60:[0m pruned archives [3mmin_view[0m[2m=[0m0
[2m2025-12-05T21:55:57.872513Z[0m [34mDEBUG[0m [2mcommonware_consensus::simplex::actors::voter::actor[0m[2m:[0m [2m255:[0m requested proposal verification [3mproposal[0m[2m=[0mProposal { round: Round { epoch: Epoch(1), view: View(4) }, parent: View(3), payload: 370fdaf5437fd3cb4c0a1b055073b831be63dda37b457a9f3dfaa6f1ecbde87f }
[2m2025-12-05T21:55:57.872555Z[0m [34mDEBUG[0m [2msummit_application::actor[0m[2m:[0m [2m225:[0m 48 application: Handling message Verify for round (1, 4) (epoch 1, view 4), parent height: 3
[2m2025-12-05T21:55:57.873155Z[0m [34mDEBUG[0m [2msummit_syncer::actor[0m[2m:[0m [2m519:[0m requested block missing [3mround[0m[2m=[0mRound { epoch: Epoch(1), view: View(4) } [3mcommitment[0m[2m=[0m370fdaf5437fd3cb4c0a1b055073b831be63dda37b457a9f3dfaa6f1ecbde87f
[2m2025-12-05T21:55:57.873175Z[0m [34mDEBUG[0m [2msummit_syncer::actor[0m[2m:[0m [2m524:[0m registering subscriber [3mround[0m[2m=[0mSome(Round { epoch: Epoch(1), view: View(4) }) [3mcommitment[0m[2m=[0m370fdaf5437fd3cb4c0a1b055073b831be63dda37b457a9f3dfaa6f1ecbde87f
[2m2025-12-05T21:55:57.874291Z[0m [34mDEBUG[0m [2mcommonware_consensus::simplex::actors::voter::actor[0m[2m:[0m [2m255:[0m requested proposal verification [3mproposal[0m[2m=[0mProposal { round: Round { epoch: Epoch(1), view: View(4) }, parent: View(3), payload: 370fdaf5437fd3cb4c0a1b055073b831be63dda37b457a9f3dfaa6f1ecbde87f }
[2m2025-12-05T21:55:57.874693Z[0m [34mDEBUG[0m [2msummit_application::actor[0m[2m:[0m [2m225:[0m 125 application: Handling message Verify for round (1, 4) (epoch 1, view 4), parent height: 3
[2m2025-12-05T21:55:57.875704Z[0m [34mDEBUG[0m [2mcommonware_consensus::simplex::actors::voter::actor[0m[2m:[0m [2m545:[0m broadcasting finalization [3mproposal[0m[2m=[0mProposal { round: Round { epoch: Epoch(1), view: View(3) }, parent: View(2), payload: d3dd6a548f42d7f97ce49bc172b2b697273e59fa640059d6233011d9205dab74 }
[2m2025-12-05T21:55:57.877515Z[0m [34mDEBUG[0m [2msummit_syncer::cache[0m[2m:[0m [2m278:[0m cached [3mround[0m[2m=[0mRound { epoch: Epoch(1), view: View(3) } [3mname[0m[2m=[0m"finalization"
[2m2025-12-05T21:55:57.877612Z[0m [34mDEBUG[0m [2mcommonware_consensus::simplex::actors::voter::actor[0m[2m:[0m [2m255:[0m requested proposal verification [3mproposal[0m[2m=[0mProposal { round: Round { epoch: Epoch(1), view: View(4) }, parent: View(3), payload: 370fdaf5437fd3cb4c0a1b055073b831be63dda37b457a9f3dfaa6f1ecbde87f }
[2m2025-12-05T21:55:57.877656Z[0m [34mDEBUG[0m [2msummit_application::actor[0m[2m:[0m [2m225:[0m 155 application: Handling message Verify for round (1, 4) (epoch 1, view 4), parent height: 3
[2m2025-12-05T21:55:57.877765Z[0m [34mDEBUG[0m [2msummit_syncer::actor[0m[2m:[0m [2m519:[0m requested block missing [3mround[0m[2m=[0mRound { epoch: Epoch(1), view: View(4) } [3mcommitment[0m[2m=[0m370fdaf5437fd3cb4c0a1b055073b831be63dda37b457a9f3dfaa6f1ecbde87f
[2m2025-12-05T21:55:57.877776Z[0m [34mDEBUG[0m [2msummit_syncer::actor[0m[2m:[0m [2m524:[0m registering subscriber [3mround[0m[2m=[0mSome(Round { epoch: Epoch(1), view: View(4) }) [3mcommitment[0m[2m=[0m370fdaf5437fd3cb4c0a1b055073b831be63dda37b457a9f3dfaa6f1ecbde87f
[2m2025-12-05T21:55:57.894953Z[0m [34mDEBUG[0m [2msummit_syncer::actor[0m[2m:[0m [2m454:[0m finalized block stored [3mround[0m[2m=[0mRound { epoch: Epoch(1), view: View(3) } [3mheight[0m[2m=[0m11
[2m2025-12-05T21:55:57.895293Z[0m [34mDEBUG[0m [2msummit_syncer::cache[0m[2m:[0m [2m278:[0m cached [3mround[0m[2m=[0mRound { epoch: Epoch(1), view: View(4) } [3mname[0m[2m=[0m"verified"
[2m2025-12-05T21:55:57.895704Z[0m [34mDEBUG[0m [2mcommonware_consensus::simplex::actors::voter::actor[0m[2m:[0m [2m387:[0m broadcasting notarize [3mproposal[0m[2m=[0mProposal { round: Round { epoch: Epoch(1), view: View(4) }, parent: View(3), payload: 370fdaf5437fd3cb4c0a1b055073b831be63dda37b457a9f3dfaa6f1ecbde87f }
[2m2025-12-05T21:55:57.895768Z[0m [33m WARN[0m [2msummit_finalizer::actor[0m[2m:[0m [2m325:[0m Height: 11 contains invalid eth payload. Not executing but keeping part of chain
[2m2025-12-05T21:55:57.895792Z[0m [32m INFO[0m [2msummit_finalizer::actor[0m[2m:[0m [2m504:[0m finalized block [3mnew_height[0m[2m=[0m11 [3mself.state.epoch[0m[2m=[0m1
[2m2025-12-05T21:55:57.896180Z[0m [34mDEBUG[0m [2mcommonware_storage::journal::segmented::variable[0m[2m:[0m [2m828:[0m destroyed blob [3mblob[0m[2m=[0m0 [3msize[0m[2m=[0m7283
[2m2025-12-05T21:55:57.896231Z[0m [34mDEBUG[0m [2mcommonware_storage::journal::segmented::variable[0m[2m:[0m [2m828:[0m destroyed blob [3mblob[0m[2m=[0m0 [3msize[0m[2m=[0m9107
[2m2025-12-05T21:55:57.896258Z[0m [34mDEBUG[0m [2mcommonware_storage::journal::segmented::variable[0m[2m:[0m [2m828:[0m destroyed blob [3mblob[0m[2m=[0m0 [3msize[0m[2m=[0m1909
[2m2025-12-05T21:55:57.896286Z[0m [34mDEBUG[0m [2mcommonware_storage::journal::segmented::variable[0m[2m:[0m [2m828:[0m destroyed blob [3mblob[0m[2m=[0m0 [3msize[0m[2m=[0m1717
[2m2025-12-05T21:55:57.896351Z[0m [34mDEBUG[0m [2mcommonware_storage::archive::prunable::storage[0m[2m:[0m [2m251:[0m pruning archive [3mmin[0m[2m=[0m0
[2m2025-12-05T21:55:57.896357Z[0m [34mDEBUG[0m [2mcommonware_storage::archive::prunable::storage[0m[2m:[0m [2m251:[0m pruning archive [3mmin[0m[2m=[0m0
[2m2025-12-05T21:55:57.896361Z[0m [34mDEBUG[0m [2mcommonware_storage::archive::prunable::storage[0m[2m:[0m [2m251:[0m pruning archive [3mmin[0m[2m=[0m0
[2m2025-12-05T21:55:57.896366Z[0m [34mDEBUG[0m [2mcommonware_storage::archive::prunable::storage[0m[2m:[0m [2m251:[0m pruning archive [3mmin[0m[2m=[0m0
[2m2025-12-05T21:55:57.896371Z[0m [34mDEBUG[0m [2msummit_syncer::cache[0m[2m:[0m [2m60:[0m pruned archives [3mmin_view[0m[2m=[0m0
[2m2025-12-05T21:55:57.896883Z[0m [34mDEBUG[0m [2msummit_syncer::actor[0m[2m:[0m [2m519:[0m requested block missing [3mround[0m[2m=[0mRound { epoch: Epoch(1), view: View(4) } [3mcommitment[0m[2m=[0m370fdaf5437fd3cb4c0a1b055073b831be63dda37b457a9f3dfaa6f1ecbde87f
[2m2025-12-05T21:55:57.896898Z[0m [34mDEBUG[0m [2msummit_syncer::actor[0m[2m:[0m [2m524:[0m registering subscriber [3mround[0m[2m=[0mSome(Round { epoch: Epoch(1), view: View(4) }) [3mcommitment[0m[2m=[0m370fdaf5437fd3cb4c0a1b055073b831be63dda37b457a9f3dfaa6f1ecbde87f
[2m2025-12-05T21:55:57.899295Z[0m [34mDEBUG[0m [2mcommonware_consensus::simplex::actors::voter::actor[0m[2m:[0m [2m387:[0m broadcasting notarize [3mproposal[0m[2m=[0mProposal { round: Round { epoch: Epoch(1), view: View(4) }, parent: View(3), payload: 370fdaf5437fd3cb4c0a1b055073b831be63dda37b457a9f3dfaa6f1ecbde87f }
[2m2025-12-05T21:55:57.899377Z[0m [34mDEBUG[0m [2mcommonware_consensus::simplex::actors::voter::actor[0m[2m:[0m [2m255:[0m requested proposal verification [3mproposal[0m[2m=[0mProposal { round: Round { epoch: Epoch(1), view: View(4) }, parent: View(3), payload: 370fdaf5437fd3cb4c0a1b055073b831be63dda37b457a9f3dfaa6f1ecbde87f }
[2m2025-12-05T21:55:57.899510Z[0m [34mDEBUG[0m [2msummit_syncer::cache[0m[2m:[0m [2m278:[0m cached [3mround[0m[2m=[0mRound { epoch: Epoch(1), view: View(4) } [3mname[0m[2m=[0m"verified"
[2m2025-12-05T21:55:57.899628Z[0m [34mDEBUG[0m [2msummit_application::actor[0m[2m:[0m [2m225:[0m 140 application: Handling message Verify for round (1, 4) (epoch 1, view 4), parent height: 3
[2m2025-12-05T21:55:57.900841Z[0m [34mDEBUG[0m [2msummit_syncer::cache[0m[2m:[0m [2m278:[0m cached [3mround[0m[2m=[0mRound { epoch: Epoch(1), view: View(4) } [3mname[0m[2m=[0m"verified"
[2m2025-12-05T21:55:57.901209Z[0m [34mDEBUG[0m [2mcommonware_consensus::simplex::actors::voter::actor[0m[2m:[0m [2m387:[0m broadcasting notarize [3mproposal[0m[2m=[0mProposal { round: Round { epoch: Epoch(1), view: View(4) }, parent: View(3), payload: 370fdaf5437fd3cb4c0a1b055073b831be63dda37b457a9f3dfaa6f1ecbde87f }
[2m2025-12-05T21:55:57.902248Z[0m [34mDEBUG[0m [2msummit_syncer::actor[0m[2m:[0m [2m617:[0m notarization missing on request [3mround[0m[2m=[0mRound { epoch: Epoch(1), view: View(4) }
[2m2025-12-05T21:55:57.902296Z[0m [34mDEBUG[0m [2mcommonware_resolver::p2p::engine[0m[2m:[0m [2m291:[0m serve failed [3merr[0m[2m=[0mCanceled [3mpeer[0m[2m=[0m478b8e507e0bb2b18c0f9e0824769e8562d10df9abe2e774896f82b4b4405266 [3mid[0m[2m=[0m7
[2m2025-12-05T21:55:57.904067Z[0m [34mDEBUG[0m [2msummit_syncer::actor[0m[2m:[0m [2m617:[0m notarization missing on request [3mround[0m[2m=[0mRound { epoch: Epoch(1), view: View(4) }
[2m2025-12-05T21:55:57.904132Z[0m [34mDEBUG[0m [2mcommonware_resolver::p2p::engine[0m[2m:[0m [2m291:[0m serve failed [3merr[0m[2m=[0mCanceled [3mpeer[0m[2m=[0medd0f6de342a1e6a7236d6244f23d83eedfcecd059a386c85055701498e77033 [3mid[0m[2m=[0m7
[2m2025-12-05T21:55:57.906261Z[0m [34mDEBUG[0m [2mcommonware_consensus::simplex::actors::voter::round[0m[2m:[0m [2m174:[0m leader elected [3mround[0m[2m=[0mRound { epoch: Epoch(1), view: View(5) } [3mleader[0m[2m=[0m478b8e507e0bb2b18c0f9e0824769e8562d10df9abe2e774896f82b4b4405266 [3mleader_idx[0m[2m=[0m1
[2m2025-12-05T21:55:57.906324Z[0m [34mDEBUG[0m [2mcommonware_consensus::simplex::actors::voter::actor[0m[2m:[0m [2m446:[0m broadcasting notarization [3mproposal[0m[2m=[0mProposal { round: Round { epoch: Epoch(1), view: View(4) }, parent: View(3), payload: 370fdaf5437fd3cb4c0a1b055073b831be63dda37b457a9f3dfaa6f1ecbde87f }
[2m2025-12-05T21:55:57.907104Z[0m [34mDEBUG[0m [2mcommonware_consensus::simplex::actors::voter::actor[0m[2m:[0m [2m511:[0m broadcasting finalize [3mproposal[0m[2m=[0mProposal { round: Round { epoch: Epoch(1), view: View(4) }, parent: View(3), payload: 370fdaf5437fd3cb4c0a1b055073b831be63dda37b457a9f3dfaa6f1ecbde87f }
[2m2025-12-05T21:55:57.908254Z[0m [34mDEBUG[0m [2msummit_syncer::cache[0m[2m:[0m [2m278:[0m cached [3mround[0m[2m=[0mRound { epoch: Epoch(1), view: View(4) } [3mname[0m[2m=[0m"notarization"
[2m2025-12-05T21:55:57.908333Z[0m [34mDEBUG[0m [2mcommonware_consensus::simplex::actors::voter::round[0m[2m:[0m [2m174:[0m leader elected [3mround[0m[2m=[0mRound { epoch: Epoch(1), view: View(5) } [3mleader[0m[2m=[0m478b8e507e0bb2b18c0f9e0824769e8562d10df9abe2e774896f82b4b4405266 [3mleader_idx[0m[2m=[0m1
[2m2025-12-05T21:55:57.908392Z[0m [34mDEBUG[0m [2mcommonware_consensus::simplex::actors::voter::actor[0m[2m:[0m [2m446:[0m broadcasting notarization [3mproposal[0m[2m=[0mProposal { round: Round { epoch: Epoch(1), view: View(4) }, parent: View(3), payload: 370fdaf5437fd3cb4c0a1b055073b831be63dda37b457a9f3dfaa6f1ecbde87f }
[2m2025-12-05T21:55:57.908691Z[0m [34mDEBUG[0m [2msummit_syncer::cache[0m[2m:[0m [2m278:[0m cached [3mround[0m[2m=[0mRound { epoch: Epoch(1), view: View(4) } [3mname[0m[2m=[0m"notarized"
[2m2025-12-05T21:55:57.909312Z[0m [34mDEBUG[0m [2mcommonware_consensus::simplex::actors::voter::actor[0m[2m:[0m [2m511:[0m broadcasting finalize [3mproposal[0m[2m=[0mProposal { round: Round { epoch: Epoch(1), view: View(4) }, parent: View(3), payload: 370fdaf5437fd3cb4c0a1b055073b831be63dda37b457a9f3dfaa6f1ecbde87f }
[2m2025-12-05T21:55:57.909431Z[0m [34mDEBUG[0m [2msummit_syncer::cache[0m[2m:[0m [2m278:[0m cached [3mround[0m[2m=[0mRound { epoch: Epoch(1), view: View(4) } [3mname[0m[2m=[0m"notarization"
[2m2025-12-05T21:55:57.909834Z[0m [34mDEBUG[0m [2msummit_syncer::cache[0m[2m:[0m [2m278:[0m cached [3mround[0m[2m=[0mRound { epoch: Epoch(1), view: View(4) } [3mname[0m[2m=[0m"notarized"
[2m2025-12-05T21:55:57.910966Z[0m [34mDEBUG[0m [2msummit_syncer::actor[0m[2m:[0m [2m617:[0m notarization missing on request [3mround[0m[2m=[0mRound { epoch: Epoch(1), view: View(4) }
[2m2025-12-05T21:55:57.910997Z[0m [34mDEBUG[0m [2mcommonware_resolver::p2p::engine[0m[2m:[0m [2m291:[0m serve failed [3merr[0m[2m=[0mCanceled [3mpeer[0m[2m=[0mec8924090e507c2d8371d2fb0bf965d553e6e5756aeec6c274df3801cf2b49b9 [3mid[0m[2m=[0m3
[2m2025-12-05T21:55:57.911094Z[0m [34mDEBUG[0m [2mcommonware_consensus::simplex::actors::voter::round[0m[2m:[0m [2m174:[0m leader elected [3mround[0m[2m=[0mRound { epoch: Epoch(1), view: View(5) } [3mleader[0m[2m=[0m478b8e507e0bb2b18c0f9e0824769e8562d10df9abe2e774896f82b4b4405266 [3mleader_idx[0m[2m=[0m1
[2m2025-12-05T21:55:57.911157Z[0m [34mDEBUG[0m [2mcommonware_consensus::simplex::actors::voter::actor[0m[2m:[0m [2m446:[0m broadcasting notarization [3mproposal[0m[2m=[0mProposal { round: Round { epoch: Epoch(1), view: View(4) }, parent: View(3), payload: 370fdaf5437fd3cb4c0a1b055073b831be63dda37b457a9f3dfaa6f1ecbde87f }
[2m2025-12-05T21:55:57.911514Z[0m [34mDEBUG[0m [2msummit_syncer::cache[0m[2m:[0m [2m278:[0m cached [3mround[0m[2m=[0mRound { epoch: Epoch(1), view: View(4) } [3mname[0m[2m=[0m"notarization"
[2m2025-12-05T21:55:57.911606Z[0m [33m WARN[0m [2msummit_application::actor[0m[2m:[0m [2m284:[0m verify aborted for round (1, 4)
[2m2025-12-05T21:55:57.911652Z[0m [34mDEBUG[0m [2msummit_syncer::actor[0m[2m:[0m [2m430:[0m notarized block missing [3mround[0m[2m=[0mRound { epoch: Epoch(1), view: View(4) }
[2m2025-12-05T21:55:57.912803Z[0m [34mDEBUG[0m [2mcommonware_consensus::simplex::actors::voter::round[0m[2m:[0m [2m174:[0m leader elected [3mround[0m[2m=[0mRound { epoch: Epoch(1), view: View(5) } [3mleader[0m[2m=[0m478b8e507e0bb2b18c0f9e0824769e8562d10df9abe2e774896f82b4b4405266 [3mleader_idx[0m[2m=[0m1
[2m2025-12-05T21:55:57.912860Z[0m [34mDEBUG[0m [2mcommonware_consensus::simplex::actors::voter::actor[0m[2m:[0m [2m446:[0m broadcasting notarization [3mproposal[0m[2m=[0mProposal { round: Round { epoch: Epoch(1), view: View(4) }, parent: View(3), payload: 370fdaf5437fd3cb4c0a1b055073b831be63dda37b457a9f3dfaa6f1ecbde87f }
[2m2025-12-05T21:55:57.913443Z[0m [34mDEBUG[0m [2mcommonware_consensus::simplex::actors::voter::actor[0m[2m:[0m [2m511:[0m broadcasting finalize [3mproposal[0m[2m=[0mProposal { round: Round { epoch: Epoch(1), view: View(4) }, parent: View(3), payload: 370fdaf5437fd3cb4c0a1b055073b831be63dda37b457a9f3dfaa6f1ecbde87f }
[2m2025-12-05T21:55:57.913532Z[0m [34mDEBUG[0m [2msummit_syncer::cache[0m[2m:[0m [2m278:[0m cached [3mround[0m[2m=[0mRound { epoch: Epoch(1), view: View(4) } [3mname[0m[2m=[0m"notarization"
[2m2025-12-05T21:55:57.913890Z[0m [34mDEBUG[0m [2msummit_syncer::cache[0m[2m:[0m [2m278:[0m cached [3mround[0m[2m=[0mRound { epoch: Epoch(1), view: View(4) } [3mname[0m[2m=[0m"notarized"
[2m2025-12-05T21:55:57.914932Z[0m [34mDEBUG[0m [2mcommonware_consensus::simplex::actors::voter::actor[0m[2m:[0m [2m245:[0m requested proposal from automaton [3mround[0m[2m=[0mRound { epoch: Epoch(1), view: View(5) }
[2m2025-12-05T21:55:57.914964Z[0m [34mDEBUG[0m [2msummit_application::actor[0m[2m:[0m [2m151:[0m 48 application: Handling message Propose for round (1, 5) (epoch 1, view 5), parent height: 4
[2m2025-12-05T21:55:57.915044Z[0m [34mDEBUG[0m [2mcommonware_consensus::simplex::actors::voter::round[0m[2m:[0m [2m174:[0m leader elected [3mround[0m[2m=[0mRound { epoch: Epoch(1), view: View(5) } [3mleader[0m[2m=[0m478b8e507e0bb2b18c0f9e0824769e8562d10df9abe2e774896f82b4b4405266 [3mleader_idx[0m[2m=[0m1
[2m2025-12-05T21:55:57.915099Z[0m [34mDEBUG[0m [2mcommonware_consensus::simplex::actors::voter::actor[0m[2m:[0m [2m446:[0m broadcasting notarization [3mproposal[0m[2m=[0mProposal { round: Round { epoch: Epoch(1), view: View(4) }, parent: View(3), payload: 370fdaf5437fd3cb4c0a1b055073b831be63dda37b457a9f3dfaa6f1ecbde87f }
[2m2025-12-05T21:55:57.915693Z[0m [34mDEBUG[0m [2mcommonware_consensus::simplex::actors::voter::actor[0m[2m:[0m [2m511:[0m broadcasting finalize [3mproposal[0m[2m=[0mProposal { round: Round { epoch: Epoch(1), view: View(4) }, parent: View(3), payload: 370fdaf5437fd3cb4c0a1b055073b831be63dda37b457a9f3dfaa6f1ecbde87f }
[2m2025-12-05T21:55:57.915834Z[0m [34mDEBUG[0m [2msummit_syncer::cache[0m[2m:[0m [2m278:[0m cached [3mround[0m[2m=[0mRound { epoch: Epoch(1), view: View(4) } [3mname[0m[2m=[0m"notarization"
[2m2025-12-05T21:55:57.916144Z[0m [34mDEBUG[0m [2msummit_syncer::cache[0m[2m:[0m [2m278:[0m cached [3mround[0m[2m=[0mRound { epoch: Epoch(1), view: View(4) } [3mname[0m[2m=[0m"notarized"
[2m2025-12-05T21:55:57.918551Z[0m [34mDEBUG[0m [2mcommonware_consensus::simplex::actors::voter::actor[0m[2m:[0m [2m387:[0m broadcasting notarize [3mproposal[0m[2m=[0mProposal { round: Round { epoch: Epoch(1), view: View(5) }, parent: View(4), payload: cdfaff86e9b611038c951b81c7ef722767d6e75c16496522a4cdc0d825b9f551 }
[2m2025-12-05T21:55:57.918695Z[0m [32m INFO[0m [2msummit_application::actor[0m[2m:[0m [2m202:[0m 48 Handling message Broadcast
[2m2025-12-05T21:55:57.923545Z[0m [34mDEBUG[0m [2mcommonware_consensus::simplex::actors::voter::actor[0m[2m:[0m [2m545:[0m broadcasting finalization [3mproposal[0m[2m=[0mProposal { round: Round { epoch: Epoch(1), view: View(4) }, parent: View(3), payload: 370fdaf5437fd3cb4c0a1b055073b831be63dda37b457a9f3dfaa6f1ecbde87f }
[2m2025-12-05T21:55:57.924161Z[0m [34mDEBUG[0m [2msummit_syncer::cache[0m[2m:[0m [2m278:[0m cached [3mround[0m[2m=[0mRound { epoch: Epoch(1), view: View(4) } [3mname[0m[2m=[0m"finalization"
[2m2025-12-05T21:55:57.925352Z[0m [34mDEBUG[0m [2mcommonware_consensus::simplex::actors::voter::actor[0m[2m:[0m [2m545:[0m broadcasting finalization [3mproposal[0m[2m=[0mProposal { round: Round { epoch: Epoch(1), view: View(4) }, parent: View(3), payload: 370fdaf5437fd3cb4c0a1b055073b831be63dda37b457a9f3dfaa6f1ecbde87f }
[2m2025-12-05T21:55:57.942661Z[0m [34mDEBUG[0m [2msummit_syncer::actor[0m[2m:[0m [2m454:[0m finalized block stored [3mround[0m[2m=[0mRound { epoch: Epoch(1), view: View(4) } [3mheight[0m[2m=[0m12
[2m2025-12-05T21:55:57.943900Z[0m [32m INFO[0m [2msummit_finalizer::actor[0m[2m:[0m [2m275:[0m Commiting block 0x47dc87fb2727e9f6c310493c1de31119e953657f2ff8b0e5571ef556faddfb27 for height 12
[2m2025-12-05T21:55:57.943938Z[0m [32m INFO[0m [2msummit_finalizer::actor[0m[2m:[0m [2m504:[0m finalized block [3mnew_height[0m[2m=[0m12 [3mself.state.epoch[0m[2m=[0m1
[2m2025-12-05T21:55:57.944335Z[0m [34mDEBUG[0m [2mcommonware_consensus::simplex::actors::voter::actor[0m[2m:[0m [2m387:[0m broadcasting notarize [3mproposal[0m[2m=[0mProposal { round: Round { epoch: Epoch(1), view: View(4) }, parent: View(3), payload: 370fdaf5437fd3cb4c0a1b055073b831be63dda37b457a9f3dfaa6f1ecbde87f }
[2m2025-12-05T21:55:57.945704Z[0m [34mDEBUG[0m [2msummit_syncer::cache[0m[2m:[0m [2m60:[0m pruned archives [3mmin_view[0m[2m=[0m0
[2m2025-12-05T21:55:57.945928Z[0m [34mDEBUG[0m [2mcommonware_consensus::simplex::actors::voter::actor[0m[2m:[0m [2m545:[0m broadcasting finalization [3mproposal[0m[2m=[0mProposal { round: Round { epoch: Epoch(1), view: View(4) }, parent: View(3), payload: 370fdaf5437fd3cb4c0a1b055073b831be63dda37b457a9f3dfaa6f1ecbde87f }
[2m2025-12-05T21:55:57.946226Z[0m [34mDEBUG[0m [2msummit_syncer::cache[0m[2m:[0m [2m278:[0m cached [3mround[0m[2m=[0mRound { epoch: Epoch(1), view: View(4) } [3mname[0m[2m=[0m"finalization"
[2m2025-12-05T21:55:57.946590Z[0m [34mDEBUG[0m [2mcommonware_consensus::simplex::actors::voter::actor[0m[2m:[0m [2m511:[0m broadcasting finalize [3mproposal[0m[2m=[0mProposal { round: Round { epoch: Epoch(1), view: View(4) }, parent: View(3), payload: 370fdaf5437fd3cb4c0a1b055073b831be63dda37b457a9f3dfaa6f1ecbde87f }
[2m2025-12-05T21:55:57.967102Z[0m [34mDEBUG[0m [2msummit_syncer::actor[0m[2m:[0m [2m454:[0m finalized block stored [3mround[0m[2m=[0mRound { epoch: Epoch(1), view: View(4) } [3mheight[0m[2m=[0m12
[2m2025-12-05T21:55:57.967493Z[0m [34mDEBUG[0m [2msummit_syncer::cache[0m[2m:[0m [2m278:[0m cached [3mround[0m[2m=[0mRound { epoch: Epoch(1), view: View(4) } [3mname[0m[2m=[0m"finalization"
[2m2025-12-05T21:55:57.967556Z[0m [32m INFO[0m [2msummit_finalizer::actor[0m[2m:[0m [2m275:[0m Commiting block 0x47dc87fb2727e9f6c310493c1de31119e953657f2ff8b0e5571ef556faddfb27 for height 12
[2m2025-12-05T21:55:57.967587Z[0m [32m INFO[0m [2msummit_finalizer::actor[0m[2m:[0m [2m504:[0m finalized block [3mnew_height[0m[2m=[0m12 [3mself.state.epoch[0m[2m=[0m1
[2m2025-12-05T21:55:57.967756Z[0m [34mDEBUG[0m [2mcommonware_consensus::simplex::actors::voter::actor[0m[2m:[0m [2m545:[0m broadcasting finalization [3mproposal[0m[2m=[0mProposal { round: Round { epoch: Epoch(1), view: View(4) }, parent: View(3), payload: 370fdaf5437fd3cb4c0a1b055073b831be63dda37b457a9f3dfaa6f1ecbde87f }
[2m2025-12-05T21:55:57.967989Z[0m [34mDEBUG[0m [2msummit_syncer::cache[0m[2m:[0m [2m60:[0m pruned archives [3mmin_view[0m[2m=[0m0
[2m2025-12-05T21:55:57.985663Z[0m [34mDEBUG[0m [2msummit_syncer::actor[0m[2m:[0m [2m454:[0m finalized block stored [3mround[0m[2m=[0mRound { epoch: Epoch(1), view: View(4) } [3mheight[0m[2m=[0m12
[2m2025-12-05T21:55:57.985839Z[0m [32m INFO[0m [2msummit_finalizer::actor[0m[2m:[0m [2m275:[0m Commiting block 0x47dc87fb2727e9f6c310493c1de31119e953657f2ff8b0e5571ef556faddfb27 for height 12
[2m2025-12-05T21:55:57.985873Z[0m [32m INFO[0m [2msummit_finalizer::actor[0m[2m:[0m [2m504:[0m finalized block [3mnew_height[0m[2m=[0m12 [3mself.state.epoch[0m[2m=[0m1
[2m2025-12-05T21:55:57.986171Z[0m [34mDEBUG[0m [2msummit_syncer::cache[0m[2m:[0m [2m278:[0m cached [3mround[0m[2m=[0mRound { epoch: Epoch(1), view: View(4) } [3mname[0m[2m=[0m"finalization"
[2m2025-12-05T21:55:57.986369Z[0m [34mDEBUG[0m [2msummit_syncer::cache[0m[2m:[0m [2m60:[0m pruned archives [3mmin_view[0m[2m=[0m0
[2m2025-12-05T21:55:57.986549Z[0m [34mDEBUG[0m [2msummit_syncer::actor[0m[2m:[0m [2m457:[0m finalized block missing [3mround[0m[2m=[0mRound { epoch: Epoch(1), view: View(4) } [3mcommitment[0m[2m=[0m370fdaf5437fd3cb4c0a1b055073b831be63dda37b457a9f3dfaa6f1ecbde87f
[2m2025-12-05T21:55:57.987913Z[0m [34mDEBUG[0m [2mcommonware_consensus::simplex::actors::voter::actor[0m[2m:[0m [2m545:[0m broadcasting finalization [3mproposal[0m[2m=[0mProposal { round: Round { epoch: Epoch(1), view: View(4) }, parent: View(3), payload: 370fdaf5437fd3cb4c0a1b055073b831be63dda37b457a9f3dfaa6f1ecbde87f }
[2m2025-12-05T21:55:57.988237Z[0m [34mDEBUG[0m [2msummit_syncer::cache[0m[2m:[0m [2m278:[0m cached [3mround[0m[2m=[0mRound { epoch: Epoch(1), view: View(4) } [3mname[0m[2m=[0m"finalization"
[2m2025-12-05T21:55:58.006113Z[0m [34mDEBUG[0m [2msummit_syncer::actor[0m[2m:[0m [2m454:[0m finalized block stored [3mround[0m[2m=[0mRound { epoch: Epoch(1), view: View(4) } [3mheight[0m[2m=[0m12
[2m2025-12-05T21:55:58.006232Z[0m [32m INFO[0m [2msummit_finalizer::actor[0m[2m:[0m [2m275:[0m Commiting block 0x47dc87fb2727e9f6c310493c1de31119e953657f2ff8b0e5571ef556faddfb27 for height 12
[2m2025-12-05T21:55:58.006266Z[0m [32m INFO[0m [2msummit_finalizer::actor[0m[2m:[0m [2m504:[0m finalized block [3mnew_height[0m[2m=[0m12 [3mself.state.epoch[0m[2m=[0m1
[2m2025-12-05T21:55:58.006490Z[0m [34mDEBUG[0m [2msummit_syncer::cache[0m[2m:[0m [2m60:[0m pruned archives [3mmin_view[0m[2m=[0m0
[2m2025-12-05T21:55:58.007806Z[0m [34mDEBUG[0m [2mcommonware_consensus::simplex::actors::voter::actor[0m[2m:[0m [2m255:[0m requested proposal verification [3mproposal[0m[2m=[0mProposal { round: Round { epoch: Epoch(1), view: View(5) }, parent: View(4), payload: cdfaff86e9b611038c951b81c7ef722767d6e75c16496522a4cdc0d825b9f551 }
[2m2025-12-05T21:55:58.007860Z[0m [34mDEBUG[0m [2msummit_application::actor[0m[2m:[0m [2m225:[0m 125 application: Handling message Verify for round (1, 5) (epoch 1, view 5), parent height: 4
[2m2025-12-05T21:55:58.008044Z[0m [34mDEBUG[0m [2msummit_syncer::actor[0m[2m:[0m [2m519:[0m requested block missing [3mround[0m[2m=[0mRound { epoch: Epoch(1), view: View(4) } [3mcommitment[0m[2m=[0m370fdaf5437fd3cb4c0a1b055073b831be63dda37b457a9f3dfaa6f1ecbde87f
[2m2025-12-05T21:55:58.008057Z[0m [34mDEBUG[0m [2msummit_syncer::actor[0m[2m:[0m [2m524:[0m registering subscriber [3mround[0m[2m=[0mSome(Round { epoch: Epoch(1), view: View(4) }) [3mcommitment[0m[2m=[0m370fdaf5437fd3cb4c0a1b055073b831be63dda37b457a9f3dfaa6f1ecbde87f
[2m2025-12-05T21:55:58.008246Z[0m [34mDEBUG[0m [2msummit_syncer::actor[0m[2m:[0m [2m519:[0m requested block missing [3mround[0m[2m=[0mRound { epoch: Epoch(1), view: View(5) } [3mcommitment[0m[2m=[0mcdfaff86e9b611038c951b81c7ef722767d6e75c16496522a4cdc0d825b9f551
[2m2025-12-05T21:55:58.008259Z[0m [34mDEBUG[0m [2msummit_syncer::actor[0m[2m:[0m [2m524:[0m registering subscriber [3mround[0m[2m=[0mSome(Round { epoch: Epoch(1), view: View(5) }) [3mcommitment[0m[2m=[0mcdfaff86e9b611038c951b81c7ef722767d6e75c16496522a4cdc0d825b9f551
[2m2025-12-05T21:55:58.010109Z[0m [34mDEBUG[0m [2mcommonware_consensus::simplex::actors::voter::actor[0m[2m:[0m [2m255:[0m requested proposal verification [3mproposal[0m[2m=[0mProposal { round: Round { epoch: Epoch(1), view: View(5) }, parent: View(4), payload: cdfaff86e9b611038c951b81c7ef722767d6e75c16496522a4cdc0d825b9f551 }
[2m2025-12-05T21:55:58.010146Z[0m [34mDEBUG[0m [2msummit_application::actor[0m[2m:[0m [2m225:[0m 65 application: Handling message Verify for round (1, 5) (epoch 1, view 5), parent height: 4
[2m2025-12-05T21:55:58.011197Z[0m [34mDEBUG[0m [2mcommonware_consensus::simplex::actors::voter::actor[0m[2m:[0m [2m255:[0m requested proposal verification [3mproposal[0m[2m=[0mProposal { round: Round { epoch: Epoch(1), view: View(5) }, parent: View(4), payload: cdfaff86e9b611038c951b81c7ef722767d6e75c16496522a4cdc0d825b9f551 }
[2m2025-12-05T21:55:58.011685Z[0m [34mDEBUG[0m [2msummit_application::actor[0m[2m:[0m [2m225:[0m 155 application: Handling message Verify for round (1, 5) (epoch 1, view 5), parent height: 4
[2m2025-12-05T21:55:58.013046Z[0m [34mDEBUG[0m [2mcommonware_consensus::simplex::actors::voter::actor[0m[2m:[0m [2m255:[0m requested proposal verification [3mproposal[0m[2m=[0mProposal { round: Round { epoch: Epoch(1), view: View(5) }, parent: View(4), payload: cdfaff86e9b611038c951b81c7ef722767d6e75c16496522a4cdc0d825b9f551 }
[2m2025-12-05T21:55:58.013120Z[0m [34mDEBUG[0m [2msummit_application::actor[0m[2m:[0m [2m225:[0m 140 application: Handling message Verify for round (1, 5) (epoch 1, view 5), parent height: 4
[2m2025-12-05T21:55:58.013582Z[0m [34mDEBUG[0m [2mcommonware_consensus::simplex::actors::voter::actor[0m[2m:[0m [2m387:[0m broadcasting notarize [3mproposal[0m[2m=[0mProposal { round: Round { epoch: Epoch(1), view: View(5) }, parent: View(4), payload: cdfaff86e9b611038c951b81c7ef722767d6e75c16496522a4cdc0d825b9f551 }
[2m2025-12-05T21:55:58.013758Z[0m [34mDEBUG[0m [2msummit_syncer::cache[0m[2m:[0m [2m278:[0m cached [3mround[0m[2m=[0mRound { epoch: Epoch(1), view: View(5) } [3mname[0m[2m=[0m"verified"
[2m2025-12-05T21:55:58.014313Z[0m [34mDEBUG[0m [2mcommonware_consensus::simplex::actors::voter::actor[0m[2m:[0m [2m387:[0m broadcasting notarize [3mproposal[0m[2m=[0mProposal { round: Round { epoch: Epoch(1), view: View(5) }, parent: View(4), payload: cdfaff86e9b611038c951b81c7ef722767d6e75c16496522a4cdc0d825b9f551 }
[2m2025-12-05T21:55:58.014611Z[0m [34mDEBUG[0m [2msummit_syncer::cache[0m[2m:[0m [2m278:[0m cached [3mround[0m[2m=[0mRound { epoch: Epoch(1), view: View(5) } [3mname[0m[2m=[0m"verified"
[2m2025-12-05T21:55:58.015270Z[0m [34mDEBUG[0m [2mcommonware_consensus::simplex::actors::voter::actor[0m[2m:[0m [2m387:[0m broadcasting notarize [3mproposal[0m[2m=[0mProposal { round: Round { epoch: Epoch(1), view: View(5) }, parent: View(4), payload: cdfaff86e9b611038c951b81c7ef722767d6e75c16496522a4cdc0d825b9f551 }
[2m2025-12-05T21:55:58.015423Z[0m [34mDEBUG[0m [2msummit_syncer::cache[0m[2m:[0m [2m278:[0m cached [3mround[0m[2m=[0mRound { epoch: Epoch(1), view: View(5) } [3mname[0m[2m=[0m"verified"
[2m2025-12-05T21:55:58.023053Z[0m [34mDEBUG[0m [2msummit_syncer::actor[0m[2m:[0m [2m617:[0m notarization missing on request [3mround[0m[2m=[0mRound { epoch: Epoch(1), view: View(5) }
[2m2025-12-05T21:55:58.023087Z[0m [34mDEBUG[0m [2mcommonware_resolver::p2p::engine[0m[2m:[0m [2m291:[0m serve failed [3merr[0m[2m=[0mCanceled [3mpeer[0m[2m=[0medd0f6de342a1e6a7236d6244f23d83eedfcecd059a386c85055701498e77033 [3mid[0m[2m=[0m10
[2m2025-12-05T21:55:58.024415Z[0m [34mDEBUG[0m [2mcommonware_consensus::simplex::actors::voter::round[0m[2m:[0m [2m174:[0m leader elected [3mround[0m[2m=[0mRound { epoch: Epoch(1), view: View(6) } [3mleader[0m[2m=[0m5925ba86e2189444a6c3b437b25d2ef35daecd1abf82c5fb36060f9fc0af428c [3mleader_idx[0m[2m=[0m2
[2m2025-12-05T21:55:58.024475Z[0m [34mDEBUG[0m [2mcommonware_consensus::simplex::actors::voter::actor[0m[2m:[0m [2m446:[0m broadcasting notarization [3mproposal[0m[2m=[0mProposal { round: Round { epoch: Epoch(1), view: View(5) }, parent: View(4), payload: cdfaff86e9b611038c951b81c7ef722767d6e75c16496522a4cdc0d825b9f551 }
[2m2025-12-05T21:55:58.025187Z[0m [34mDEBUG[0m [2mcommonware_consensus::simplex::actors::voter::actor[0m[2m:[0m [2m511:[0m broadcasting finalize [3mproposal[0m[2m=[0mProposal { round: Round { epoch: Epoch(1), view: View(5) }, parent: View(4), payload: cdfaff86e9b611038c951b81c7ef722767d6e75c16496522a4cdc0d825b9f551 }
[2m2025-12-05T21:55:58.025436Z[0m [34mDEBUG[0m [2msummit_syncer::cache[0m[2m:[0m [2m278:[0m cached [3mround[0m[2m=[0mRound { epoch: Epoch(1), view: View(5) } [3mname[0m[2m=[0m"notarization"
[2m2025-12-05T21:55:58.026608Z[0m [34mDEBUG[0m [2msummit_syncer::cache[0m[2m:[0m [2m278:[0m cached [3mround[0m[2m=[0mRound { epoch: Epoch(1), view: View(5) } [3mname[0m[2m=[0m"notarized"
[2m2025-12-05T21:55:58.026689Z[0m [34mDEBUG[0m [2mcommonware_consensus::simplex::actors::voter::round[0m[2m:[0m [2m174:[0m leader elected [3mround[0m[2m=[0mRound { epoch: Epoch(1), view: View(6) } [3mleader[0m[2m=[0m5925ba86e2189444a6c3b437b25d2ef35daecd1abf82c5fb36060f9fc0af428c [3mleader_idx[0m[2m=[0m2
[2m2025-12-05T21:55:58.026744Z[0m [34mDEBUG[0m [2mcommonware_consensus::simplex::actors::voter::actor[0m[2m:[0m [2m446:[0m broadcasting notarization [3mproposal[0m[2m=[0mProposal { round: Round { epoch: Epoch(1), view: View(5) }, parent: View(4), payload: cdfaff86e9b611038c951b81c7ef722767d6e75c16496522a4cdc0d825b9f551 }
[2m2025-12-05T21:55:58.027360Z[0m [34mDEBUG[0m [2mcommonware_consensus::simplex::actors::voter::actor[0m[2m:[0m [2m511:[0m broadcasting finalize [3mproposal[0m[2m=[0mProposal { round: Round { epoch: Epoch(1), view: View(5) }, parent: View(4), payload: cdfaff86e9b611038c951b81c7ef722767d6e75c16496522a4cdc0d825b9f551 }
[2m2025-12-05T21:55:58.027581Z[0m [34mDEBUG[0m [2msummit_syncer::cache[0m[2m:[0m [2m278:[0m cached [3mround[0m[2m=[0mRound { epoch: Epoch(1), view: View(5) } [3mname[0m[2m=[0m"notarization"
[2m2025-12-05T21:55:58.027868Z[0m [34mDEBUG[0m [2msummit_syncer::cache[0m[2m:[0m [2m278:[0m cached [3mround[0m[2m=[0mRound { epoch: Epoch(1), view: View(5) } [3mname[0m[2m=[0m"notarized"
[2m2025-12-05T21:55:58.029050Z[0m [34mDEBUG[0m [2mcommonware_consensus::simplex::actors::voter::round[0m[2m:[0m [2m174:[0m leader elected [3mround[0m[2m=[0mRound { epoch: Epoch(1), view: View(6) } [3mleader[0m[2m=[0m5925ba86e2189444a6c3b437b25d2ef35daecd1abf82c5fb36060f9fc0af428c [3mleader_idx[0m[2m=[0m2
[2m2025-12-05T21:55:58.029117Z[0m [34mDEBUG[0m [2mcommonware_consensus::simplex::actors::voter::actor[0m[2m:[0m [2m446:[0m broadcasting notarization [3mproposal[0m[2m=[0mProposal { round: Round { epoch: Epoch(1), view: View(5) }, parent: View(4), payload: cdfaff86e9b611038c951b81c7ef722767d6e75c16496522a4cdc0d825b9f551 }
[2m2025-12-05T21:55:58.030417Z[0m [34mDEBUG[0m [2mcommonware_consensus::simplex::actors::voter::round[0m[2m:[0m [2m174:[0m leader elected [3mround[0m[2m=[0mRound { epoch: Epoch(1), view: View(6) } [3mleader[0m[2m=[0m5925ba86e2189444a6c3b437b25d2ef35daecd1abf82c5fb36060f9fc0af428c [3mleader_idx[0m[2m=[0m2
[2m2025-12-05T21:55:58.030481Z[0m [34mDEBUG[0m [2mcommonware_consensus::simplex::actors::voter::actor[0m[2m:[0m [2m446:[0m broadcasting notarization [3mproposal[0m[2m=[0mProposal { round: Round { epoch: Epoch(1), view: View(5) }, parent: View(4), payload: cdfaff86e9b611038c951b81c7ef722767d6e75c16496522a4cdc0d825b9f551 }
[2m2025-12-05T21:55:58.031845Z[0m [34mDEBUG[0m [2mcommonware_consensus::simplex::actors::voter::actor[0m[2m:[0m [2m511:[0m broadcasting finalize [3mproposal[0m[2m=[0mProposal { round: Round { epoch: Epoch(1), view: View(5) }, parent: View(4), payload: cdfaff86e9b611038c951b81c7ef722767d6e75c16496522a4cdc0d825b9f551 }
[2m2025-12-05T21:55:58.031977Z[0m [34mDEBUG[0m [2msummit_syncer::cache[0m[2m:[0m [2m278:[0m cached [3mround[0m[2m=[0mRound { epoch: Epoch(1), view: View(5) } [3mname[0m[2m=[0m"notarization"
[2m2025-12-05T21:55:58.032291Z[0m [34mDEBUG[0m [2mcommonware_consensus::simplex::actors::voter::round[0m[2m:[0m [2m174:[0m leader elected [3mround[0m[2m=[0mRound { epoch: Epoch(1), view: View(6) } [3mleader[0m[2m=[0m5925ba86e2189444a6c3b437b25d2ef35daecd1abf82c5fb36060f9fc0af428c [3mleader_idx[0m[2m=[0m2
[2m2025-12-05T21:55:58.032348Z[0m [34mDEBUG[0m [2mcommonware_consensus::simplex::actors::voter::actor[0m[2m:[0m [2m446:[0m broadcasting notarization [3mproposal[0m[2m=[0mProposal { round: Round { epoch: Epoch(1), view: View(5) }, parent: View(4), payload: cdfaff86e9b611038c951b81c7ef722767d6e75c16496522a4cdc0d825b9f551 }
[2m2025-12-05T21:55:58.032574Z[0m [34mDEBUG[0m [2msummit_syncer::cache[0m[2m:[0m [2m278:[0m cached [3mround[0m[2m=[0mRound { epoch: Epoch(1), view: View(5) } [3mname[0m[2m=[0m"notarization"
[2m2025-12-05T21:55:58.032682Z[0m [34mDEBUG[0m [2msummit_syncer::cache[0m[2m:[0m [2m278:[0m cached [3mround[0m[2m=[0mRound { epoch: Epoch(1), view: View(5) } [3mname[0m[2m=[0m"notarized"
[2m2025-12-05T21:55:58.033290Z[0m [34mDEBUG[0m [2mcommonware_consensus::simplex::actors::voter::actor[0m[2m:[0m [2m511:[0m broadcasting finalize [3mproposal[0m[2m=[0mProposal { round: Round { epoch: Epoch(1), view: View(5) }, parent: View(4), payload: cdfaff86e9b611038c951b81c7ef722767d6e75c16496522a4cdc0d825b9f551 }
[2m2025-12-05T21:55:58.033423Z[0m [34mDEBUG[0m [2msummit_syncer::cache[0m[2m:[0m [2m278:[0m cached [3mround[0m[2m=[0mRound { epoch: Epoch(1), view: View(5) } [3mname[0m[2m=[0m"notarization"
[2m2025-12-05T21:55:58.033474Z[0m [33m WARN[0m [2msummit_application::actor[0m[2m:[0m [2m284:[0m verify aborted for round (1, 5)
[2m2025-12-05T21:55:58.033589Z[0m [34mDEBUG[0m [2msummit_syncer::cache[0m[2m:[0m [2m278:[0m cached [3mround[0m[2m=[0mRound { epoch: Epoch(1), view: View(5) } [3mname[0m[2m=[0m"notarized"
[2m2025-12-05T21:55:58.033862Z[0m [34mDEBUG[0m [2msummit_syncer::cache[0m[2m:[0m [2m278:[0m cached [3mround[0m[2m=[0mRound { epoch: Epoch(1), view: View(5) } [3mname[0m[2m=[0m"notarized"
[2m2025-12-05T21:55:58.033936Z[0m [34mDEBUG[0m [2mcommonware_consensus::simplex::actors::voter::actor[0m[2m:[0m [2m245:[0m requested proposal from automaton [3mround[0m[2m=[0mRound { epoch: Epoch(1), view: View(6) }
[2m2025-12-05T21:55:58.033969Z[0m [34mDEBUG[0m [2msummit_application::actor[0m[2m:[0m [2m151:[0m 140 application: Handling message Propose for round (1, 6) (epoch 1, view 6), parent height: 5
[2m2025-12-05T21:55:58.052394Z[0m [34mDEBUG[0m [2msummit_syncer::actor[0m[2m:[0m [2m660:[0m received block [3mcommitment[0m[2m=[0m370fdaf5437fd3cb4c0a1b055073b831be63dda37b457a9f3dfaa6f1ecbde87f [3mheight[0m[2m=[0m12
[2m2025-12-05T21:55:58.052573Z[0m [32m INFO[0m [2msummit_finalizer::actor[0m[2m:[0m [2m275:[0m Commiting block 0x47dc87fb2727e9f6c310493c1de31119e953657f2ff8b0e5571ef556faddfb27 for height 12
[2m2025-12-05T21:55:58.052617Z[0m [32m INFO[0m [2msummit_finalizer::actor[0m[2m:[0m [2m504:[0m finalized block [3mnew_height[0m[2m=[0m12 [3mself.state.epoch[0m[2m=[0m1
[2m2025-12-05T21:55:58.052845Z[0m [34mDEBUG[0m [2msummit_syncer::cache[0m[2m:[0m [2m60:[0m pruned archives [3mmin_view[0m[2m=[0m0
test tests::test_20_blocks_and_verify ... ok

test result: ok. 1 passed; 0 failed; 0 ignored; 0 measured; 22 filtered out; finished in 4.01s


running 0 tests

test result: ok. 0 passed; 0 failed; 0 ignored; 0 measured; 0 filtered out; finished in 0.00s


running 0 tests

test result: ok. 0 passed; 0 failed; 0 ignored; 0 measured; 0 filtered out; finished in 0.00s


running 0 tests

test result: ok. 0 passed; 0 failed; 0 ignored; 0 measured; 0 filtered out; finished in 0.00s


running 0 tests

test result: ok. 0 passed; 0 failed; 0 ignored; 0 measured; 0 filtered out; finished in 0.00s


running 0 tests

test result: ok. 0 passed; 0 failed; 0 ignored; 0 measured; 4 filtered out; finished in 0.00s


running 0 tests

test result: ok. 0 passed; 0 failed; 0 ignored; 0 measured; 0 filtered out; finished in 0.00s


running 0 tests

test result: ok. 0 passed; 0 failed; 0 ignored; 0 measured; 0 filtered out; finished in 0.00s


running 0 tests

test result: ok. 0 passed; 0 failed; 0 ignored; 0 measured; 11 filtered out; finished in 0.00s


running 0 tests

test result: ok. 0 passed; 0 failed; 0 ignored; 0 measured; 54 filtered out; finished in 0.00s

